conversation_num,treatmentName,punishmentCost,punishmentMagnitude,total_costs,total_penalties,total_rewards,multiplier,punishmentExists,rewardExists,playerCount,numRounds,message,timestamp,speaker_nickname,score
MnarujjeewXn9m7sz,4_T,3.0,9.0,1419,27,4230,5.6,True,True,6,15,,0,NULL_SPEAKER,1.2586309523809525
u5ha44udM2BMXBZnj,1_C,2.0,4.0,3280,0,6560,4.6,False,True,6,35,,0,NULL_SPEAKER,1.1433747412008282
gSojrSFyc4ASdFmCt,8_C,2.0,7.0,0,0,0,1.0,False,False,3,10,,0,NULL_SPEAKER,1.0033333333333334
vEWvuFNWzMJuyGdrH,0_T,3.0,9.0,0,0,0,1.3,True,False,2,20,"Nice, If we contribute all of our coins each time, we will get the most payout.",1677262097074,L5Sy83kBiyXoDhg6D,1.0
vEWvuFNWzMJuyGdrH,0_T,3.0,9.0,0,0,0,1.3,True,False,2,20,Sounds good.,1677262112288,zn7zNZvgQjhN4Qsty,1.0
CgLiTN2jqAdKetEW4,3_T,4.0,13.0,4,13,0,4.0,True,False,4,45,,0,NULL_SPEAKER,0.9967361111111112
Rvu6PirXKhM3e2QNy,9_T,3.0,4.0,15,20,0,6.2,True,True,7,45,lets maximize bonus by adding 20 each round,1677262432045,hu6NsCTMTZjCaYn7W,0.9930875576036866
Rvu6PirXKhM3e2QNy,9_T,3.0,4.0,15,20,0,6.2,True,True,7,45,Agreed,1677262447560,6ujvPbtmpp5Rk4Yn4,0.9930875576036866
Rvu6PirXKhM3e2QNy,9_T,3.0,4.0,15,20,0,6.2,True,True,7,45,I agree.,1677262355673,LiP2Tz788dPrJL9X7,0.9930875576036866
Rvu6PirXKhM3e2QNy,9_T,3.0,4.0,15,20,0,6.2,True,True,7,45,agree,1677262456043,33AmrszcNBofe6kQK,0.9930875576036866
Rvu6PirXKhM3e2QNy,9_T,3.0,4.0,15,20,0,6.2,True,True,7,45,im 20 all day,1677262468089,hu6NsCTMTZjCaYn7W,0.9930875576036866
Rvu6PirXKhM3e2QNy,9_T,3.0,4.0,15,20,0,6.2,True,True,7,45,come on moose,1677262475200,hu6NsCTMTZjCaYn7W,0.9930875576036866
Rvu6PirXKhM3e2QNy,9_T,3.0,4.0,15,20,0,6.2,True,True,7,45,thank you very much,1677262612240,hu6NsCTMTZjCaYn7W,0.9930875576036866
Rvu6PirXKhM3e2QNy,9_T,3.0,4.0,15,20,0,6.2,True,True,7,45,sorry,1677262886144,33AmrszcNBofe6kQK,0.9930875576036866
ufttuN8GvJi76BD9G,5_C,1.0,2.0,0,0,0,2.4,False,False,10,40,hey hey,1677262156018,bNSP6hWcwcFADoWmP,0.9626041666666667
ufttuN8GvJi76BD9G,5_C,1.0,2.0,0,0,0,2.4,False,False,10,40,yo,1677262158730,YWAy95YfuHXsKtQzf,0.9626041666666667
ufttuN8GvJi76BD9G,5_C,1.0,2.0,0,0,0,2.4,False,False,10,40,hey gang,1677262160086,DXnnTAjxLe6pEwPsA,0.9626041666666667
ufttuN8GvJi76BD9G,5_C,1.0,2.0,0,0,0,2.4,False,False,10,40,hi,1677262165918,GpbjDzxJS2opK8F8r,0.9626041666666667
ufttuN8GvJi76BD9G,5_C,1.0,2.0,0,0,0,2.4,False,False,10,40,hi,1677262169954,zs4ePmS88BJhQ2MKH,0.9626041666666667
ufttuN8GvJi76BD9G,5_C,1.0,2.0,0,0,0,2.4,False,False,10,40,hi,1677262164636,xnMSaWX3DHBEwTFEx,0.9626041666666667
ufttuN8GvJi76BD9G,5_C,1.0,2.0,0,0,0,2.4,False,False,10,40,hey,1677262176743,wjwKAzezsvKEKzoZC,0.9626041666666667
ufttuN8GvJi76BD9G,5_C,1.0,2.0,0,0,0,2.4,False,False,10,40,lets all submit max so we get the max payout,1677262187832,wjwKAzezsvKEKzoZC,0.9626041666666667
ufttuN8GvJi76BD9G,5_C,1.0,2.0,0,0,0,2.4,False,False,10,40,"If everybody's generous, we all get paid more, no reason not to go all in :D",1677262197051,DXnnTAjxLe6pEwPsA,0.9626041666666667
ufttuN8GvJi76BD9G,5_C,1.0,2.0,0,0,0,2.4,False,False,10,40,exactly,1677262204077,bNSP6hWcwcFADoWmP,0.9626041666666667
ufttuN8GvJi76BD9G,5_C,1.0,2.0,0,0,0,2.4,False,False,10,40,so do 20 lol,1677262212369,bNSP6hWcwcFADoWmP,0.9626041666666667
ufttuN8GvJi76BD9G,5_C,1.0,2.0,0,0,0,2.4,False,False,10,40,im going all in the first few rounds if everyone follows it will be great,1677262214235,YWAy95YfuHXsKtQzf,0.9626041666666667
ufttuN8GvJi76BD9G,5_C,1.0,2.0,0,0,0,2.4,False,False,10,40,me too,1677262213881,wjwKAzezsvKEKzoZC,0.9626041666666667
ufttuN8GvJi76BD9G,5_C,1.0,2.0,0,0,0,2.4,False,False,10,40,I will do 20 this round and see if others do as well,1677262222200,zs4ePmS88BJhQ2MKH,0.9626041666666667
ufttuN8GvJi76BD9G,5_C,1.0,2.0,0,0,0,2.4,False,False,10,40,or I guess next round,1677262239605,zs4ePmS88BJhQ2MKH,0.9626041666666667
ufttuN8GvJi76BD9G,5_C,1.0,2.0,0,0,0,2.4,False,False,10,40,putting in 20,1677262252379,YWAy95YfuHXsKtQzf,0.9626041666666667
ufttuN8GvJi76BD9G,5_C,1.0,2.0,0,0,0,2.4,False,False,10,40,could always establish an agreement if someone gets greedy to where we decrease what we all give,1677262262670,bNSP6hWcwcFADoWmP,0.9626041666666667
ufttuN8GvJi76BD9G,5_C,1.0,2.0,0,0,0,2.4,False,False,10,40,20,1677262261651,qYy9r8RHZprsHtqrz,0.9626041666666667
ufttuN8GvJi76BD9G,5_C,1.0,2.0,0,0,0,2.4,False,False,10,40,lol and 6 zeros,1677262276485,bNSP6hWcwcFADoWmP,0.9626041666666667
ufttuN8GvJi76BD9G,5_C,1.0,2.0,0,0,0,2.4,False,False,10,40,greedy animals!,1677262275667,wjwKAzezsvKEKzoZC,0.9626041666666667
ufttuN8GvJi76BD9G,5_C,1.0,2.0,0,0,0,2.4,False,False,10,40,"come on guys, we're gonna give less at that rate",1677262285702,bNSP6hWcwcFADoWmP,0.9626041666666667
ufttuN8GvJi76BD9G,5_C,1.0,2.0,0,0,0,2.4,False,False,10,40,well thats it boys,1677262286508,YWAy95YfuHXsKtQzf,0.9626041666666667
ufttuN8GvJi76BD9G,5_C,1.0,2.0,0,0,0,2.4,False,False,10,40,im done,1677262287898,YWAy95YfuHXsKtQzf,0.9626041666666667
ufttuN8GvJi76BD9G,5_C,1.0,2.0,0,0,0,2.4,False,False,10,40,and then you're just hurting yourself and everyone else,1677262292731,bNSP6hWcwcFADoWmP,0.9626041666666667
ufttuN8GvJi76BD9G,5_C,1.0,2.0,0,0,0,2.4,False,False,10,40,no money here on out,1677262292794,YWAy95YfuHXsKtQzf,0.9626041666666667
ufttuN8GvJi76BD9G,5_C,1.0,2.0,0,0,0,2.4,False,False,10,40,me too,1677262288120,wjwKAzezsvKEKzoZC,0.9626041666666667
ufttuN8GvJi76BD9G,5_C,1.0,2.0,0,0,0,2.4,False,False,10,40,same,1677262300594,zs4ePmS88BJhQ2MKH,0.9626041666666667
ufttuN8GvJi76BD9G,5_C,1.0,2.0,0,0,0,2.4,False,False,10,40,still beneficial to donate 20 until we get less than 20 in return,1677262309686,qYy9r8RHZprsHtqrz,0.9626041666666667
ufttuN8GvJi76BD9G,5_C,1.0,2.0,0,0,0,2.4,False,False,10,40,can't believe some don't understand the concept of all of us going all in,1677262327632,wjwKAzezsvKEKzoZC,0.9626041666666667
ufttuN8GvJi76BD9G,5_C,1.0,2.0,0,0,0,2.4,False,False,10,40,I didn't actually have the option right now to put in any,1677262346027,zs4ePmS88BJhQ2MKH,0.9626041666666667
ufttuN8GvJi76BD9G,5_C,1.0,2.0,0,0,0,2.4,False,False,10,40,"If we stop contributing they won't earn anything, maybe they'll learn the lesson",1677262351529,DXnnTAjxLe6pEwPsA,0.9626041666666667
ufttuN8GvJi76BD9G,5_C,1.0,2.0,0,0,0,2.4,False,False,10,40,I put in 20,1677262360532,ur2LEhyK8LP5xq7C4,0.9626041666666667
ufttuN8GvJi76BD9G,5_C,1.0,2.0,0,0,0,2.4,False,False,10,40,showed you put 0,1677262369598,bNSP6hWcwcFADoWmP,0.9626041666666667
ufttuN8GvJi76BD9G,5_C,1.0,2.0,0,0,0,2.4,False,False,10,40,20,1677262370571,qYy9r8RHZprsHtqrz,0.9626041666666667
ufttuN8GvJi76BD9G,5_C,1.0,2.0,0,0,0,2.4,False,False,10,40,I put in 20 this time,1677262383196,zs4ePmS88BJhQ2MKH,0.9626041666666667
ufttuN8GvJi76BD9G,5_C,1.0,2.0,0,0,0,2.4,False,False,10,40,ill do 20 in agian final time tho,1677262377790,wjwKAzezsvKEKzoZC,0.9626041666666667
ufttuN8GvJi76BD9G,5_C,1.0,2.0,0,0,0,2.4,False,False,10,40,really?,1677262385699,ur2LEhyK8LP5xq7C4,0.9626041666666667
ufttuN8GvJi76BD9G,5_C,1.0,2.0,0,0,0,2.4,False,False,10,40,"i'll do 20 but next round if we have 0s, i'm lowering to 10 and then if still 0s, then i'll do 5",1677262389717,bNSP6hWcwcFADoWmP,0.9626041666666667
ufttuN8GvJi76BD9G,5_C,1.0,2.0,0,0,0,2.4,False,False,10,40,"I did 20 the first two rounds, I'm staying 0 unless a majority of the group starts contributing",1677262396125,DXnnTAjxLe6pEwPsA,0.9626041666666667
ufttuN8GvJi76BD9G,5_C,1.0,2.0,0,0,0,2.4,False,False,10,40,for real last time im doing 20,1677262396875,YWAy95YfuHXsKtQzf,0.9626041666666667
ufttuN8GvJi76BD9G,5_C,1.0,2.0,0,0,0,2.4,False,False,10,40,"anything after that, 0 until the normal 0s start giving",1677262398196,bNSP6hWcwcFADoWmP,0.9626041666666667
ufttuN8GvJi76BD9G,5_C,1.0,2.0,0,0,0,2.4,False,False,10,40,3/9 isn't enough,1677262399016,DXnnTAjxLe6pEwPsA,0.9626041666666667
ufttuN8GvJi76BD9G,5_C,1.0,2.0,0,0,0,2.4,False,False,10,40,hey much better,1677262413756,DXnnTAjxLe6pEwPsA,0.9626041666666667
ufttuN8GvJi76BD9G,5_C,1.0,2.0,0,0,0,2.4,False,False,10,40,"make sure the coins go down, into the bowl.",1677262415324,xnMSaWX3DHBEwTFEx,0.9626041666666667
ufttuN8GvJi76BD9G,5_C,1.0,2.0,0,0,0,2.4,False,False,10,40,agreement to all lower until the 5 start giving?,1677262438592,bNSP6hWcwcFADoWmP,0.9626041666666667
ufttuN8GvJi76BD9G,5_C,1.0,2.0,0,0,0,2.4,False,False,10,40,lower to 10?,1677262441611,wjwKAzezsvKEKzoZC,0.9626041666666667
ufttuN8GvJi76BD9G,5_C,1.0,2.0,0,0,0,2.4,False,False,10,40,yup lower to 10,1677262458756,bNSP6hWcwcFADoWmP,0.9626041666666667
ufttuN8GvJi76BD9G,5_C,1.0,2.0,0,0,0,2.4,False,False,10,40,okay 10,1677262463995,YWAy95YfuHXsKtQzf,0.9626041666666667
ufttuN8GvJi76BD9G,5_C,1.0,2.0,0,0,0,2.4,False,False,10,40,you 5 are literally screwing all of us and yourself,1677262469435,bNSP6hWcwcFADoWmP,0.9626041666666667
ufttuN8GvJi76BD9G,5_C,1.0,2.0,0,0,0,2.4,False,False,10,40,YEah I can't put any in again. Like no where to do that right now,1677262470957,zs4ePmS88BJhQ2MKH,0.9626041666666667
ufttuN8GvJi76BD9G,5_C,1.0,2.0,0,0,0,2.4,False,False,10,40,It's not time for that,1677262477156,DXnnTAjxLe6pEwPsA,0.9626041666666667
ufttuN8GvJi76BD9G,5_C,1.0,2.0,0,0,0,2.4,False,False,10,40,this is a convo round,1677262484165,bNSP6hWcwcFADoWmP,0.9626041666666667
ufttuN8GvJi76BD9G,5_C,1.0,2.0,0,0,0,2.4,False,False,10,40,next round is money,1677262486321,bNSP6hWcwcFADoWmP,0.9626041666666667
ufttuN8GvJi76BD9G,5_C,1.0,2.0,0,0,0,2.4,False,False,10,40,all 10s now for everyone,1677262495086,bNSP6hWcwcFADoWmP,0.9626041666666667
ufttuN8GvJi76BD9G,5_C,1.0,2.0,0,0,0,2.4,False,False,10,40,<---- Got it,1677262496479,zs4ePmS88BJhQ2MKH,0.9626041666666667
ufttuN8GvJi76BD9G,5_C,1.0,2.0,0,0,0,2.4,False,False,10,40,10,1677262503748,bNSP6hWcwcFADoWmP,0.9626041666666667
ufttuN8GvJi76BD9G,5_C,1.0,2.0,0,0,0,2.4,False,False,10,40,10,1677262511722,YWAy95YfuHXsKtQzf,0.9626041666666667
ufttuN8GvJi76BD9G,5_C,1.0,2.0,0,0,0,2.4,False,False,10,40,10,1677262506084,wjwKAzezsvKEKzoZC,0.9626041666666667
ufttuN8GvJi76BD9G,5_C,1.0,2.0,0,0,0,2.4,False,False,10,40,much better !,1677262531082,YWAy95YfuHXsKtQzf,0.9626041666666667
ufttuN8GvJi76BD9G,5_C,1.0,2.0,0,0,0,2.4,False,False,10,40,LOL,1677262524687,wjwKAzezsvKEKzoZC,0.9626041666666667
ufttuN8GvJi76BD9G,5_C,1.0,2.0,0,0,0,2.4,False,False,10,40,press the down button to give,1677262533100,xnMSaWX3DHBEwTFEx,0.9626041666666667
ufttuN8GvJi76BD9G,5_C,1.0,2.0,0,0,0,2.4,False,False,10,40,duck didn't put any in,1677262535803,wjwKAzezsvKEKzoZC,0.9626041666666667
ufttuN8GvJi76BD9G,5_C,1.0,2.0,0,0,0,2.4,False,False,10,40,ROAST THE DUCK!,1677262545678,wjwKAzezsvKEKzoZC,0.9626041666666667
ufttuN8GvJi76BD9G,5_C,1.0,2.0,0,0,0,2.4,False,False,10,40,we never going to get everyone,1677262554554,YWAy95YfuHXsKtQzf,0.9626041666666667
ufttuN8GvJi76BD9G,5_C,1.0,2.0,0,0,0,2.4,False,False,10,40,down goes into the pot,1677262548029,xnMSaWX3DHBEwTFEx,0.9626041666666667
ufttuN8GvJi76BD9G,5_C,1.0,2.0,0,0,0,2.4,False,False,10,40,I didn't have anywhere to give,1677262556488,zs4ePmS88BJhQ2MKH,0.9626041666666667
ufttuN8GvJi76BD9G,5_C,1.0,2.0,0,0,0,2.4,False,False,10,40,press the down button,1677262557964,xnMSaWX3DHBEwTFEx,0.9626041666666667
ufttuN8GvJi76BD9G,5_C,1.0,2.0,0,0,0,2.4,False,False,10,40,"duck be like ""idk how to play"" lol",1677262566361,wjwKAzezsvKEKzoZC,0.9626041666666667
ufttuN8GvJi76BD9G,5_C,1.0,2.0,0,0,0,2.4,False,False,10,40,"alright so next round since that was better, what do you think about uping it?",1677262577539,bNSP6hWcwcFADoWmP,0.9626041666666667
ufttuN8GvJi76BD9G,5_C,1.0,2.0,0,0,0,2.4,False,False,10,40,I don't always have a button to press.,1677262580443,zs4ePmS88BJhQ2MKH,0.9626041666666667
ufttuN8GvJi76BD9G,5_C,1.0,2.0,0,0,0,2.4,False,False,10,40,15?,1677262575262,wjwKAzezsvKEKzoZC,0.9626041666666667
ufttuN8GvJi76BD9G,5_C,1.0,2.0,0,0,0,2.4,False,False,10,40,Let's go to 15,1677262583399,DXnnTAjxLe6pEwPsA,0.9626041666666667
ufttuN8GvJi76BD9G,5_C,1.0,2.0,0,0,0,2.4,False,False,10,40,yeah 15 is what i was thinking as well,1677262589731,bNSP6hWcwcFADoWmP,0.9626041666666667
ufttuN8GvJi76BD9G,5_C,1.0,2.0,0,0,0,2.4,False,False,10,40,"everyone go 20,",1677262582836,xnMSaWX3DHBEwTFEx,0.9626041666666667
ufttuN8GvJi76BD9G,5_C,1.0,2.0,0,0,0,2.4,False,False,10,40,20 or 15,1677262593135,ur2LEhyK8LP5xq7C4,0.9626041666666667
ufttuN8GvJi76BD9G,5_C,1.0,2.0,0,0,0,2.4,False,False,10,40,15,1677262598529,bNSP6hWcwcFADoWmP,0.9626041666666667
ufttuN8GvJi76BD9G,5_C,1.0,2.0,0,0,0,2.4,False,False,10,40,down,1677262599740,xnMSaWX3DHBEwTFEx,0.9626041666666667
ufttuN8GvJi76BD9G,5_C,1.0,2.0,0,0,0,2.4,False,False,10,40,15,1677262600164,wjwKAzezsvKEKzoZC,0.9626041666666667
ufttuN8GvJi76BD9G,5_C,1.0,2.0,0,0,0,2.4,False,False,10,40,15 for now i guess,1677262612653,YWAy95YfuHXsKtQzf,0.9626041666666667
ufttuN8GvJi76BD9G,5_C,1.0,2.0,0,0,0,2.4,False,False,10,40,Let's see if chicken can figure it out or if they're just trolling,1677262613183,DXnnTAjxLe6pEwPsA,0.9626041666666667
ufttuN8GvJi76BD9G,5_C,1.0,2.0,0,0,0,2.4,False,False,10,40,down arrow to give,1677262606246,xnMSaWX3DHBEwTFEx,0.9626041666666667
ufttuN8GvJi76BD9G,5_C,1.0,2.0,0,0,0,2.4,False,False,10,40,evil duck acting all innocent lol,1677262613799,wjwKAzezsvKEKzoZC,0.9626041666666667
ufttuN8GvJi76BD9G,5_C,1.0,2.0,0,0,0,2.4,False,False,10,40,into the bowl,1677262614886,xnMSaWX3DHBEwTFEx,0.9626041666666667
ufttuN8GvJi76BD9G,5_C,1.0,2.0,0,0,0,2.4,False,False,10,40,oh that's a duck,1677262625005,DXnnTAjxLe6pEwPsA,0.9626041666666667
ufttuN8GvJi76BD9G,5_C,1.0,2.0,0,0,0,2.4,False,False,10,40,Not trolling- it was working earlier when I did it,1677262637094,zs4ePmS88BJhQ2MKH,0.9626041666666667
ufttuN8GvJi76BD9G,5_C,1.0,2.0,0,0,0,2.4,False,False,10,40,Well it's not working now,1677262645318,DXnnTAjxLe6pEwPsA,0.9626041666666667
ufttuN8GvJi76BD9G,5_C,1.0,2.0,0,0,0,2.4,False,False,10,40,Seems like most people are on board with the game plan now - let's go back to 20?,1677262661019,DXnnTAjxLe6pEwPsA,0.9626041666666667
ufttuN8GvJi76BD9G,5_C,1.0,2.0,0,0,0,2.4,False,False,10,40,im okay with that,1677262670885,YWAy95YfuHXsKtQzf,0.9626041666666667
ufttuN8GvJi76BD9G,5_C,1.0,2.0,0,0,0,2.4,False,False,10,40,def trolling,1677262665880,wjwKAzezsvKEKzoZC,0.9626041666666667
ufttuN8GvJi76BD9G,5_C,1.0,2.0,0,0,0,2.4,False,False,10,40,"yup 20 looks good, unless we get multiple 0s",1677262675516,bNSP6hWcwcFADoWmP,0.9626041666666667
ufttuN8GvJi76BD9G,5_C,1.0,2.0,0,0,0,2.4,False,False,10,40,"either trolling, bot, or researcher",1677262686461,bNSP6hWcwcFADoWmP,0.9626041666666667
ufttuN8GvJi76BD9G,5_C,1.0,2.0,0,0,0,2.4,False,False,10,40,you gave 0 multiple rounds now,1677262678429,wjwKAzezsvKEKzoZC,0.9626041666666667
ufttuN8GvJi76BD9G,5_C,1.0,2.0,0,0,0,2.4,False,False,10,40,yeah and default is 10,1677262694353,bNSP6hWcwcFADoWmP,0.9626041666666667
ufttuN8GvJi76BD9G,5_C,1.0,2.0,0,0,0,2.4,False,False,10,40,go twenty,1677262690870,xnMSaWX3DHBEwTFEx,0.9626041666666667
ufttuN8GvJi76BD9G,5_C,1.0,2.0,0,0,0,2.4,False,False,10,40,exactly,1677262691819,wjwKAzezsvKEKzoZC,0.9626041666666667
ufttuN8GvJi76BD9G,5_C,1.0,2.0,0,0,0,2.4,False,False,10,40,20,1677262714295,bNSP6hWcwcFADoWmP,0.9626041666666667
ufttuN8GvJi76BD9G,5_C,1.0,2.0,0,0,0,2.4,False,False,10,40,20,1677262706365,wjwKAzezsvKEKzoZC,0.9626041666666667
ufttuN8GvJi76BD9G,5_C,1.0,2.0,0,0,0,2.4,False,False,10,40,20,1677262714933,DXnnTAjxLe6pEwPsA,0.9626041666666667
ufttuN8GvJi76BD9G,5_C,1.0,2.0,0,0,0,2.4,False,False,10,40,20,1677262715482,YWAy95YfuHXsKtQzf,0.9626041666666667
ufttuN8GvJi76BD9G,5_C,1.0,2.0,0,0,0,2.4,False,False,10,40,sweeet,1677262719861,wjwKAzezsvKEKzoZC,0.9626041666666667
ufttuN8GvJi76BD9G,5_C,1.0,2.0,0,0,0,2.4,False,False,10,40,not bad,1677262730274,YWAy95YfuHXsKtQzf,0.9626041666666667
ufttuN8GvJi76BD9G,5_C,1.0,2.0,0,0,0,2.4,False,False,10,40,"great, except for moose",1677262732365,bNSP6hWcwcFADoWmP,0.9626041666666667
ufttuN8GvJi76BD9G,5_C,1.0,2.0,0,0,0,2.4,False,False,10,40,except for the moose,1677262723928,wjwKAzezsvKEKzoZC,0.9626041666666667
ufttuN8GvJi76BD9G,5_C,1.0,2.0,0,0,0,2.4,False,False,10,40,im going with 20 again,1677262773979,YWAy95YfuHXsKtQzf,0.9626041666666667
ufttuN8GvJi76BD9G,5_C,1.0,2.0,0,0,0,2.4,False,False,10,40,20 again until more stop,1677262767126,wjwKAzezsvKEKzoZC,0.9626041666666667
ufttuN8GvJi76BD9G,5_C,1.0,2.0,0,0,0,2.4,False,False,10,40,same as well,1677262780035,bNSP6hWcwcFADoWmP,0.9626041666666667
ufttuN8GvJi76BD9G,5_C,1.0,2.0,0,0,0,2.4,False,False,10,40,yup,1677262781155,YWAy95YfuHXsKtQzf,0.9626041666666667
ufttuN8GvJi76BD9G,5_C,1.0,2.0,0,0,0,2.4,False,False,10,40,"if a lot of people start lowering, we lower",1677262784095,bNSP6hWcwcFADoWmP,0.9626041666666667
ufttuN8GvJi76BD9G,5_C,1.0,2.0,0,0,0,2.4,False,False,10,40,"great, there we go",1677262804544,bNSP6hWcwcFADoWmP,0.9626041666666667
ufttuN8GvJi76BD9G,5_C,1.0,2.0,0,0,0,2.4,False,False,10,40,huzzah,1677262804072,DXnnTAjxLe6pEwPsA,0.9626041666666667
ufttuN8GvJi76BD9G,5_C,1.0,2.0,0,0,0,2.4,False,False,10,40,perfection,1677262798810,wjwKAzezsvKEKzoZC,0.9626041666666667
ufttuN8GvJi76BD9G,5_C,1.0,2.0,0,0,0,2.4,False,False,10,40,"now lets keep this up, we all get more",1677262811168,bNSP6hWcwcFADoWmP,0.9626041666666667
ufttuN8GvJi76BD9G,5_C,1.0,2.0,0,0,0,2.4,False,False,10,40,sounds good,1677262835667,YWAy95YfuHXsKtQzf,0.9626041666666667
ufttuN8GvJi76BD9G,5_C,1.0,2.0,0,0,0,2.4,False,False,10,40,great job again,1677262878826,bNSP6hWcwcFADoWmP,0.9626041666666667
ufttuN8GvJi76BD9G,5_C,1.0,2.0,0,0,0,2.4,False,False,10,40,hi5s all around lol,1677262915586,bNSP6hWcwcFADoWmP,0.9626041666666667
ufttuN8GvJi76BD9G,5_C,1.0,2.0,0,0,0,2.4,False,False,10,40,"One more round, keep it up gang",1677262965477,DXnnTAjxLe6pEwPsA,0.9626041666666667
ufttuN8GvJi76BD9G,5_C,1.0,2.0,0,0,0,2.4,False,False,10,40,my fault,1677262971126,wjwKAzezsvKEKzoZC,0.9626041666666667
ufttuN8GvJi76BD9G,5_C,1.0,2.0,0,0,0,2.4,False,False,10,40,i messed up,1677262978669,wjwKAzezsvKEKzoZC,0.9626041666666667
ufttuN8GvJi76BD9G,5_C,1.0,2.0,0,0,0,2.4,False,False,10,40,its alright,1677262989899,YWAy95YfuHXsKtQzf,0.9626041666666667
ufttuN8GvJi76BD9G,5_C,1.0,2.0,0,0,0,2.4,False,False,10,40,I will do 20 next roun,1677262982690,wjwKAzezsvKEKzoZC,0.9626041666666667
ufttuN8GvJi76BD9G,5_C,1.0,2.0,0,0,0,2.4,False,False,10,40,"all good, you admitted it",1677262994105,bNSP6hWcwcFADoWmP,0.9626041666666667
ufttuN8GvJi76BD9G,5_C,1.0,2.0,0,0,0,2.4,False,False,10,40,honestly,1677262985339,wjwKAzezsvKEKzoZC,0.9626041666666667
ufttuN8GvJi76BD9G,5_C,1.0,2.0,0,0,0,2.4,False,False,10,40,still going 20,1677263012795,YWAy95YfuHXsKtQzf,0.9626041666666667
ufttuN8GvJi76BD9G,5_C,1.0,2.0,0,0,0,2.4,False,False,10,40,same,1677263016082,bNSP6hWcwcFADoWmP,0.9626041666666667
ufttuN8GvJi76BD9G,5_C,1.0,2.0,0,0,0,2.4,False,False,10,40,20,1677263009239,wjwKAzezsvKEKzoZC,0.9626041666666667
ufttuN8GvJi76BD9G,5_C,1.0,2.0,0,0,0,2.4,False,False,10,40,ez,1677263021737,DXnnTAjxLe6pEwPsA,0.9626041666666667
ufttuN8GvJi76BD9G,5_C,1.0,2.0,0,0,0,2.4,False,False,10,40,keep it up =),1677263130461,bNSP6hWcwcFADoWmP,0.9626041666666667
ufttuN8GvJi76BD9G,5_C,1.0,2.0,0,0,0,2.4,False,False,10,40,moose!,1677263143841,bNSP6hWcwcFADoWmP,0.9626041666666667
ufttuN8GvJi76BD9G,5_C,1.0,2.0,0,0,0,2.4,False,False,10,40,I think moose is AFK lol,1677263527415,DXnnTAjxLe6pEwPsA,0.9626041666666667
ufttuN8GvJi76BD9G,5_C,1.0,2.0,0,0,0,2.4,False,False,10,40,back now lol,1677263536723,bNSP6hWcwcFADoWmP,0.9626041666666667
ufttuN8GvJi76BD9G,5_C,1.0,2.0,0,0,0,2.4,False,False,10,40,and a 10!,1677263543197,bNSP6hWcwcFADoWmP,0.9626041666666667
ufttuN8GvJi76BD9G,5_C,1.0,2.0,0,0,0,2.4,False,False,10,40,booooo,1677263545675,bNSP6hWcwcFADoWmP,0.9626041666666667
ufttuN8GvJi76BD9G,5_C,1.0,2.0,0,0,0,2.4,False,False,10,40,things still going great tho,1677263553558,YWAy95YfuHXsKtQzf,0.9626041666666667
ufttuN8GvJi76BD9G,5_C,1.0,2.0,0,0,0,2.4,False,False,10,40,yup,1677263557912,bNSP6hWcwcFADoWmP,0.9626041666666667
ufttuN8GvJi76BD9G,5_C,1.0,2.0,0,0,0,2.4,False,False,10,40,"look dude, the internet is out all over and i'm on a hotspot. chill.",1677263586065,ur2LEhyK8LP5xq7C4,0.9626041666666667
ufttuN8GvJi76BD9G,5_C,1.0,2.0,0,0,0,2.4,False,False,10,40,"either lagging, or family / pet interruption",1677263620077,bNSP6hWcwcFADoWmP,0.9626041666666667
ufttuN8GvJi76BD9G,5_C,1.0,2.0,0,0,0,2.4,False,False,10,40,no big deal man :),1677263627171,YWAy95YfuHXsKtQzf,0.9626041666666667
ufttuN8GvJi76BD9G,5_C,1.0,2.0,0,0,0,2.4,False,False,10,40,"you good, just keep up them 20s =P",1677263631532,bNSP6hWcwcFADoWmP,0.9626041666666667
ufttuN8GvJi76BD9G,5_C,1.0,2.0,0,0,0,2.4,False,False,10,40,or woman,1677263632107,YWAy95YfuHXsKtQzf,0.9626041666666667
ufttuN8GvJi76BD9G,5_C,1.0,2.0,0,0,0,2.4,False,False,10,40,or whatever you are,1677263634307,YWAy95YfuHXsKtQzf,0.9626041666666667
ufttuN8GvJi76BD9G,5_C,1.0,2.0,0,0,0,2.4,False,False,10,40,moose person,1677263637491,YWAy95YfuHXsKtQzf,0.9626041666666667
ufttuN8GvJi76BD9G,5_C,1.0,2.0,0,0,0,2.4,False,False,10,40,i'm a moose,1677263637366,ur2LEhyK8LP5xq7C4,0.9626041666666667
ufttuN8GvJi76BD9G,5_C,1.0,2.0,0,0,0,2.4,False,False,10,40,he's a moose,1677263632419,wjwKAzezsvKEKzoZC,0.9626041666666667
ufttuN8GvJi76BD9G,5_C,1.0,2.0,0,0,0,2.4,False,False,10,40,sorry that was an accident,1677263770659,ur2LEhyK8LP5xq7C4,0.9626041666666667
ufttuN8GvJi76BD9G,5_C,1.0,2.0,0,0,0,2.4,False,False,10,40,anyone remember how many rounds?,1677263804045,wjwKAzezsvKEKzoZC,0.9626041666666667
mat8Xt4y3EBsyxyoX,6_C,2.0,3.0,0,0,0,6.0,False,False,8,25,It is in everyone's best interest if we all contribute the full amount. It will give us all the best payout potential. I'm going full in. Hope you consider it,1677262285387,uJNWJLM2K2oFjX5b5,0.9566666666666667
mat8Xt4y3EBsyxyoX,6_C,2.0,3.0,0,0,0,6.0,False,False,8,25,agreed,1677262322103,DYb8L4EfQ6N93JJ3c,0.9566666666666667
mat8Xt4y3EBsyxyoX,6_C,2.0,3.0,0,0,0,6.0,False,False,8,25,agreed,1677262324585,LGSj7syGizLk3xRcE,0.9566666666666667
mat8Xt4y3EBsyxyoX,6_C,2.0,3.0,0,0,0,6.0,False,False,8,25,yes,1677262325752,H6scTijP2YsJNiTvA,0.9566666666666667
mat8Xt4y3EBsyxyoX,6_C,2.0,3.0,0,0,0,6.0,False,False,8,25,agreed,1677262326380,LyoNEYzheT4P5AbfT,0.9566666666666667
mat8Xt4y3EBsyxyoX,6_C,2.0,3.0,0,0,0,6.0,False,False,8,25,Welp. You all screwed it up. No more contribution from me.,1677262387757,uJNWJLM2K2oFjX5b5,0.9566666666666667
mat8Xt4y3EBsyxyoX,6_C,2.0,3.0,0,0,0,6.0,False,False,8,25,There may not be 8 people...,1677262405054,LGSj7syGizLk3xRcE,0.9566666666666667
mat8Xt4y3EBsyxyoX,6_C,2.0,3.0,0,0,0,6.0,False,False,8,25,No one benefits if the people that are putting all theirs in the pool have to deal with non-contributors.,1677262408203,uJNWJLM2K2oFjX5b5,0.9566666666666667
mat8Xt4y3EBsyxyoX,6_C,2.0,3.0,0,0,0,6.0,False,False,8,25,Iwill still put in full amount,1677262435820,LyoNEYzheT4P5AbfT,0.9566666666666667
mat8Xt4y3EBsyxyoX,6_C,2.0,3.0,0,0,0,6.0,False,False,8,25,me too,1677262444408,LGSj7syGizLk3xRcE,0.9566666666666667
mat8Xt4y3EBsyxyoX,6_C,2.0,3.0,0,0,0,6.0,False,False,8,25,I'll put in the full amount.,1677262452760,QxLMaJSiycZDQ9hqa,0.9566666666666667
eGSEXKgSEqMPjRAcu,9_C,3.0,4.0,492,0,656,6.2,False,True,7,45,yo red bird,1677263802020,TcBc43CZXPotRCh5B,0.9061443932411675
eGSEXKgSEqMPjRAcu,9_C,3.0,4.0,492,0,656,6.2,False,True,7,45,my bad guys i didnt see the im done button on this page til last round,1677263848284,j42F92MgYSv5qDvEm,0.9061443932411675
eGSEXKgSEqMPjRAcu,9_C,3.0,4.0,492,0,656,6.2,False,True,7,45,"you're good, just trying to get red bird to max to 20",1677263963057,TcBc43CZXPotRCh5B,0.9061443932411675
eGSEXKgSEqMPjRAcu,9_C,3.0,4.0,492,0,656,6.2,False,True,7,45,i wouldnt be surprised if we had a bot in just to get us talking,1677264004877,j42F92MgYSv5qDvEm,0.9061443932411675
eGSEXKgSEqMPjRAcu,9_C,3.0,4.0,492,0,656,6.2,False,True,7,45,ye was about to ask if red bird is sentient,1677264016119,TcBc43CZXPotRCh5B,0.9061443932411675
eGSEXKgSEqMPjRAcu,9_C,3.0,4.0,492,0,656,6.2,False,True,7,45,do you remember how many rounds?,1677264085603,j42F92MgYSv5qDvEm,0.9061443932411675
eGSEXKgSEqMPjRAcu,9_C,3.0,4.0,492,0,656,6.2,False,True,7,45,nope,1677264099414,TcBc43CZXPotRCh5B,0.9061443932411675
eGSEXKgSEqMPjRAcu,9_C,3.0,4.0,492,0,656,6.2,False,True,7,45,I don't think it said,1677264139130,jumZmZg79skZ32tGy,0.9061443932411675
eGSEXKgSEqMPjRAcu,9_C,3.0,4.0,492,0,656,6.2,False,True,7,45,hoping 20,1677264146277,j42F92MgYSv5qDvEm,0.9061443932411675
eGSEXKgSEqMPjRAcu,9_C,3.0,4.0,492,0,656,6.2,False,True,7,45,now hoping 25,1677264211028,j42F92MgYSv5qDvEm,0.9061443932411675
eGSEXKgSEqMPjRAcu,9_C,3.0,4.0,492,0,656,6.2,False,True,7,45,I think it said 15 - 30 minutes,1677264246890,jdXkwhNbdobuSDJfo,0.9061443932411675
eGSEXKgSEqMPjRAcu,9_C,3.0,4.0,492,0,656,6.2,False,True,7,45,might be time based so if we go fast we get more rounds?,1677264269593,jumZmZg79skZ32tGy,0.9061443932411675
eGSEXKgSEqMPjRAcu,9_C,3.0,4.0,492,0,656,6.2,False,True,7,45,ive had a mystery pain in my right arm since last night im trying to power through this but its not fun,1677264312512,j42F92MgYSv5qDvEm,0.9061443932411675
eGSEXKgSEqMPjRAcu,9_C,3.0,4.0,492,0,656,6.2,False,True,7,45,ouch sorry about that,1677264333699,jumZmZg79skZ32tGy,0.9061443932411675
eGSEXKgSEqMPjRAcu,9_C,3.0,4.0,492,0,656,6.2,False,True,7,45,curses of getting old,1677264354636,j42F92MgYSv5qDvEm,0.9061443932411675
eGSEXKgSEqMPjRAcu,9_C,3.0,4.0,492,0,656,6.2,False,True,7,45,I hear ya,1677264368262,DGZD6LikKz7AYEuqA,0.9061443932411675
eGSEXKgSEqMPjRAcu,9_C,3.0,4.0,492,0,656,6.2,False,True,7,45,im going to now assume it will end at 2,1677264812260,j42F92MgYSv5qDvEm,0.9061443932411675
hbask3aBPDiJJxpj9,6_T,2.0,3.0,170,255,0,6.0,True,False,8,25,hey everyone,1677262389226,JJRLeSKuJnn5Jzumv,0.9016666666666666
hbask3aBPDiJJxpj9,6_T,2.0,3.0,170,255,0,6.0,True,False,8,25,hi,1677262394059,aWSRgNmvKanEZ8GT9,0.9016666666666666
hbask3aBPDiJJxpj9,6_T,2.0,3.0,170,255,0,6.0,True,False,8,25,hi,1677262405598,NqS7JeMTuwo4qwP93,0.9016666666666666
hbask3aBPDiJJxpj9,6_T,2.0,3.0,170,255,0,6.0,True,False,8,25,chicken is very generous,1677262534279,NqS7JeMTuwo4qwP93,0.9016666666666666
hbask3aBPDiJJxpj9,6_T,2.0,3.0,170,255,0,6.0,True,False,8,25,are you guys punishing the ones who skimp on contributions?,1677262537992,JJRLeSKuJnn5Jzumv,0.9016666666666666
hbask3aBPDiJJxpj9,6_T,2.0,3.0,170,255,0,6.0,True,False,8,25,i did,1677262541280,yh99CvRS9gPf3QQEc,0.9016666666666666
hbask3aBPDiJJxpj9,6_T,2.0,3.0,170,255,0,6.0,True,False,8,25,i haven't,1677262544950,RL4TXEbKNvD5x4tJq,0.9016666666666666
hbask3aBPDiJJxpj9,6_T,2.0,3.0,170,255,0,6.0,True,False,8,25,no,1677262545945,aWSRgNmvKanEZ8GT9,0.9016666666666666
hbask3aBPDiJJxpj9,6_T,2.0,3.0,170,255,0,6.0,True,False,8,25,i'd give all 20 each time if everyone else did,1677262573037,RL4TXEbKNvD5x4tJq,0.9016666666666666
hbask3aBPDiJJxpj9,6_T,2.0,3.0,170,255,0,6.0,True,False,8,25,the gorilla...,1677262574596,NqS7JeMTuwo4qwP93,0.9016666666666666
hbask3aBPDiJJxpj9,6_T,2.0,3.0,170,255,0,6.0,True,False,8,25,same,1677262585812,yh99CvRS9gPf3QQEc,0.9016666666666666
hbask3aBPDiJJxpj9,6_T,2.0,3.0,170,255,0,6.0,True,False,8,25,im not punishing him though,1677262605573,NqS7JeMTuwo4qwP93,0.9016666666666666
hbask3aBPDiJJxpj9,6_T,2.0,3.0,170,255,0,6.0,True,False,8,25,I'm putting in 20 and taking from the ones who didn't cause I think it's better if we just pool our resources.,1677262625056,JJRLeSKuJnn5Jzumv,0.9016666666666666
hbask3aBPDiJJxpj9,6_T,2.0,3.0,170,255,0,6.0,True,False,8,25,im putting in 20 all the time,1677262643890,NqS7JeMTuwo4qwP93,0.9016666666666666
hbask3aBPDiJJxpj9,6_T,2.0,3.0,170,255,0,6.0,True,False,8,25,i put 20,1677262649625,RL4TXEbKNvD5x4tJq,0.9016666666666666
hbask3aBPDiJJxpj9,6_T,2.0,3.0,170,255,0,6.0,True,False,8,25,20 then for me now too,1677262666089,aWSRgNmvKanEZ8GT9,0.9016666666666666
hbask3aBPDiJJxpj9,6_T,2.0,3.0,170,255,0,6.0,True,False,8,25,me too,1677262717702,NB6ndeuvy77jh9GY9,0.9016666666666666
hbask3aBPDiJJxpj9,6_T,2.0,3.0,170,255,0,6.0,True,False,8,25,"yeah, I'll take the hit on the punishing just for the sake of fairness",1677262720487,JJRLeSKuJnn5Jzumv,0.9016666666666666
hbask3aBPDiJJxpj9,6_T,2.0,3.0,170,255,0,6.0,True,False,8,25,the moose is slow,1677262722383,NqS7JeMTuwo4qwP93,0.9016666666666666
hbask3aBPDiJJxpj9,6_T,2.0,3.0,170,255,0,6.0,True,False,8,25,the red bird lied,1677262759317,NqS7JeMTuwo4qwP93,0.9016666666666666
hbask3aBPDiJJxpj9,6_T,2.0,3.0,170,255,0,6.0,True,False,8,25,lol ya all imposters,1677262765275,yh99CvRS9gPf3QQEc,0.9016666666666666
hbask3aBPDiJJxpj9,6_T,2.0,3.0,170,255,0,6.0,True,False,8,25,red bird bad,1677262787857,NB6ndeuvy77jh9GY9,0.9016666666666666
hbask3aBPDiJJxpj9,6_T,2.0,3.0,170,255,0,6.0,True,False,8,25,gorilla bad too,1677262797207,NqS7JeMTuwo4qwP93,0.9016666666666666
hbask3aBPDiJJxpj9,6_T,2.0,3.0,170,255,0,6.0,True,False,8,25,coins need to go in the bowl,1677262803142,NqS7JeMTuwo4qwP93,0.9016666666666666
hbask3aBPDiJJxpj9,6_T,2.0,3.0,170,255,0,6.0,True,False,8,25,"well, whatever happens.  I still get a dime.  :)",1677262813256,JJRLeSKuJnn5Jzumv,0.9016666666666666
hbask3aBPDiJJxpj9,6_T,2.0,3.0,170,255,0,6.0,True,False,8,25,i did it backwards the first round,1677262813579,NqS7JeMTuwo4qwP93,0.9016666666666666
hbask3aBPDiJJxpj9,6_T,2.0,3.0,170,255,0,6.0,True,False,8,25,I did 20,1677262828142,NB6ndeuvy77jh9GY9,0.9016666666666666
hbask3aBPDiJJxpj9,6_T,2.0,3.0,170,255,0,6.0,True,False,8,25,I'm bad?,1677262827498,aWSRgNmvKanEZ8GT9,0.9016666666666666
hbask3aBPDiJJxpj9,6_T,2.0,3.0,170,255,0,6.0,True,False,8,25,yes,1677262832662,NqS7JeMTuwo4qwP93,0.9016666666666666
hbask3aBPDiJJxpj9,6_T,2.0,3.0,170,255,0,6.0,True,False,8,25,your putting 0,1677262834314,yh99CvRS9gPf3QQEc,0.9016666666666666
hbask3aBPDiJJxpj9,6_T,2.0,3.0,170,255,0,6.0,True,False,8,25,duh,1677262835643,yh99CvRS9gPf3QQEc,0.9016666666666666
hbask3aBPDiJJxpj9,6_T,2.0,3.0,170,255,0,6.0,True,False,8,25,y?,1677262837113,aWSRgNmvKanEZ8GT9,0.9016666666666666
hbask3aBPDiJJxpj9,6_T,2.0,3.0,170,255,0,6.0,True,False,8,25,you guys are not giving 20,1677262837300,NqS7JeMTuwo4qwP93,0.9016666666666666
hbask3aBPDiJJxpj9,6_T,2.0,3.0,170,255,0,6.0,True,False,8,25,your bad,1677262840765,yh99CvRS9gPf3QQEc,0.9016666666666666
hbask3aBPDiJJxpj9,6_T,2.0,3.0,170,255,0,6.0,True,False,8,25,I put in 20,1677262842273,aWSRgNmvKanEZ8GT9,0.9016666666666666
hbask3aBPDiJJxpj9,6_T,2.0,3.0,170,255,0,6.0,True,False,8,25,the number has to be in the bowl,1677262845371,NqS7JeMTuwo4qwP93,0.9016666666666666
hbask3aBPDiJJxpj9,6_T,2.0,3.0,170,255,0,6.0,True,False,8,25,i just took -12 from ta,1677262855665,yh99CvRS9gPf3QQEc,0.9016666666666666
hbask3aBPDiJJxpj9,6_T,2.0,3.0,170,255,0,6.0,True,False,8,25,I put in 20 too - weird,1677262874495,NB6ndeuvy77jh9GY9,0.9016666666666666
hbask3aBPDiJJxpj9,6_T,2.0,3.0,170,255,0,6.0,True,False,8,25,down arrow not up,1677262887441,RL4TXEbKNvD5x4tJq,0.9016666666666666
hbask3aBPDiJJxpj9,6_T,2.0,3.0,170,255,0,6.0,True,False,8,25,the game is lying,1677262917705,aWSRgNmvKanEZ8GT9,0.9016666666666666
hbask3aBPDiJJxpj9,6_T,2.0,3.0,170,255,0,6.0,True,False,8,25,is it 300 coins - $1?,1677262922638,NqS7JeMTuwo4qwP93,0.9016666666666666
hbask3aBPDiJJxpj9,6_T,2.0,3.0,170,255,0,6.0,True,False,8,25,i think so,1677262936700,RL4TXEbKNvD5x4tJq,0.9016666666666666
hbask3aBPDiJJxpj9,6_T,2.0,3.0,170,255,0,6.0,True,False,8,25,lmao,1677262938561,yh99CvRS9gPf3QQEc,0.9016666666666666
hbask3aBPDiJJxpj9,6_T,2.0,3.0,170,255,0,6.0,True,False,8,25,game is not lying,1677262942819,NqS7JeMTuwo4qwP93,0.9016666666666666
hbask3aBPDiJJxpj9,6_T,2.0,3.0,170,255,0,6.0,True,False,8,25,your lyinh,1677262942721,yh99CvRS9gPf3QQEc,0.9016666666666666
hbask3aBPDiJJxpj9,6_T,2.0,3.0,170,255,0,6.0,True,False,8,25,down arrow works,1677262944661,NB6ndeuvy77jh9GY9,0.9016666666666666
hbask3aBPDiJJxpj9,6_T,2.0,3.0,170,255,0,6.0,True,False,8,25,wish i could show a screen shot,1677262978786,aWSRgNmvKanEZ8GT9,0.9016666666666666
hbask3aBPDiJJxpj9,6_T,2.0,3.0,170,255,0,6.0,True,False,8,25,are you saying that you're trying to put in 20 but the game is doing things on it's own?,1677262981336,JJRLeSKuJnn5Jzumv,0.9016666666666666
hbask3aBPDiJJxpj9,6_T,2.0,3.0,170,255,0,6.0,True,False,8,25,ok so we're all doing 20 now?,1677262999265,RL4TXEbKNvD5x4tJq,0.9016666666666666
hbask3aBPDiJJxpj9,6_T,2.0,3.0,170,255,0,6.0,True,False,8,25,our bonus is gonna suck,1677263000286,NqS7JeMTuwo4qwP93,0.9016666666666666
hbask3aBPDiJJxpj9,6_T,2.0,3.0,170,255,0,6.0,True,False,8,25,everyone in,1677263002307,RL4TXEbKNvD5x4tJq,0.9016666666666666
hbask3aBPDiJJxpj9,6_T,2.0,3.0,170,255,0,6.0,True,False,8,25,I'm trying to add 20 beleive me,1677263034018,aWSRgNmvKanEZ8GT9,0.9016666666666666
hbask3aBPDiJJxpj9,6_T,2.0,3.0,170,255,0,6.0,True,False,8,25,a bird never lies,1677263042182,NqS7JeMTuwo4qwP93,0.9016666666666666
hbask3aBPDiJJxpj9,6_T,2.0,3.0,170,255,0,6.0,True,False,8,25,lol,1677263048592,JJRLeSKuJnn5Jzumv,0.9016666666666666
hbask3aBPDiJJxpj9,6_T,2.0,3.0,170,255,0,6.0,True,False,8,25,lol this guy,1677263075316,yh99CvRS9gPf3QQEc,0.9016666666666666
hbask3aBPDiJJxpj9,6_T,2.0,3.0,170,255,0,6.0,True,False,8,25,the check is in the mail,1677263078411,NB6ndeuvy77jh9GY9,0.9016666666666666
hbask3aBPDiJJxpj9,6_T,2.0,3.0,170,255,0,6.0,True,False,8,25,red bird is back to lying,1677263080844,NqS7JeMTuwo4qwP93,0.9016666666666666
hbask3aBPDiJJxpj9,6_T,2.0,3.0,170,255,0,6.0,True,False,8,25,I'm not,1677263093673,aWSRgNmvKanEZ8GT9,0.9016666666666666
hbask3aBPDiJJxpj9,6_T,2.0,3.0,170,255,0,6.0,True,False,8,25,angry bird is cheating bird lol,1677263094901,RL4TXEbKNvD5x4tJq,0.9016666666666666
hbask3aBPDiJJxpj9,6_T,2.0,3.0,170,255,0,6.0,True,False,8,25,i dont care at this point i will waste all my points on deducting from you,1677263103306,yh99CvRS9gPf3QQEc,0.9016666666666666
hbask3aBPDiJJxpj9,6_T,2.0,3.0,170,255,0,6.0,True,False,8,25,yep  everyone's doing the 20 except red bird,1677263107079,JJRLeSKuJnn5Jzumv,0.9016666666666666
hbask3aBPDiJJxpj9,6_T,2.0,3.0,170,255,0,6.0,True,False,8,25,red bird is ted bundy,1677263116645,NqS7JeMTuwo4qwP93,0.9016666666666666
hbask3aBPDiJJxpj9,6_T,2.0,3.0,170,255,0,6.0,True,False,8,25,-21 every time,1677263124602,yh99CvRS9gPf3QQEc,0.9016666666666666
hbask3aBPDiJJxpj9,6_T,2.0,3.0,170,255,0,6.0,True,False,8,25,no jeffrey dahmer,1677263135017,aWSRgNmvKanEZ8GT9,0.9016666666666666
hbask3aBPDiJJxpj9,6_T,2.0,3.0,170,255,0,6.0,True,False,8,25,thats why you got the least amount of points idiot,1677263148865,yh99CvRS9gPf3QQEc,0.9016666666666666
hbask3aBPDiJJxpj9,6_T,2.0,3.0,170,255,0,6.0,True,False,8,25,awesome...everyo9ne was in that time.,1677263182519,JJRLeSKuJnn5Jzumv,0.9016666666666666
hbask3aBPDiJJxpj9,6_T,2.0,3.0,170,255,0,6.0,True,False,8,25,for once,1677263189607,yh99CvRS9gPf3QQEc,0.9016666666666666
hbask3aBPDiJJxpj9,6_T,2.0,3.0,170,255,0,6.0,True,False,8,25,Sorry got mixed up,1677263258609,aWSRgNmvKanEZ8GT9,0.9016666666666666
hbask3aBPDiJJxpj9,6_T,2.0,3.0,170,255,0,6.0,True,False,8,25,it makes the game go faster when everyone goes 20,1677263270767,JJRLeSKuJnn5Jzumv,0.9016666666666666
hbask3aBPDiJJxpj9,6_T,2.0,3.0,170,255,0,6.0,True,False,8,25,15 huh? cant help yourself,1677263359442,yh99CvRS9gPf3QQEc,0.9016666666666666
hbask3aBPDiJJxpj9,6_T,2.0,3.0,170,255,0,6.0,True,False,8,25,angry bird for lunch ha ha,1677263391041,NB6ndeuvy77jh9GY9,0.9016666666666666
hbask3aBPDiJJxpj9,6_T,2.0,3.0,170,255,0,6.0,True,False,8,25,bad bunny,1677263450175,JJRLeSKuJnn5Jzumv,0.9016666666666666
hbask3aBPDiJJxpj9,6_T,2.0,3.0,170,255,0,6.0,True,False,8,25,bonus might be nice after all,1677263449653,yh99CvRS9gPf3QQEc,0.9016666666666666
hbask3aBPDiJJxpj9,6_T,2.0,3.0,170,255,0,6.0,True,False,8,25,nice working with you all!,1677263568644,RL4TXEbKNvD5x4tJq,0.9016666666666666
hbask3aBPDiJJxpj9,6_T,2.0,3.0,170,255,0,6.0,True,False,8,25,lol  ok who's gonna cheat on the last round.,1677263576154,JJRLeSKuJnn5Jzumv,0.9016666666666666
hbask3aBPDiJJxpj9,6_T,2.0,3.0,170,255,0,6.0,True,False,8,25,lol,1677263583710,RL4TXEbKNvD5x4tJq,0.9016666666666666
hbask3aBPDiJJxpj9,6_T,2.0,3.0,170,255,0,6.0,True,False,8,25,cheating self not good,1677263596900,NB6ndeuvy77jh9GY9,0.9016666666666666
hbask3aBPDiJJxpj9,6_T,2.0,3.0,170,255,0,6.0,True,False,8,25,no one   awesome!!  thanks guys,1677263617182,JJRLeSKuJnn5Jzumv,0.9016666666666666
Pt5hxQxKrdYjd3mGX,8_T,2.0,7.0,20,70,0,1.0,True,False,3,10,,0,NULL_SPEAKER,0.85
gSAoF32a73zAD6qbP,1_T,2.0,4.0,386,372,400,4.6,True,True,6,35,,0,NULL_SPEAKER,0.8382505175983437
tgt4ZJQ9KZkJeeDCc,0_C,3.0,9.0,0,0,0,1.3,False,False,2,20,If we contribute the max we will both get a high bonus,1677263505376,TBnoG8FndBwuuGDg7,0.8201923076923077
yKHxFMtaEJrrKCmX6,3_C,4.0,13.0,0,0,0,4.0,False,False,4,45,,0,NULL_SPEAKER,0.798125
xi8b3rnqAESQAEGS8,7_T,3.0,12.0,60,240,0,1.8,True,True,4,30,,0,NULL_SPEAKER,0.7583333333333333
SkeKqNLkys7dNdujC,4_C,3.0,9.0,123,0,369,5.6,False,True,6,15,,0,NULL_SPEAKER,0.6739087301587302
EZEPLDywvah6husHW,2_C,1.0,1.0,25,0,25,3.2,False,True,8,5,,0,NULL_SPEAKER,0.6546875
EqiikgYjTFRyueZsm,5_T,1.0,2.0,1866,3732,0,2.4,True,False,10,40,hi everyone,1677262940272,5dQrXBdm4SgzEqKeE,0.5543229166666667
EqiikgYjTFRyueZsm,5_T,1.0,2.0,1866,3732,0,2.4,True,False,10,40,Hiya :),1677262944109,EmY6Asi7ngDtC9mPS,0.5543229166666667
EqiikgYjTFRyueZsm,5_T,1.0,2.0,1866,3732,0,2.4,True,False,10,40,Hi,1677262948901,q5xd5NiPvP23fr97d,0.5543229166666667
EqiikgYjTFRyueZsm,5_T,1.0,2.0,1866,3732,0,2.4,True,False,10,40,Hi,1677262952890,6NKdNbv67yx72QPDW,0.5543229166666667
EqiikgYjTFRyueZsm,5_T,1.0,2.0,1866,3732,0,2.4,True,False,10,40,hayy,1677262963063,TyJHmybFHmkohGsmg,0.5543229166666667
EqiikgYjTFRyueZsm,5_T,1.0,2.0,1866,3732,0,2.4,True,False,10,40,Howdy,1677262967896,2MSF5GmiTNsx9PJrj,0.5543229166666667
EqiikgYjTFRyueZsm,5_T,1.0,2.0,1866,3732,0,2.4,True,False,10,40,oops. I shared 0 by accident. I won't do it again. the arrow is confusing,1677263026807,5dQrXBdm4SgzEqKeE,0.5543229166666667
EqiikgYjTFRyueZsm,5_T,1.0,2.0,1866,3732,0,2.4,True,False,10,40,it happens :),1677263047113,EmY6Asi7ngDtC9mPS,0.5543229166666667
EqiikgYjTFRyueZsm,5_T,1.0,2.0,1866,3732,0,2.4,True,False,10,40,"guys, if everyone contributes the max we ALL make more $",1677263141932,R4AkYB9Por6TXMqNn,0.5543229166666667
EqiikgYjTFRyueZsm,5_T,1.0,2.0,1866,3732,0,2.4,True,False,10,40,just share 20 guys. that's how we all make the most money,1677263147826,5dQrXBdm4SgzEqKeE,0.5543229166666667
EqiikgYjTFRyueZsm,5_T,1.0,2.0,1866,3732,0,2.4,True,False,10,40,I wonder is the chick is a plant,1677263165774,EmY6Asi7ngDtC9mPS,0.5543229166666667
EqiikgYjTFRyueZsm,5_T,1.0,2.0,1866,3732,0,2.4,True,False,10,40,we should start deducting,1677263184911,5dQrXBdm4SgzEqKeE,0.5543229166666667
EqiikgYjTFRyueZsm,5_T,1.0,2.0,1866,3732,0,2.4,True,False,10,40,I'm 100% real and legit,1677263187028,R4AkYB9Por6TXMqNn,0.5543229166666667
EqiikgYjTFRyueZsm,5_T,1.0,2.0,1866,3732,0,2.4,True,False,10,40,yes,1677263187845,EmY6Asi7ngDtC9mPS,0.5543229166666667
EqiikgYjTFRyueZsm,5_T,1.0,2.0,1866,3732,0,2.4,True,False,10,40,the yellow chick,1677263205845,EmY6Asi7ngDtC9mPS,0.5543229166666667
EqiikgYjTFRyueZsm,5_T,1.0,2.0,1866,3732,0,2.4,True,False,10,40,I've been clicking the wrong button.,1677263215358,q5xd5NiPvP23fr97d,0.5543229166666667
EqiikgYjTFRyueZsm,5_T,1.0,2.0,1866,3732,0,2.4,True,False,10,40,ok,1677263224693,EmY6Asi7ngDtC9mPS,0.5543229166666667
EqiikgYjTFRyueZsm,5_T,1.0,2.0,1866,3732,0,2.4,True,False,10,40,"moose is slacking, come on buddy!",1677263249355,R4AkYB9Por6TXMqNn,0.5543229166666667
EqiikgYjTFRyueZsm,5_T,1.0,2.0,1866,3732,0,2.4,True,False,10,40,Do we know how many rounds there are in total?,1677263266954,6NKdNbv67yx72QPDW,0.5543229166666667
EqiikgYjTFRyueZsm,5_T,1.0,2.0,1866,3732,0,2.4,True,False,10,40,I dont remember,1677263317266,EmY6Asi7ngDtC9mPS,0.5543229166666667
EqiikgYjTFRyueZsm,5_T,1.0,2.0,1866,3732,0,2.4,True,False,10,40,it didn't say,1677263326550,5dQrXBdm4SgzEqKeE,0.5543229166666667
EqiikgYjTFRyueZsm,5_T,1.0,2.0,1866,3732,0,2.4,True,False,10,40,we should all deduct from the zeros,1677263325956,EmY6Asi7ngDtC9mPS,0.5543229166666667
EqiikgYjTFRyueZsm,5_T,1.0,2.0,1866,3732,0,2.4,True,False,10,40,yes,1677263334376,5dQrXBdm4SgzEqKeE,0.5543229166666667
EqiikgYjTFRyueZsm,5_T,1.0,2.0,1866,3732,0,2.4,True,False,10,40,ok,1677263333721,K2ueQPs64B5uZtkb2,0.5543229166666667
EqiikgYjTFRyueZsm,5_T,1.0,2.0,1866,3732,0,2.4,True,False,10,40,i agree with rooster about deductions from the zero contributers,1677263383988,R4AkYB9Por6TXMqNn,0.5543229166666667
EqiikgYjTFRyueZsm,5_T,1.0,2.0,1866,3732,0,2.4,True,False,10,40,should deduct anyone not sharing 20,1677263402512,5dQrXBdm4SgzEqKeE,0.5543229166666667
EqiikgYjTFRyueZsm,5_T,1.0,2.0,1866,3732,0,2.4,True,False,10,40,a friend just finished with 23.00 bonus,1677263407321,EmY6Asi7ngDtC9mPS,0.5543229166666667
EqiikgYjTFRyueZsm,5_T,1.0,2.0,1866,3732,0,2.4,True,False,10,40,"I'm trying to increase my contribution, but some rounds it starts at ten, and in other rounds, it resets down to zero.  I can't tell what it's going to be",1677263408626,6NKdNbv67yx72QPDW,0.5543229166666667
EqiikgYjTFRyueZsm,5_T,1.0,2.0,1866,3732,0,2.4,True,False,10,40,I also am getting a max of 10,1677263458393,EmY6Asi7ngDtC9mPS,0.5543229166666667
EqiikgYjTFRyueZsm,5_T,1.0,2.0,1866,3732,0,2.4,True,False,10,40,u can click the buttons to change how much u share,1677263463543,5dQrXBdm4SgzEqKeE,0.5543229166666667
EqiikgYjTFRyueZsm,5_T,1.0,2.0,1866,3732,0,2.4,True,False,10,40,click the right most button. u guys confused,1677263493258,5dQrXBdm4SgzEqKeE,0.5543229166666667
EqiikgYjTFRyueZsm,5_T,1.0,2.0,1866,3732,0,2.4,True,False,10,40,moose sucks,1677263535584,EmY6Asi7ngDtC9mPS,0.5543229166666667
EqiikgYjTFRyueZsm,5_T,1.0,2.0,1866,3732,0,2.4,True,False,10,40,I think some kind of barnyard animal designed this interface,1677263582695,6NKdNbv67yx72QPDW,0.5543229166666667
EqiikgYjTFRyueZsm,5_T,1.0,2.0,1866,3732,0,2.4,True,False,10,40,deduct moose multiple times. not just once,1677263618991,5dQrXBdm4SgzEqKeE,0.5543229166666667
EqiikgYjTFRyueZsm,5_T,1.0,2.0,1866,3732,0,2.4,True,False,10,40,I have been,1677263628096,EmY6Asi7ngDtC9mPS,0.5543229166666667
EqiikgYjTFRyueZsm,5_T,1.0,2.0,1866,3732,0,2.4,True,False,10,40,he will make almost nothing if we all deduct him 3~4 times each round,1677263647755,5dQrXBdm4SgzEqKeE,0.5543229166666667
EqiikgYjTFRyueZsm,5_T,1.0,2.0,1866,3732,0,2.4,True,False,10,40,I've given my full amount each time. so why me?,1677263671502,TyJHmybFHmkohGsmg,0.5543229166666667
EqiikgYjTFRyueZsm,5_T,1.0,2.0,1866,3732,0,2.4,True,False,10,40,lol? u've been sharing 0,1677263687385,5dQrXBdm4SgzEqKeE,0.5543229166666667
EqiikgYjTFRyueZsm,5_T,1.0,2.0,1866,3732,0,2.4,True,False,10,40,are you blind,1677263693680,5dQrXBdm4SgzEqKeE,0.5543229166666667
EqiikgYjTFRyueZsm,5_T,1.0,2.0,1866,3732,0,2.4,True,False,10,40,you are giving zero,1677263690878,EmY6Asi7ngDtC9mPS,0.5543229166666667
EqiikgYjTFRyueZsm,5_T,1.0,2.0,1866,3732,0,2.4,True,False,10,40,Click the down arrow,1677263690796,q5xd5NiPvP23fr97d,0.5543229166666667
EqiikgYjTFRyueZsm,5_T,1.0,2.0,1866,3732,0,2.4,True,False,10,40,"moose, your full amount is 20, not 0!",1677263692731,R4AkYB9Por6TXMqNn,0.5543229166666667
EqiikgYjTFRyueZsm,5_T,1.0,2.0,1866,3732,0,2.4,True,False,10,40,"umm, no. 20",1677263695283,TyJHmybFHmkohGsmg,0.5543229166666667
EqiikgYjTFRyueZsm,5_T,1.0,2.0,1866,3732,0,2.4,True,False,10,40,"The ""Down"" arrow actually increases your contribution",1677263717929,6NKdNbv67yx72QPDW,0.5543229166666667
EqiikgYjTFRyueZsm,5_T,1.0,2.0,1866,3732,0,2.4,True,False,10,40,moose is trolling,1677263763209,5dQrXBdm4SgzEqKeE,0.5543229166666667
EqiikgYjTFRyueZsm,5_T,1.0,2.0,1866,3732,0,2.4,True,False,10,40,just deduct him,1677263765759,5dQrXBdm4SgzEqKeE,0.5543229166666667
EqiikgYjTFRyueZsm,5_T,1.0,2.0,1866,3732,0,2.4,True,False,10,40,moose is a bot?,1677263783619,R4AkYB9Por6TXMqNn,0.5543229166666667
EqiikgYjTFRyueZsm,5_T,1.0,2.0,1866,3732,0,2.4,True,False,10,40,he's a pos,1677263794154,5dQrXBdm4SgzEqKeE,0.5543229166666667
EqiikgYjTFRyueZsm,5_T,1.0,2.0,1866,3732,0,2.4,True,False,10,40,i think this study is about animal bullying,1677263803864,TyJHmybFHmkohGsmg,0.5543229166666667
EqiikgYjTFRyueZsm,5_T,1.0,2.0,1866,3732,0,2.4,True,False,10,40,"moose, why don't you want to cooperate and earn more money?",1677263827722,R4AkYB9Por6TXMqNn,0.5543229166666667
EqiikgYjTFRyueZsm,5_T,1.0,2.0,1866,3732,0,2.4,True,False,10,40,a plant to annoy us,1677263869684,EmY6Asi7ngDtC9mPS,0.5543229166666667
EqiikgYjTFRyueZsm,5_T,1.0,2.0,1866,3732,0,2.4,True,False,10,40,i am going to share 0 and spend all my earning on deducting him,1677263904318,5dQrXBdm4SgzEqKeE,0.5543229166666667
EqiikgYjTFRyueZsm,5_T,1.0,2.0,1866,3732,0,2.4,True,False,10,40,rofl,1677263909002,EmY6Asi7ngDtC9mPS,0.5543229166666667
EqiikgYjTFRyueZsm,5_T,1.0,2.0,1866,3732,0,2.4,True,False,10,40,he makes 0 and i make 0 too,1677263966959,5dQrXBdm4SgzEqKeE,0.5543229166666667
EqiikgYjTFRyueZsm,5_T,1.0,2.0,1866,3732,0,2.4,True,False,10,40,it's fine,1677263968051,5dQrXBdm4SgzEqKeE,0.5543229166666667
EqiikgYjTFRyueZsm,5_T,1.0,2.0,1866,3732,0,2.4,True,False,10,40,I have been deducting 6,1677264017297,EmY6Asi7ngDtC9mPS,0.5543229166666667
EqiikgYjTFRyueZsm,5_T,1.0,2.0,1866,3732,0,2.4,True,False,10,40,i deducted 34 every round. so he lost 68 every round,1677264044763,5dQrXBdm4SgzEqKeE,0.5543229166666667
EqiikgYjTFRyueZsm,5_T,1.0,2.0,1866,3732,0,2.4,True,False,10,40,awesome,1677264051304,EmY6Asi7ngDtC9mPS,0.5543229166666667
EqiikgYjTFRyueZsm,5_T,1.0,2.0,1866,3732,0,2.4,True,False,10,40,"monkey, why are you not sharing, you can still deduct from moose if you share, in fact you'll have more to deduct if you contribute more",1677264185553,R4AkYB9Por6TXMqNn,0.5543229166666667
EqiikgYjTFRyueZsm,5_T,1.0,2.0,1866,3732,0,2.4,True,False,10,40,"because i am not earning anything, while letting you guys earn",1677264203737,5dQrXBdm4SgzEqKeE,0.5543229166666667
EqiikgYjTFRyueZsm,5_T,1.0,2.0,1866,3732,0,2.4,True,False,10,40,"monkey, is your nickname bear?",1677264217803,EmY6Asi7ngDtC9mPS,0.5543229166666667
EqiikgYjTFRyueZsm,5_T,1.0,2.0,1866,3732,0,2.4,True,False,10,40,but monkey you are harming the group by not sharing,1677264226505,R4AkYB9Por6TXMqNn,0.5543229166666667
EqiikgYjTFRyueZsm,5_T,1.0,2.0,1866,3732,0,2.4,True,False,10,40,so is the moose,1677264236236,5dQrXBdm4SgzEqKeE,0.5543229166666667
EqiikgYjTFRyueZsm,5_T,1.0,2.0,1866,3732,0,2.4,True,False,10,40,i was sharing 20 until it became clear he wasn't gonna share at all,1677264265410,5dQrXBdm4SgzEqKeE,0.5543229166666667
EqiikgYjTFRyueZsm,5_T,1.0,2.0,1866,3732,0,2.4,True,False,10,40,"so two wrongs make a right, monkey?",1677264268266,R4AkYB9Por6TXMqNn,0.5543229166666667
EqiikgYjTFRyueZsm,5_T,1.0,2.0,1866,3732,0,2.4,True,False,10,40,so now i am spending all my earning to deduct him so he earns nothing,1677264275262,5dQrXBdm4SgzEqKeE,0.5543229166666667
EqiikgYjTFRyueZsm,5_T,1.0,2.0,1866,3732,0,2.4,True,False,10,40,yes it does in this case,1677264284373,5dQrXBdm4SgzEqKeE,0.5543229166666667
EqiikgYjTFRyueZsm,5_T,1.0,2.0,1866,3732,0,2.4,True,False,10,40,it's better to share the max 20,1677264286401,R4AkYB9Por6TXMqNn,0.5543229166666667
EqiikgYjTFRyueZsm,5_T,1.0,2.0,1866,3732,0,2.4,True,False,10,40,moose isn't,1677264295517,5dQrXBdm4SgzEqKeE,0.5543229166666667
EqiikgYjTFRyueZsm,5_T,1.0,2.0,1866,3732,0,2.4,True,False,10,40,monkey we can't trust that,1677264292616,K2ueQPs64B5uZtkb2,0.5543229166666667
EqiikgYjTFRyueZsm,5_T,1.0,2.0,1866,3732,0,2.4,True,False,10,40,"monkey, stop being entitled and selfish",1677264320889,R4AkYB9Por6TXMqNn,0.5543229166666667
EqiikgYjTFRyueZsm,5_T,1.0,2.0,1866,3732,0,2.4,True,False,10,40,what?,1677264331301,5dQrXBdm4SgzEqKeE,0.5543229166666667
EqiikgYjTFRyueZsm,5_T,1.0,2.0,1866,3732,0,2.4,True,False,10,40,tell that to moose,1677264333274,5dQrXBdm4SgzEqKeE,0.5543229166666667
EqiikgYjTFRyueZsm,5_T,1.0,2.0,1866,3732,0,2.4,True,False,10,40,are u kidding me,1677264334966,5dQrXBdm4SgzEqKeE,0.5543229166666667
EqiikgYjTFRyueZsm,5_T,1.0,2.0,1866,3732,0,2.4,True,False,10,40,u probably have more points than me,1677264347812,5dQrXBdm4SgzEqKeE,0.5543229166666667
EqiikgYjTFRyueZsm,5_T,1.0,2.0,1866,3732,0,2.4,True,False,10,40,monkey is now the troll king/queen,1677264364209,R4AkYB9Por6TXMqNn,0.5543229166666667
EqiikgYjTFRyueZsm,5_T,1.0,2.0,1866,3732,0,2.4,True,False,10,40,I think he is being rightious,1677264365138,EmY6Asi7ngDtC9mPS,0.5543229166666667
EqiikgYjTFRyueZsm,5_T,1.0,2.0,1866,3732,0,2.4,True,False,10,40,how when moose has shared almost nothing?,1677264382973,5dQrXBdm4SgzEqKeE,0.5543229166666667
EqiikgYjTFRyueZsm,5_T,1.0,2.0,1866,3732,0,2.4,True,False,10,40,i was sharing 20 for at least 10 rounds,1677264393464,5dQrXBdm4SgzEqKeE,0.5543229166666667
EqiikgYjTFRyueZsm,5_T,1.0,2.0,1866,3732,0,2.4,True,False,10,40,so why stop sharing monkey?,1677264410817,R4AkYB9Por6TXMqNn,0.5543229166666667
EqiikgYjTFRyueZsm,5_T,1.0,2.0,1866,3732,0,2.4,True,False,10,40,monkey is making moose lose money,1677264412136,EmY6Asi7ngDtC9mPS,0.5543229166666667
EqiikgYjTFRyueZsm,5_T,1.0,2.0,1866,3732,0,2.4,True,False,10,40,^,1677264427779,5dQrXBdm4SgzEqKeE,0.5543229166666667
EqiikgYjTFRyueZsm,5_T,1.0,2.0,1866,3732,0,2.4,True,False,10,40,"monkey is mooching, there's no proof monkey is doing anything positive",1677264459985,R4AkYB9Por6TXMqNn,0.5543229166666667
EqiikgYjTFRyueZsm,5_T,1.0,2.0,1866,3732,0,2.4,True,False,10,40,u don't have to believe me. fine,1677264477331,5dQrXBdm4SgzEqKeE,0.5543229166666667
EqiikgYjTFRyueZsm,5_T,1.0,2.0,1866,3732,0,2.4,True,False,10,40,"monkey, your strategy makes no sense, you lie about your motives",1677264532776,R4AkYB9Por6TXMqNn,0.5543229166666667
EqiikgYjTFRyueZsm,5_T,1.0,2.0,1866,3732,0,2.4,True,False,10,40,"yo, go  cry to moose",1677264553176,5dQrXBdm4SgzEqKeE,0.5543229166666667
EqiikgYjTFRyueZsm,5_T,1.0,2.0,1866,3732,0,2.4,True,False,10,40,not me,1677264554020,5dQrXBdm4SgzEqKeE,0.5543229166666667
EqiikgYjTFRyueZsm,5_T,1.0,2.0,1866,3732,0,2.4,True,False,10,40,yea not showing deductions now,1677264552149,2MSF5GmiTNsx9PJrj,0.5543229166666667
EqiikgYjTFRyueZsm,5_T,1.0,2.0,1866,3732,0,2.4,True,False,10,40,HOW LONG IS THIS GAME,1677264784309,osqCMML5j65dCpoQF,0.5543229166666667
EqiikgYjTFRyueZsm,5_T,1.0,2.0,1866,3732,0,2.4,True,False,10,40,40 rounds I think,1677264801921,EmY6Asi7ngDtC9mPS,0.5543229166666667
EqiikgYjTFRyueZsm,5_T,1.0,2.0,1866,3732,0,2.4,True,False,10,40,35,1677264812765,2MSF5GmiTNsx9PJrj,0.5543229166666667
EqiikgYjTFRyueZsm,5_T,1.0,2.0,1866,3732,0,2.4,True,False,10,40,This could have been really great :(,1677265045648,EmY6Asi7ngDtC9mPS,0.5543229166666667
EqiikgYjTFRyueZsm,5_T,1.0,2.0,1866,3732,0,2.4,True,False,10,40,i just dropped a 200 deduct on moose,1677265066683,5dQrXBdm4SgzEqKeE,0.5543229166666667
EqiikgYjTFRyueZsm,5_T,1.0,2.0,1866,3732,0,2.4,True,False,10,40,and i am finishing this with less than 600 points,1677265073213,5dQrXBdm4SgzEqKeE,0.5543229166666667
EqiikgYjTFRyueZsm,5_T,1.0,2.0,1866,3732,0,2.4,True,False,10,40,"can anyone else see the ""Payoff received by all players from the pool"" because I am not seeing this info at all, it's been broken every round I've played",1677265251399,R4AkYB9Por6TXMqNn,0.5543229166666667
EqiikgYjTFRyueZsm,5_T,1.0,2.0,1866,3732,0,2.4,True,False,10,40,I see it,1677265301838,2MSF5GmiTNsx9PJrj,0.5543229166666667
EqiikgYjTFRyueZsm,5_T,1.0,2.0,1866,3732,0,2.4,True,False,10,40,I can see it,1677265308603,q5xd5NiPvP23fr97d,0.5543229166666667
AsksqjZ3o5evkoYXu,2_T,1.0,1.0,256,245,11,3.2,True,True,8,5,,0,NULL_SPEAKER,0.4828125
