gameId,treatmentName,efficiency,rewardExists,punishmentCost,punishmentMagnitude,total_costs,total_penalties,total_rewards,total_coin_gen,max_coin_gen,multiplier,punishmentExists,rewardExists,chat,chat_log,playerCount,numRounds
MnarujjeewXn9m7sz,4_T,1.2586309523809525,True,3.0,9.0,1419,27,4230,12687,10080.0,5.6,True,True,False,,6,15
u5ha44udM2BMXBZnj,1_C,1.1433747412008282,True,2.0,4.0,3280,0,6560,22090,19320.0,4.6,False,True,False,,6,35
gSojrSFyc4ASdFmCt,8_C,1.0033333333333334,False,2.0,7.0,0,0,0,602,600.0,1.0,False,False,False,,3,10
vEWvuFNWzMJuyGdrH,0_T,1.0,False,3.0,9.0,0,0,0,1040,1040.0,1.3,True,False,True,"{""text"":""Nice, If we contribute all of our coins each time, we will get the most payout."",""avatar"":""sloth"",""playerId"":""L5Sy83kBiyXoDhg6D"",""gamePhase"":""Round 0 - outcome"",""id"":""3ada4b"",""timestamp"":1677262097074},{""text"":""Sounds good."",""avatar"":""gorilla"",""playerId"":""zn7zNZvgQjhN4Qsty"",""gamePhase"":""Round 0 - summary"",""id"":""320dc7f"",""timestamp"":1677262112288}",2,20
CgLiTN2jqAdKetEW4,3_T,0.9967361111111112,False,4.0,13.0,4,13,0,14353,14400.0,4.0,True,False,True,,4,45
Rvu6PirXKhM3e2QNy,9_T,0.9930875576036866,True,3.0,4.0,15,20,0,38790,39060.0,6.2,True,True,True,"{""text"":""lets maximize bonus by adding 20 each round"",""avatar"":""parrot"",""playerId"":""hu6NsCTMTZjCaYn7W"",""gamePhase"":""Round 1 - contribution"",""id"":""dbb3b23"",""timestamp"":1677262432045},{""text"":""Agreed"",""avatar"":""gorilla"",""playerId"":""6ujvPbtmpp5Rk4Yn4"",""gamePhase"":""Round 1 - outcome"",""id"":""31c7c0d"",""timestamp"":1677262447560},{""text"":""I agree."",""avatar"":""chicken"",""playerId"":""LiP2Tz788dPrJL9X7"",""gamePhase"":""Round 1 - outcome"",""id"":""3e858cf"",""timestamp"":1677262355673},{""text"":""agree"",""avatar"":""sloth"",""playerId"":""33AmrszcNBofe6kQK"",""gamePhase"":""Round 1 - outcome"",""id"":""0e4c786"",""timestamp"":1677262456043},{""text"":""im 20 all day"",""avatar"":""parrot"",""playerId"":""hu6NsCTMTZjCaYn7W"",""gamePhase"":""Round 1 - summary"",""id"":""1ac2c7d"",""timestamp"":1677262468089},{""text"":""come on moose"",""avatar"":""parrot"",""playerId"":""hu6NsCTMTZjCaYn7W"",""gamePhase"":""Round 1 - summary"",""id"":""4865d1b"",""timestamp"":1677262475200},{""text"":""thank you very much"",""avatar"":""parrot"",""playerId"":""hu6NsCTMTZjCaYn7W"",""gamePhase"":""Round 6 - outcome"",""id"":""f45cb6a"",""timestamp"":1677262612240},{""text"":""sorry"",""avatar"":""sloth"",""playerId"":""33AmrszcNBofe6kQK"",""gamePhase"":""Round 21 - contribution"",""id"":""ae76e8f"",""timestamp"":1677262886144}",7,45
ufttuN8GvJi76BD9G,5_C,0.9626041666666667,False,1.0,2.0,0,0,0,18482,19200.0,2.4,False,False,True,"{""text"":""hey hey"",""avatar"":""dog"",""playerId"":""bNSP6hWcwcFADoWmP"",""gamePhase"":""Round 0 - contribution"",""id"":""70db0c6"",""timestamp"":1677262156018},{""text"":""yo"",""avatar"":""chicken"",""playerId"":""YWAy95YfuHXsKtQzf"",""gamePhase"":""Round 0 - contribution"",""id"":""751d483"",""timestamp"":1677262158730},{""text"":""hey gang"",""avatar"":""sloth"",""playerId"":""DXnnTAjxLe6pEwPsA"",""gamePhase"":""Round 0 - contribution"",""id"":""6855d94"",""timestamp"":1677262160086},{""text"":""hi"",""avatar"":""gorilla"",""playerId"":""GpbjDzxJS2opK8F8r"",""gamePhase"":""Round 0 - contribution"",""id"":""4c7f67c"",""timestamp"":1677262165918},{""text"":""hi"",""avatar"":""chick"",""playerId"":""zs4ePmS88BJhQ2MKH"",""gamePhase"":""Round 0 - contribution"",""id"":""0317f51"",""timestamp"":1677262169954},{""text"":""hi"",""avatar"":""owl"",""playerId"":""xnMSaWX3DHBEwTFEx"",""gamePhase"":""Round 0 - contribution"",""id"":""71389e4"",""timestamp"":1677262164636},{""text"":""hey"",""avatar"":""rabbit"",""playerId"":""wjwKAzezsvKEKzoZC"",""gamePhase"":""Round 0 - outcome"",""id"":""0efb477"",""timestamp"":1677262176743},{""text"":""lets all submit max so we get the max payout"",""avatar"":""rabbit"",""playerId"":""wjwKAzezsvKEKzoZC"",""gamePhase"":""Round 0 - outcome"",""id"":""d8936b3"",""timestamp"":1677262187832},{""text"":""If everybody's generous, we all get paid more, no reason not to go all in :D"",""avatar"":""sloth"",""playerId"":""DXnnTAjxLe6pEwPsA"",""gamePhase"":""Round 0 - outcome"",""id"":""36a1eee"",""timestamp"":1677262197051},{""text"":""exactly"",""avatar"":""dog"",""playerId"":""bNSP6hWcwcFADoWmP"",""gamePhase"":""Round 0 - summary"",""id"":""2052b4f"",""timestamp"":1677262204077},{""text"":""so do 20 lol"",""avatar"":""dog"",""playerId"":""bNSP6hWcwcFADoWmP"",""gamePhase"":""Round 0 - summary"",""id"":""5e1ee88"",""timestamp"":1677262212369},{""text"":""im going all in the first few rounds if everyone follows it will be great"",""avatar"":""chicken"",""playerId"":""YWAy95YfuHXsKtQzf"",""gamePhase"":""Round 0 - summary"",""id"":""c599e4"",""timestamp"":1677262214235},{""text"":""me too"",""avatar"":""rabbit"",""playerId"":""wjwKAzezsvKEKzoZC"",""gamePhase"":""Round 0 - summary"",""id"":""2458418"",""timestamp"":1677262213881},{""text"":""I will do 20 this round and see if others do as well"",""avatar"":""chick"",""playerId"":""zs4ePmS88BJhQ2MKH"",""gamePhase"":""Round 0 - summary"",""id"":""7862795"",""timestamp"":1677262222200},{""text"":""or I guess next round"",""avatar"":""chick"",""playerId"":""zs4ePmS88BJhQ2MKH"",""gamePhase"":""Round 0 - summary"",""id"":""f9c3c2c"",""timestamp"":1677262239605},{""text"":""putting in 20"",""avatar"":""chicken"",""playerId"":""YWAy95YfuHXsKtQzf"",""gamePhase"":""Round 1 - contribution"",""id"":""54e2f3e"",""timestamp"":1677262252379},{""text"":""could always establish an agreement if someone gets greedy to where we decrease what we all give"",""avatar"":""dog"",""playerId"":""bNSP6hWcwcFADoWmP"",""gamePhase"":""Round 1 - contribution"",""id"":""c9b46fd"",""timestamp"":1677262262670},{""text"":""20"",""avatar"":""parrot"",""playerId"":""qYy9r8RHZprsHtqrz"",""gamePhase"":""Round 1 - contribution"",""id"":""9776b588"",""timestamp"":1677262261651},{""text"":""lol and 6 zeros"",""avatar"":""dog"",""playerId"":""bNSP6hWcwcFADoWmP"",""gamePhase"":""Round 1 - outcome"",""id"":""4974d47"",""timestamp"":1677262276485},{""text"":""greedy animals!"",""avatar"":""rabbit"",""playerId"":""wjwKAzezsvKEKzoZC"",""gamePhase"":""Round 1 - outcome"",""id"":""cf6c6ad"",""timestamp"":1677262275667},{""text"":""come on guys, we're gonna give less at that rate"",""avatar"":""dog"",""playerId"":""bNSP6hWcwcFADoWmP"",""gamePhase"":""Round 1 - outcome"",""id"":""86137b4"",""timestamp"":1677262285702},{""text"":""well thats it boys"",""avatar"":""chicken"",""playerId"":""YWAy95YfuHXsKtQzf"",""gamePhase"":""Round 1 - outcome"",""id"":""835e82e"",""timestamp"":1677262286508},{""text"":""im done"",""avatar"":""chicken"",""playerId"":""YWAy95YfuHXsKtQzf"",""gamePhase"":""Round 1 - outcome"",""id"":""fc0c6d4"",""timestamp"":1677262287898},{""text"":""and then you're just hurting yourself and everyone else"",""avatar"":""dog"",""playerId"":""bNSP6hWcwcFADoWmP"",""gamePhase"":""Round 1 - outcome"",""id"":""932a49e"",""timestamp"":1677262292731},{""text"":""no money here on out"",""avatar"":""chicken"",""playerId"":""YWAy95YfuHXsKtQzf"",""gamePhase"":""Round 1 - outcome"",""id"":""4d4fa85"",""timestamp"":1677262292794},{""text"":""me too"",""avatar"":""rabbit"",""playerId"":""wjwKAzezsvKEKzoZC"",""gamePhase"":""Round 1 - outcome"",""id"":""312484c"",""timestamp"":1677262288120},{""text"":""same"",""avatar"":""chick"",""playerId"":""zs4ePmS88BJhQ2MKH"",""gamePhase"":""Round 1 - outcome"",""id"":""81f2da6"",""timestamp"":1677262300594},{""text"":""still beneficial to donate 20 until we get less than 20 in return"",""avatar"":""parrot"",""playerId"":""qYy9r8RHZprsHtqrz"",""gamePhase"":""Round 1 - outcome"",""id"":""de3be37"",""timestamp"":1677262309686},{""text"":""can't believe some don't understand the concept of all of us going all in"",""avatar"":""rabbit"",""playerId"":""wjwKAzezsvKEKzoZC"",""gamePhase"":""Round 1 - summary"",""id"":""4fd6a98"",""timestamp"":1677262327632},{""text"":""I didn't actually have the option right now to put in any"",""avatar"":""chick"",""playerId"":""zs4ePmS88BJhQ2MKH"",""gamePhase"":""Round 1 - summary"",""id"":""57ab23c"",""timestamp"":1677262346027},{""text"":""If we stop contributing they won't earn anything, maybe they'll learn the lesson"",""avatar"":""sloth"",""playerId"":""DXnnTAjxLe6pEwPsA"",""gamePhase"":""Round 1 - summary"",""id"":""634a295"",""timestamp"":1677262351529},{""text"":""I put in 20"",""avatar"":""moose"",""playerId"":""ur2LEhyK8LP5xq7C4"",""gamePhase"":""Round 1 - summary"",""id"":""8aef553"",""timestamp"":1677262360532},{""text"":""showed you put 0"",""avatar"":""dog"",""playerId"":""bNSP6hWcwcFADoWmP"",""gamePhase"":""Round 2 - contribution"",""id"":""69c5c21"",""timestamp"":1677262369598},{""text"":""20"",""avatar"":""parrot"",""playerId"":""qYy9r8RHZprsHtqrz"",""gamePhase"":""Round 2 - contribution"",""id"":""c14a47c"",""timestamp"":1677262370571},{""text"":""I put in 20 this time"",""avatar"":""chick"",""playerId"":""zs4ePmS88BJhQ2MKH"",""gamePhase"":""Round 2 - contribution"",""id"":""9fa0161"",""timestamp"":1677262383196},{""text"":""ill do 20 in agian final time tho"",""avatar"":""rabbit"",""playerId"":""wjwKAzezsvKEKzoZC"",""gamePhase"":""Round 2 - contribution"",""id"":""a002cd1"",""timestamp"":1677262377790},{""text"":""really?"",""avatar"":""moose"",""playerId"":""ur2LEhyK8LP5xq7C4"",""gamePhase"":""Round 2 - contribution"",""id"":""762f9ac"",""timestamp"":1677262385699},{""text"":""i'll do 20 but next round if we have 0s, i'm lowering to 10 and then if still 0s, then i'll do 5"",""avatar"":""dog"",""playerId"":""bNSP6hWcwcFADoWmP"",""gamePhase"":""Round 2 - contribution"",""id"":""40dc61a"",""timestamp"":1677262389717},{""text"":""I did 20 the first two rounds, I'm staying 0 unless a majority of the group starts contributing"",""avatar"":""sloth"",""playerId"":""DXnnTAjxLe6pEwPsA"",""gamePhase"":""Round 2 - contribution"",""id"":""555c84a"",""timestamp"":1677262396125},{""text"":""for real last time im doing 20"",""avatar"":""chicken"",""playerId"":""YWAy95YfuHXsKtQzf"",""gamePhase"":""Round 2 - contribution"",""id"":""0b4895e"",""timestamp"":1677262396875},{""text"":""anything after that, 0 until the normal 0s start giving"",""avatar"":""dog"",""playerId"":""bNSP6hWcwcFADoWmP"",""gamePhase"":""Round 2 - contribution"",""id"":""cf22fd2"",""timestamp"":1677262398196},{""text"":""3/9 isn't enough"",""avatar"":""sloth"",""playerId"":""DXnnTAjxLe6pEwPsA"",""gamePhase"":""Round 2 - contribution"",""id"":""bd2cb9c"",""timestamp"":1677262399016},{""text"":""hey much better"",""avatar"":""sloth"",""playerId"":""DXnnTAjxLe6pEwPsA"",""gamePhase"":""Round 2 - outcome"",""id"":""eb90266"",""timestamp"":1677262413756},{""text"":""make sure the coins go down, into the bowl."",""avatar"":""owl"",""playerId"":""xnMSaWX3DHBEwTFEx"",""gamePhase"":""Round 2 - outcome"",""id"":""ecbfa82"",""timestamp"":1677262415324},{""text"":""agreement to all lower until the 5 start giving?"",""avatar"":""dog"",""playerId"":""bNSP6hWcwcFADoWmP"",""gamePhase"":""Round 2 - outcome"",""id"":""fbf1ab1"",""timestamp"":1677262438592},{""text"":""lower to 10?"",""avatar"":""rabbit"",""playerId"":""wjwKAzezsvKEKzoZC"",""gamePhase"":""Round 2 - outcome"",""id"":""b231d9e"",""timestamp"":1677262441611},{""text"":""yup lower to 10"",""avatar"":""dog"",""playerId"":""bNSP6hWcwcFADoWmP"",""gamePhase"":""Round 2 - summary"",""id"":""2236db7"",""timestamp"":1677262458756},{""text"":""okay 10"",""avatar"":""chicken"",""playerId"":""YWAy95YfuHXsKtQzf"",""gamePhase"":""Round 2 - summary"",""id"":""9a1a53f"",""timestamp"":1677262463995},{""text"":""you 5 are literally screwing all of us and yourself"",""avatar"":""dog"",""playerId"":""bNSP6hWcwcFADoWmP"",""gamePhase"":""Round 2 - summary"",""id"":""05f80b"",""timestamp"":1677262469435},{""text"":""YEah I can't put any in again. Like no where to do that right now"",""avatar"":""chick"",""playerId"":""zs4ePmS88BJhQ2MKH"",""gamePhase"":""Round 2 - summary"",""id"":""125222e"",""timestamp"":1677262470957},{""text"":""It's not time for that"",""avatar"":""sloth"",""playerId"":""DXnnTAjxLe6pEwPsA"",""gamePhase"":""Round 2 - summary"",""id"":""f8b50cc"",""timestamp"":1677262477156},{""text"":""this is a convo round"",""avatar"":""dog"",""playerId"":""bNSP6hWcwcFADoWmP"",""gamePhase"":""Round 2 - summary"",""id"":""307408d"",""timestamp"":1677262484165},{""text"":""next round is money"",""avatar"":""dog"",""playerId"":""bNSP6hWcwcFADoWmP"",""gamePhase"":""Round 2 - summary"",""id"":""2fe1b2b"",""timestamp"":1677262486321},{""text"":""all 10s now for everyone"",""avatar"":""dog"",""playerId"":""bNSP6hWcwcFADoWmP"",""gamePhase"":""Round 2 - summary"",""id"":""01f70fc"",""timestamp"":1677262495086},{""text"":""<---- Got it"",""avatar"":""chick"",""playerId"":""zs4ePmS88BJhQ2MKH"",""gamePhase"":""Round 2 - summary"",""id"":""0d95bb"",""timestamp"":1677262496479},{""text"":""10"",""avatar"":""dog"",""playerId"":""bNSP6hWcwcFADoWmP"",""gamePhase"":""Round 3 - contribution"",""id"":""67b794e"",""timestamp"":1677262503748},{""text"":""10"",""avatar"":""chicken"",""playerId"":""YWAy95YfuHXsKtQzf"",""gamePhase"":""Round 3 - contribution"",""id"":""e41d6cd"",""timestamp"":1677262511722},{""text"":""10"",""avatar"":""rabbit"",""playerId"":""wjwKAzezsvKEKzoZC"",""gamePhase"":""Round 3 - contribution"",""id"":""1157ebc"",""timestamp"":1677262506084},{""text"":""much better !"",""avatar"":""chicken"",""playerId"":""YWAy95YfuHXsKtQzf"",""gamePhase"":""Round 3 - outcome"",""id"":""8cd554a"",""timestamp"":1677262531082},{""text"":""LOL"",""avatar"":""rabbit"",""playerId"":""wjwKAzezsvKEKzoZC"",""gamePhase"":""Round 3 - outcome"",""id"":""ec0520f"",""timestamp"":1677262524687},{""text"":""press the down button to give"",""avatar"":""owl"",""playerId"":""xnMSaWX3DHBEwTFEx"",""gamePhase"":""Round 3 - outcome"",""id"":""a52667e"",""timestamp"":1677262533100},{""text"":""duck didn't put any in"",""avatar"":""rabbit"",""playerId"":""wjwKAzezsvKEKzoZC"",""gamePhase"":""Round 3 - outcome"",""id"":""cb0e915"",""timestamp"":1677262535803},{""text"":""ROAST THE DUCK!"",""avatar"":""rabbit"",""playerId"":""wjwKAzezsvKEKzoZC"",""gamePhase"":""Round 3 - summary"",""id"":""17e86cc"",""timestamp"":1677262545678},{""text"":""we never going to get everyone"",""avatar"":""chicken"",""playerId"":""YWAy95YfuHXsKtQzf"",""gamePhase"":""Round 3 - summary"",""id"":""b53a9c8"",""timestamp"":1677262554554},{""text"":""down goes into the pot"",""avatar"":""owl"",""playerId"":""xnMSaWX3DHBEwTFEx"",""gamePhase"":""Round 3 - summary"",""id"":""d702161"",""timestamp"":1677262548029},{""text"":""I didn't have anywhere to give"",""avatar"":""chick"",""playerId"":""zs4ePmS88BJhQ2MKH"",""gamePhase"":""Round 3 - summary"",""id"":""ef623b8"",""timestamp"":1677262556488},{""text"":""press the down button"",""avatar"":""owl"",""playerId"":""xnMSaWX3DHBEwTFEx"",""gamePhase"":""Round 3 - summary"",""id"":""20c6353"",""timestamp"":1677262557964},{""text"":""duck be like \""idk how to play\"" lol"",""avatar"":""rabbit"",""playerId"":""wjwKAzezsvKEKzoZC"",""gamePhase"":""Round 3 - summary"",""id"":""36206c3"",""timestamp"":1677262566361},{""text"":""alright so next round since that was better, what do you think about uping it?"",""avatar"":""dog"",""playerId"":""bNSP6hWcwcFADoWmP"",""gamePhase"":""Round 3 - summary"",""id"":""1fb112"",""timestamp"":1677262577539},{""text"":""I don't always have a button to press."",""avatar"":""chick"",""playerId"":""zs4ePmS88BJhQ2MKH"",""gamePhase"":""Round 3 - summary"",""id"":""9bb181"",""timestamp"":1677262580443},{""text"":""15?"",""avatar"":""rabbit"",""playerId"":""wjwKAzezsvKEKzoZC"",""gamePhase"":""Round 3 - summary"",""id"":""ebd9987"",""timestamp"":1677262575262},{""text"":""Let's go to 15"",""avatar"":""sloth"",""playerId"":""DXnnTAjxLe6pEwPsA"",""gamePhase"":""Round 3 - summary"",""id"":""f28fb27"",""timestamp"":1677262583399},{""text"":""yeah 15 is what i was thinking as well"",""avatar"":""dog"",""playerId"":""bNSP6hWcwcFADoWmP"",""gamePhase"":""Round 3 - summary"",""id"":""b8c995"",""timestamp"":1677262589731},{""text"":""everyone go 20,"",""avatar"":""owl"",""playerId"":""xnMSaWX3DHBEwTFEx"",""gamePhase"":""Round 3 - summary"",""id"":""36b770d"",""timestamp"":1677262582836},{""text"":""20 or 15"",""avatar"":""moose"",""playerId"":""ur2LEhyK8LP5xq7C4"",""gamePhase"":""Round 3 - summary"",""id"":""54619cf"",""timestamp"":1677262593135},{""text"":""15"",""avatar"":""dog"",""playerId"":""bNSP6hWcwcFADoWmP"",""gamePhase"":""Round 4 - contribution"",""id"":""011a8ae"",""timestamp"":1677262598529},{""text"":""down"",""avatar"":""owl"",""playerId"":""xnMSaWX3DHBEwTFEx"",""gamePhase"":""Round 4 - contribution"",""id"":""5089b77"",""timestamp"":1677262599740},{""text"":""15"",""avatar"":""rabbit"",""playerId"":""wjwKAzezsvKEKzoZC"",""gamePhase"":""Round 4 - contribution"",""id"":""c5de66f"",""timestamp"":1677262600164},{""text"":""15 for now i guess"",""avatar"":""chicken"",""playerId"":""YWAy95YfuHXsKtQzf"",""gamePhase"":""Round 4 - contribution"",""id"":""0cbbf6c"",""timestamp"":1677262612653},{""text"":""Let's see if chicken can figure it out or if they're just trolling"",""avatar"":""sloth"",""playerId"":""DXnnTAjxLe6pEwPsA"",""gamePhase"":""Round 4 - contribution"",""id"":""78d86d"",""timestamp"":1677262613183},{""text"":""down arrow to give"",""avatar"":""owl"",""playerId"":""xnMSaWX3DHBEwTFEx"",""gamePhase"":""Round 4 - contribution"",""id"":""eed7dbb"",""timestamp"":1677262606246},{""text"":""evil duck acting all innocent lol"",""avatar"":""rabbit"",""playerId"":""wjwKAzezsvKEKzoZC"",""gamePhase"":""Round 4 - contribution"",""id"":""c52897c"",""timestamp"":1677262613799},{""text"":""into the bowl"",""avatar"":""owl"",""playerId"":""xnMSaWX3DHBEwTFEx"",""gamePhase"":""Round 4 - contribution"",""id"":""446b2d2"",""timestamp"":1677262614886},{""text"":""oh that's a duck"",""avatar"":""sloth"",""playerId"":""DXnnTAjxLe6pEwPsA"",""gamePhase"":""Round 4 - contribution"",""id"":""df2c642"",""timestamp"":1677262625005},{""text"":""Not trolling- it was working earlier when I did it"",""avatar"":""chick"",""playerId"":""zs4ePmS88BJhQ2MKH"",""gamePhase"":""Round 4 - contribution"",""id"":""dd26fa8"",""timestamp"":1677262637094},{""text"":""Well it's not working now"",""avatar"":""sloth"",""playerId"":""DXnnTAjxLe6pEwPsA"",""gamePhase"":""Round 4 - outcome"",""id"":""f8c6ac"",""timestamp"":1677262645318},{""text"":""Seems like most people are on board with the game plan now - let's go back to 20?"",""avatar"":""sloth"",""playerId"":""DXnnTAjxLe6pEwPsA"",""gamePhase"":""Round 4 - outcome"",""id"":""4426e97"",""timestamp"":1677262661019},{""text"":""im okay with that"",""avatar"":""chicken"",""playerId"":""YWAy95YfuHXsKtQzf"",""gamePhase"":""Round 4 - summary"",""id"":""e0e6c7a"",""timestamp"":1677262670885},{""text"":""def trolling"",""avatar"":""rabbit"",""playerId"":""wjwKAzezsvKEKzoZC"",""gamePhase"":""Round 4 - summary"",""id"":""39ade2a"",""timestamp"":1677262665880},{""text"":""yup 20 looks good, unless we get multiple 0s"",""avatar"":""dog"",""playerId"":""bNSP6hWcwcFADoWmP"",""gamePhase"":""Round 4 - summary"",""id"":""6ccfde5"",""timestamp"":1677262675516},{""text"":""either trolling, bot, or researcher"",""avatar"":""dog"",""playerId"":""bNSP6hWcwcFADoWmP"",""gamePhase"":""Round 4 - summary"",""id"":""bf9e602"",""timestamp"":1677262686461},{""text"":""you gave 0 multiple rounds now"",""avatar"":""rabbit"",""playerId"":""wjwKAzezsvKEKzoZC"",""gamePhase"":""Round 4 - summary"",""id"":""8553527"",""timestamp"":1677262678429},{""text"":""yeah and default is 10"",""avatar"":""dog"",""playerId"":""bNSP6hWcwcFADoWmP"",""gamePhase"":""Round 4 - summary"",""id"":""39bdaf1"",""timestamp"":1677262694353},{""text"":""go twenty"",""avatar"":""owl"",""playerId"":""xnMSaWX3DHBEwTFEx"",""gamePhase"":""Round 4 - summary"",""id"":""1683957"",""timestamp"":1677262690870},{""text"":""exactly"",""avatar"":""rabbit"",""playerId"":""wjwKAzezsvKEKzoZC"",""gamePhase"":""Round 4 - summary"",""id"":""9ee7cc"",""timestamp"":1677262691819},{""text"":""20"",""avatar"":""dog"",""playerId"":""bNSP6hWcwcFADoWmP"",""gamePhase"":""Round 5 - contribution"",""id"":""77722a9"",""timestamp"":1677262714295},{""text"":""20"",""avatar"":""rabbit"",""playerId"":""wjwKAzezsvKEKzoZC"",""gamePhase"":""Round 5 - contribution"",""id"":""37617b2"",""timestamp"":1677262706365},{""text"":""20"",""avatar"":""sloth"",""playerId"":""DXnnTAjxLe6pEwPsA"",""gamePhase"":""Round 5 - contribution"",""id"":""7f4c8ca"",""timestamp"":1677262714933},{""text"":""20"",""avatar"":""chicken"",""playerId"":""YWAy95YfuHXsKtQzf"",""gamePhase"":""Round 5 - contribution"",""id"":""3cfd4c"",""timestamp"":1677262715482},{""text"":""sweeet"",""avatar"":""rabbit"",""playerId"":""wjwKAzezsvKEKzoZC"",""gamePhase"":""Round 5 - outcome"",""id"":""2df734f"",""timestamp"":1677262719861},{""text"":""not bad"",""avatar"":""chicken"",""playerId"":""YWAy95YfuHXsKtQzf"",""gamePhase"":""Round 5 - outcome"",""id"":""c08fb08"",""timestamp"":1677262730274},{""text"":""great, except for moose"",""avatar"":""dog"",""playerId"":""bNSP6hWcwcFADoWmP"",""gamePhase"":""Round 5 - outcome"",""id"":""c8ef0b"",""timestamp"":1677262732365},{""text"":""except for the moose"",""avatar"":""rabbit"",""playerId"":""wjwKAzezsvKEKzoZC"",""gamePhase"":""Round 5 - outcome"",""id"":""4b89d56"",""timestamp"":1677262723928},{""text"":""im going with 20 again"",""avatar"":""chicken"",""playerId"":""YWAy95YfuHXsKtQzf"",""gamePhase"":""Round 5 - summary"",""id"":""71be26"",""timestamp"":1677262773979},{""text"":""20 again until more stop"",""avatar"":""rabbit"",""playerId"":""wjwKAzezsvKEKzoZC"",""gamePhase"":""Round 5 - summary"",""id"":""715bfd3"",""timestamp"":1677262767126},{""text"":""same as well"",""avatar"":""dog"",""playerId"":""bNSP6hWcwcFADoWmP"",""gamePhase"":""Round 5 - summary"",""id"":""9bf361c"",""timestamp"":1677262780035},{""text"":""yup"",""avatar"":""chicken"",""playerId"":""YWAy95YfuHXsKtQzf"",""gamePhase"":""Round 5 - summary"",""id"":""a93acd5"",""timestamp"":1677262781155},{""text"":""if a lot of people start lowering, we lower"",""avatar"":""dog"",""playerId"":""bNSP6hWcwcFADoWmP"",""gamePhase"":""Round 5 - summary"",""id"":""734055e"",""timestamp"":1677262784095},{""text"":""great, there we go"",""avatar"":""dog"",""playerId"":""bNSP6hWcwcFADoWmP"",""gamePhase"":""Round 6 - outcome"",""id"":""71ead35"",""timestamp"":1677262804544},{""text"":""huzzah"",""avatar"":""sloth"",""playerId"":""DXnnTAjxLe6pEwPsA"",""gamePhase"":""Round 6 - outcome"",""id"":""9b50267"",""timestamp"":1677262804072},{""text"":""perfection"",""avatar"":""rabbit"",""playerId"":""wjwKAzezsvKEKzoZC"",""gamePhase"":""Round 6 - outcome"",""id"":""22dea99"",""timestamp"":1677262798810},{""text"":""now lets keep this up, we all get more"",""avatar"":""dog"",""playerId"":""bNSP6hWcwcFADoWmP"",""gamePhase"":""Round 6 - outcome"",""id"":""e03f834"",""timestamp"":1677262811168},{""text"":""sounds good"",""avatar"":""chicken"",""playerId"":""YWAy95YfuHXsKtQzf"",""gamePhase"":""Round 6 - summary"",""id"":""0e91e1f"",""timestamp"":1677262835667},{""text"":""great job again"",""avatar"":""dog"",""playerId"":""bNSP6hWcwcFADoWmP"",""gamePhase"":""Round 7 - outcome"",""id"":""3c6cc36"",""timestamp"":1677262878826},{""text"":""hi5s all around lol"",""avatar"":""dog"",""playerId"":""bNSP6hWcwcFADoWmP"",""gamePhase"":""Round 8 - outcome"",""id"":""8f0e683"",""timestamp"":1677262915586},{""text"":""One more round, keep it up gang"",""avatar"":""sloth"",""playerId"":""DXnnTAjxLe6pEwPsA"",""gamePhase"":""Round 10 - contribution"",""id"":""a5148ab"",""timestamp"":1677262965477},{""text"":""my fault"",""avatar"":""rabbit"",""playerId"":""wjwKAzezsvKEKzoZC"",""gamePhase"":""Round 10 - outcome"",""id"":""8f7572c"",""timestamp"":1677262971126},{""text"":""i messed up"",""avatar"":""rabbit"",""playerId"":""wjwKAzezsvKEKzoZC"",""gamePhase"":""Round 10 - outcome"",""id"":""2e73056"",""timestamp"":1677262978669},{""text"":""its alright"",""avatar"":""chicken"",""playerId"":""YWAy95YfuHXsKtQzf"",""gamePhase"":""Round 10 - outcome"",""id"":""6d2d4b7"",""timestamp"":1677262989899},{""text"":""I will do 20 next roun"",""avatar"":""rabbit"",""playerId"":""wjwKAzezsvKEKzoZC"",""gamePhase"":""Round 10 - outcome"",""id"":""f3fa7b3"",""timestamp"":1677262982690},{""text"":""all good, you admitted it"",""avatar"":""dog"",""playerId"":""bNSP6hWcwcFADoWmP"",""gamePhase"":""Round 10 - outcome"",""id"":""9a665b2"",""timestamp"":1677262994105},{""text"":""honestly"",""avatar"":""rabbit"",""playerId"":""wjwKAzezsvKEKzoZC"",""gamePhase"":""Round 10 - outcome"",""id"":""01a23ef"",""timestamp"":1677262985339},{""text"":""still going 20"",""avatar"":""chicken"",""playerId"":""YWAy95YfuHXsKtQzf"",""gamePhase"":""Round 11 - contribution"",""id"":""54fc915"",""timestamp"":1677263012795},{""text"":""same"",""avatar"":""dog"",""playerId"":""bNSP6hWcwcFADoWmP"",""gamePhase"":""Round 11 - contribution"",""id"":""75d1a7b"",""timestamp"":1677263016082},{""text"":""20"",""avatar"":""rabbit"",""playerId"":""wjwKAzezsvKEKzoZC"",""gamePhase"":""Round 11 - contribution"",""id"":""f09b4db"",""timestamp"":1677263009239},{""text"":""ez"",""avatar"":""sloth"",""playerId"":""DXnnTAjxLe6pEwPsA"",""gamePhase"":""Round 11 - outcome"",""id"":""991b774"",""timestamp"":1677263021737},{""text"":""keep it up =)"",""avatar"":""dog"",""playerId"":""bNSP6hWcwcFADoWmP"",""gamePhase"":""Round 15 - summary"",""id"":""b36ffb7"",""timestamp"":1677263130461},{""text"":""moose!"",""avatar"":""dog"",""playerId"":""bNSP6hWcwcFADoWmP"",""gamePhase"":""Round 16 - outcome"",""id"":""05a9e04"",""timestamp"":1677263143841},{""text"":""I think moose is AFK lol"",""avatar"":""sloth"",""playerId"":""DXnnTAjxLe6pEwPsA"",""gamePhase"":""Round 28 - contribution"",""id"":""0b0e8e3"",""timestamp"":1677263527415},{""text"":""back now lol"",""avatar"":""dog"",""playerId"":""bNSP6hWcwcFADoWmP"",""gamePhase"":""Round 28 - outcome"",""id"":""cd21979"",""timestamp"":1677263536723},{""text"":""and a 10!"",""avatar"":""dog"",""playerId"":""bNSP6hWcwcFADoWmP"",""gamePhase"":""Round 28 - outcome"",""id"":""07a6a1"",""timestamp"":1677263543197},{""text"":""booooo"",""avatar"":""dog"",""playerId"":""bNSP6hWcwcFADoWmP"",""gamePhase"":""Round 28 - outcome"",""id"":""65b327a"",""timestamp"":1677263545675},{""text"":""things still going great tho"",""avatar"":""chicken"",""playerId"":""YWAy95YfuHXsKtQzf"",""gamePhase"":""Round 28 - summary"",""id"":""1fe8cb6"",""timestamp"":1677263553558},{""text"":""yup"",""avatar"":""dog"",""playerId"":""bNSP6hWcwcFADoWmP"",""gamePhase"":""Round 28 - summary"",""id"":""1c43cdc"",""timestamp"":1677263557912},{""text"":""look dude, the internet is out all over and i'm on a hotspot. chill."",""avatar"":""moose"",""playerId"":""ur2LEhyK8LP5xq7C4"",""gamePhase"":""Round 29 - contribution"",""id"":""a42aa14"",""timestamp"":1677263586065},{""text"":""either lagging, or family / pet interruption"",""avatar"":""dog"",""playerId"":""bNSP6hWcwcFADoWmP"",""gamePhase"":""Round 29 - outcome"",""id"":""0ba411d"",""timestamp"":1677263620077},{""text"":""no big deal man :)"",""avatar"":""chicken"",""playerId"":""YWAy95YfuHXsKtQzf"",""gamePhase"":""Round 29 - summary"",""id"":""53539fa"",""timestamp"":1677263627171},{""text"":""you good, just keep up them 20s =P"",""avatar"":""dog"",""playerId"":""bNSP6hWcwcFADoWmP"",""gamePhase"":""Round 29 - summary"",""id"":""8362909"",""timestamp"":1677263631532},{""text"":""or woman"",""avatar"":""chicken"",""playerId"":""YWAy95YfuHXsKtQzf"",""gamePhase"":""Round 29 - summary"",""id"":""8093f96"",""timestamp"":1677263632107},{""text"":""or whatever you are"",""avatar"":""chicken"",""playerId"":""YWAy95YfuHXsKtQzf"",""gamePhase"":""Round 29 - summary"",""id"":""3403756"",""timestamp"":1677263634307},{""text"":""moose person"",""avatar"":""chicken"",""playerId"":""YWAy95YfuHXsKtQzf"",""gamePhase"":""Round 29 - summary"",""id"":""beac5c4"",""timestamp"":1677263637491},{""text"":""i'm a moose"",""avatar"":""moose"",""playerId"":""ur2LEhyK8LP5xq7C4"",""gamePhase"":""Round 29 - summary"",""id"":""415f06a"",""timestamp"":1677263637366},{""text"":""he's a moose"",""avatar"":""rabbit"",""playerId"":""wjwKAzezsvKEKzoZC"",""gamePhase"":""Round 29 - summary"",""id"":""f8fd9e4"",""timestamp"":1677263632419},{""text"":""sorry that was an accident"",""avatar"":""moose"",""playerId"":""ur2LEhyK8LP5xq7C4"",""gamePhase"":""Round 37 - outcome"",""id"":""9ca2b94"",""timestamp"":1677263770659},{""text"":""anyone remember how many rounds?"",""avatar"":""rabbit"",""playerId"":""wjwKAzezsvKEKzoZC"",""gamePhase"":""Round 39 - summary"",""id"":""fa93184"",""timestamp"":1677263804045}",10,40
mat8Xt4y3EBsyxyoX,6_C,0.9566666666666667,False,2.0,3.0,0,0,0,22960,24000.0,6.0,False,False,True,"{""text"":""It is in everyone's best interest if we all contribute the full amount. It will give us all the best payout potential. I'm going full in. Hope you consider it"",""avatar"":""rabbit"",""playerId"":""uJNWJLM2K2oFjX5b5"",""gamePhase"":""Round 0 - contribution"",""id"":""82d22ce"",""timestamp"":1677262285387},{""text"":""agreed"",""avatar"":""sloth"",""playerId"":""DYb8L4EfQ6N93JJ3c"",""gamePhase"":""Round 0 - summary"",""id"":""044a742"",""timestamp"":1677262322103},{""text"":""agreed"",""avatar"":""duck"",""playerId"":""LGSj7syGizLk3xRcE"",""gamePhase"":""Round 0 - summary"",""id"":""51f73e2"",""timestamp"":1677262324585},{""text"":""yes"",""avatar"":""gorilla"",""playerId"":""H6scTijP2YsJNiTvA"",""gamePhase"":""Round 0 - summary"",""id"":""b06016a"",""timestamp"":1677262325752},{""text"":""agreed"",""avatar"":""chicken"",""playerId"":""LyoNEYzheT4P5AbfT"",""gamePhase"":""Round 0 - summary"",""id"":""4308216"",""timestamp"":1677262326380},{""text"":""Welp. You all screwed it up. No more contribution from me."",""avatar"":""rabbit"",""playerId"":""uJNWJLM2K2oFjX5b5"",""gamePhase"":""Round 1 - outcome"",""id"":""a5483cf"",""timestamp"":1677262387757},{""text"":""There may not be 8 people..."",""avatar"":""duck"",""playerId"":""LGSj7syGizLk3xRcE"",""gamePhase"":""Round 1 - outcome"",""id"":""5bcdfe3"",""timestamp"":1677262405054},{""text"":""No one benefits if the people that are putting all theirs in the pool have to deal with non-contributors."",""avatar"":""rabbit"",""playerId"":""uJNWJLM2K2oFjX5b5"",""gamePhase"":""Round 1 - outcome"",""id"":""30a2afc"",""timestamp"":1677262408203},{""text"":""Iwill still put in full amount"",""avatar"":""chicken"",""playerId"":""LyoNEYzheT4P5AbfT"",""gamePhase"":""Round 2 - contribution"",""id"":""27f13d3"",""timestamp"":1677262435820},{""text"":""me too"",""avatar"":""duck"",""playerId"":""LGSj7syGizLk3xRcE"",""gamePhase"":""Round 2 - outcome"",""id"":""6cbddec"",""timestamp"":1677262444408},{""text"":""I'll put in the full amount."",""avatar"":""parrot"",""playerId"":""QxLMaJSiycZDQ9hqa"",""gamePhase"":""Round 2 - outcome"",""id"":""0f6e607"",""timestamp"":1677262452760}",8,25
eGSEXKgSEqMPjRAcu,9_C,0.9061443932411675,True,3.0,4.0,492,0,656,35394,39060.0,6.2,False,True,True,"{""text"":""yo red bird"",""avatar"":""gorilla"",""playerId"":""TcBc43CZXPotRCh5B"",""gamePhase"":""Round 11 - outcome"",""id"":""0b66676"",""timestamp"":1677263802020},{""text"":""my bad guys i didnt see the im done button on this page til last round"",""avatar"":""duck"",""playerId"":""j42F92MgYSv5qDvEm"",""gamePhase"":""Round 12 - outcome"",""id"":""a1b58d5"",""timestamp"":1677263848284},{""text"":""you're good, just trying to get red bird to max to 20"",""avatar"":""gorilla"",""playerId"":""TcBc43CZXPotRCh5B"",""gamePhase"":""Round 14 - outcome"",""id"":""099565f"",""timestamp"":1677263963057},{""text"":""i wouldnt be surprised if we had a bot in just to get us talking"",""avatar"":""duck"",""playerId"":""j42F92MgYSv5qDvEm"",""gamePhase"":""Round 15 - outcome"",""id"":""40bb409"",""timestamp"":1677264004877},{""text"":""ye was about to ask if red bird is sentient"",""avatar"":""gorilla"",""playerId"":""TcBc43CZXPotRCh5B"",""gamePhase"":""Round 15 - outcome"",""id"":""b13aa0c"",""timestamp"":1677264016119},{""text"":""do you remember how many rounds?"",""avatar"":""duck"",""playerId"":""j42F92MgYSv5qDvEm"",""gamePhase"":""Round 16 - outcome"",""id"":""553f8e5"",""timestamp"":1677264085603},{""text"":""nope"",""avatar"":""gorilla"",""playerId"":""TcBc43CZXPotRCh5B"",""gamePhase"":""Round 16 - summary"",""id"":""b888b8a"",""timestamp"":1677264099414},{""text"":""I don't think it said"",""avatar"":""dog"",""playerId"":""jumZmZg79skZ32tGy"",""gamePhase"":""Round 18 - outcome"",""id"":""337cfe3"",""timestamp"":1677264139130},{""text"":""hoping 20"",""avatar"":""duck"",""playerId"":""j42F92MgYSv5qDvEm"",""gamePhase"":""Round 18 - outcome"",""id"":""6b67b5a"",""timestamp"":1677264146277},{""text"":""now hoping 25"",""avatar"":""duck"",""playerId"":""j42F92MgYSv5qDvEm"",""gamePhase"":""Round 21 - contribution"",""id"":""3be4c95"",""timestamp"":1677264211028},{""text"":""I think it said 15 - 30 minutes"",""avatar"":""chicken"",""playerId"":""jdXkwhNbdobuSDJfo"",""gamePhase"":""Round 21 - summary"",""id"":""fd0dd3a"",""timestamp"":1677264246890},{""text"":""might be time based so if we go fast we get more rounds?"",""avatar"":""dog"",""playerId"":""jumZmZg79skZ32tGy"",""gamePhase"":""Round 21 - summary"",""id"":""db03e98"",""timestamp"":1677264269593},{""text"":""ive had a mystery pain in my right arm since last night im trying to power through this but its not fun"",""avatar"":""duck"",""playerId"":""j42F92MgYSv5qDvEm"",""gamePhase"":""Round 22 - summary"",""id"":""faa14b5"",""timestamp"":1677264312512},{""text"":""ouch sorry about that"",""avatar"":""dog"",""playerId"":""jumZmZg79skZ32tGy"",""gamePhase"":""Round 22 - summary"",""id"":""51c100d"",""timestamp"":1677264333699},{""text"":""curses of getting old"",""avatar"":""duck"",""playerId"":""j42F92MgYSv5qDvEm"",""gamePhase"":""Round 23 - outcome"",""id"":""734006a"",""timestamp"":1677264354636},{""text"":""I hear ya"",""avatar"":""sloth"",""playerId"":""DGZD6LikKz7AYEuqA"",""gamePhase"":""Round 23 - summary"",""id"":""87eb65c"",""timestamp"":1677264368262},{""text"":""im going to now assume it will end at 2"",""avatar"":""duck"",""playerId"":""j42F92MgYSv5qDvEm"",""gamePhase"":""Round 37 - outcome"",""id"":""153bd41"",""timestamp"":1677264812260}",7,45
hbask3aBPDiJJxpj9,6_T,0.9016666666666666,False,2.0,3.0,170,255,0,21640,24000.0,6.0,True,False,True,"{""text"":""hey everyone"",""avatar"":""sloth"",""playerId"":""JJRLeSKuJnn5Jzumv"",""gamePhase"":""Round 1 - summary"",""id"":""ef90fb3"",""timestamp"":1677262389226},{""text"":""hi"",""avatar"":""parrot"",""playerId"":""aWSRgNmvKanEZ8GT9"",""gamePhase"":""Round 1 - summary"",""id"":""a926251"",""timestamp"":1677262394059},{""text"":""hi"",""avatar"":""chicken"",""playerId"":""NqS7JeMTuwo4qwP93"",""gamePhase"":""Round 1 - summary"",""id"":""62ab8ce"",""timestamp"":1677262405598},{""text"":""chicken is very generous"",""avatar"":""chicken"",""playerId"":""NqS7JeMTuwo4qwP93"",""gamePhase"":""Round 3 - contribution"",""id"":""ea4989"",""timestamp"":1677262534279},{""text"":""are you guys punishing the ones who skimp on contributions?"",""avatar"":""sloth"",""playerId"":""JJRLeSKuJnn5Jzumv"",""gamePhase"":""Round 3 - contribution"",""id"":""f3bfa9f"",""timestamp"":1677262537992},{""text"":""i did"",""avatar"":""rabbit"",""playerId"":""yh99CvRS9gPf3QQEc"",""gamePhase"":""Round 3 - contribution"",""id"":""28e28f1"",""timestamp"":1677262541280},{""text"":""i haven't"",""avatar"":""dog"",""playerId"":""RL4TXEbKNvD5x4tJq"",""gamePhase"":""Round 3 - contribution"",""id"":""0887de2"",""timestamp"":1677262544950},{""text"":""no"",""avatar"":""parrot"",""playerId"":""aWSRgNmvKanEZ8GT9"",""gamePhase"":""Round 3 - contribution"",""id"":""f184a14"",""timestamp"":1677262545945},{""text"":""i'd give all 20 each time if everyone else did"",""avatar"":""dog"",""playerId"":""RL4TXEbKNvD5x4tJq"",""gamePhase"":""Round 3 - outcome"",""id"":""40b44c7"",""timestamp"":1677262573037},{""text"":""the gorilla..."",""avatar"":""chicken"",""playerId"":""NqS7JeMTuwo4qwP93"",""gamePhase"":""Round 3 - outcome"",""id"":""32853da"",""timestamp"":1677262574596},{""text"":""same"",""avatar"":""rabbit"",""playerId"":""yh99CvRS9gPf3QQEc"",""gamePhase"":""Round 3 - summary"",""id"":""2d7fb8"",""timestamp"":1677262585812},{""text"":""im not punishing him though"",""avatar"":""chicken"",""playerId"":""NqS7JeMTuwo4qwP93"",""gamePhase"":""Round 3 - summary"",""id"":""9219d6e"",""timestamp"":1677262605573},{""text"":""I'm putting in 20 and taking from the ones who didn't cause I think it's better if we just pool our resources."",""avatar"":""sloth"",""playerId"":""JJRLeSKuJnn5Jzumv"",""gamePhase"":""Round 3 - summary"",""id"":""738262"",""timestamp"":1677262625056},{""text"":""im putting in 20 all the time"",""avatar"":""chicken"",""playerId"":""NqS7JeMTuwo4qwP93"",""gamePhase"":""Round 4 - contribution"",""id"":""91d1e6a"",""timestamp"":1677262643890},{""text"":""i put 20"",""avatar"":""dog"",""playerId"":""RL4TXEbKNvD5x4tJq"",""gamePhase"":""Round 4 - contribution"",""id"":""e4b33c9"",""timestamp"":1677262649625},{""text"":""20 then for me now too"",""avatar"":""parrot"",""playerId"":""aWSRgNmvKanEZ8GT9"",""gamePhase"":""Round 4 - outcome"",""id"":""b820599"",""timestamp"":1677262666089},{""text"":""me too"",""avatar"":""gorilla"",""playerId"":""NB6ndeuvy77jh9GY9"",""gamePhase"":""Round 4 - summary"",""id"":""611619"",""timestamp"":1677262717702},{""text"":""yeah, I'll take the hit on the punishing just for the sake of fairness"",""avatar"":""sloth"",""playerId"":""JJRLeSKuJnn5Jzumv"",""gamePhase"":""Round 4 - summary"",""id"":""dd3898d"",""timestamp"":1677262720487},{""text"":""the moose is slow"",""avatar"":""chicken"",""playerId"":""NqS7JeMTuwo4qwP93"",""gamePhase"":""Round 4 - summary"",""id"":""e317a0f"",""timestamp"":1677262722383},{""text"":""the red bird lied"",""avatar"":""chicken"",""playerId"":""NqS7JeMTuwo4qwP93"",""gamePhase"":""Round 5 - outcome"",""id"":""417090c"",""timestamp"":1677262759317},{""text"":""lol ya all imposters"",""avatar"":""rabbit"",""playerId"":""yh99CvRS9gPf3QQEc"",""gamePhase"":""Round 5 - outcome"",""id"":""a5ff67c"",""timestamp"":1677262765275},{""text"":""red bird bad"",""avatar"":""gorilla"",""playerId"":""NB6ndeuvy77jh9GY9"",""gamePhase"":""Round 5 - summary"",""id"":""7521f04"",""timestamp"":1677262787857},{""text"":""gorilla bad too"",""avatar"":""chicken"",""playerId"":""NqS7JeMTuwo4qwP93"",""gamePhase"":""Round 6 - contribution"",""id"":""31774d9"",""timestamp"":1677262797207},{""text"":""coins need to go in the bowl"",""avatar"":""chicken"",""playerId"":""NqS7JeMTuwo4qwP93"",""gamePhase"":""Round 6 - contribution"",""id"":""c2fc4f7"",""timestamp"":1677262803142},{""text"":""well, whatever happens.  I still get a dime.  :)"",""avatar"":""sloth"",""playerId"":""JJRLeSKuJnn5Jzumv"",""gamePhase"":""Round 6 - contribution"",""id"":""7fba4e7"",""timestamp"":1677262813256},{""text"":""i did it backwards the first round"",""avatar"":""chicken"",""playerId"":""NqS7JeMTuwo4qwP93"",""gamePhase"":""Round 6 - contribution"",""id"":""a7e085f"",""timestamp"":1677262813579},{""text"":""I did 20"",""avatar"":""gorilla"",""playerId"":""NB6ndeuvy77jh9GY9"",""gamePhase"":""Round 6 - outcome"",""id"":""041d399"",""timestamp"":1677262828142},{""text"":""I'm bad?"",""avatar"":""parrot"",""playerId"":""aWSRgNmvKanEZ8GT9"",""gamePhase"":""Round 6 - outcome"",""id"":""7ff6daa"",""timestamp"":1677262827498},{""text"":""yes"",""avatar"":""chicken"",""playerId"":""NqS7JeMTuwo4qwP93"",""gamePhase"":""Round 6 - outcome"",""id"":""1aeb855"",""timestamp"":1677262832662},{""text"":""your putting 0"",""avatar"":""rabbit"",""playerId"":""yh99CvRS9gPf3QQEc"",""gamePhase"":""Round 6 - outcome"",""id"":""b5a26b8"",""timestamp"":1677262834314},{""text"":""duh"",""avatar"":""rabbit"",""playerId"":""yh99CvRS9gPf3QQEc"",""gamePhase"":""Round 6 - outcome"",""id"":""03a6651"",""timestamp"":1677262835643},{""text"":""y?"",""avatar"":""parrot"",""playerId"":""aWSRgNmvKanEZ8GT9"",""gamePhase"":""Round 6 - outcome"",""id"":""14ea2cc"",""timestamp"":1677262837113},{""text"":""you guys are not giving 20"",""avatar"":""chicken"",""playerId"":""NqS7JeMTuwo4qwP93"",""gamePhase"":""Round 6 - outcome"",""id"":""5db097b"",""timestamp"":1677262837300},{""text"":""your bad"",""avatar"":""rabbit"",""playerId"":""yh99CvRS9gPf3QQEc"",""gamePhase"":""Round 6 - outcome"",""id"":""5542d8"",""timestamp"":1677262840765},{""text"":""I put in 20"",""avatar"":""parrot"",""playerId"":""aWSRgNmvKanEZ8GT9"",""gamePhase"":""Round 6 - outcome"",""id"":""a4f0bdf"",""timestamp"":1677262842273},{""text"":""the number has to be in the bowl"",""avatar"":""chicken"",""playerId"":""NqS7JeMTuwo4qwP93"",""gamePhase"":""Round 6 - outcome"",""id"":""1177e88"",""timestamp"":1677262845371},{""text"":""i just took -12 from ta"",""avatar"":""rabbit"",""playerId"":""yh99CvRS9gPf3QQEc"",""gamePhase"":""Round 6 - outcome"",""id"":""04cced3"",""timestamp"":1677262855665},{""text"":""I put in 20 too - weird"",""avatar"":""gorilla"",""playerId"":""NB6ndeuvy77jh9GY9"",""gamePhase"":""Round 6 - summary"",""id"":""cdaa09d"",""timestamp"":1677262874495},{""text"":""down arrow not up"",""avatar"":""dog"",""playerId"":""RL4TXEbKNvD5x4tJq"",""gamePhase"":""Round 6 - summary"",""id"":""71b2c51"",""timestamp"":1677262887441},{""text"":""the game is lying"",""avatar"":""parrot"",""playerId"":""aWSRgNmvKanEZ8GT9"",""gamePhase"":""Round 7 - outcome"",""id"":""cd50fd9"",""timestamp"":1677262917705},{""text"":""is it 300 coins - $1?"",""avatar"":""chicken"",""playerId"":""NqS7JeMTuwo4qwP93"",""gamePhase"":""Round 7 - outcome"",""id"":""0912a2b"",""timestamp"":1677262922638},{""text"":""i think so"",""avatar"":""dog"",""playerId"":""RL4TXEbKNvD5x4tJq"",""gamePhase"":""Round 7 - summary"",""id"":""f2c02d2"",""timestamp"":1677262936700},{""text"":""lmao"",""avatar"":""rabbit"",""playerId"":""yh99CvRS9gPf3QQEc"",""gamePhase"":""Round 7 - summary"",""id"":""cab957e"",""timestamp"":1677262938561},{""text"":""game is not lying"",""avatar"":""chicken"",""playerId"":""NqS7JeMTuwo4qwP93"",""gamePhase"":""Round 7 - summary"",""id"":""6fab368"",""timestamp"":1677262942819},{""text"":""your lyinh"",""avatar"":""rabbit"",""playerId"":""yh99CvRS9gPf3QQEc"",""gamePhase"":""Round 7 - summary"",""id"":""8fbc04c"",""timestamp"":1677262942721},{""text"":""down arrow works"",""avatar"":""gorilla"",""playerId"":""NB6ndeuvy77jh9GY9"",""gamePhase"":""Round 7 - summary"",""id"":""d3ed998"",""timestamp"":1677262944661},{""text"":""wish i could show a screen shot"",""avatar"":""parrot"",""playerId"":""aWSRgNmvKanEZ8GT9"",""gamePhase"":""Round 8 - contribution"",""id"":""79a8898"",""timestamp"":1677262978786},{""text"":""are you saying that you're trying to put in 20 but the game is doing things on it's own?"",""avatar"":""sloth"",""playerId"":""JJRLeSKuJnn5Jzumv"",""gamePhase"":""Round 8 - contribution"",""id"":""0b56ebb"",""timestamp"":1677262981336},{""text"":""ok so we're all doing 20 now?"",""avatar"":""dog"",""playerId"":""RL4TXEbKNvD5x4tJq"",""gamePhase"":""Round 8 - outcome"",""id"":""f7f9347"",""timestamp"":1677262999265},{""text"":""our bonus is gonna suck"",""avatar"":""chicken"",""playerId"":""NqS7JeMTuwo4qwP93"",""gamePhase"":""Round 8 - outcome"",""id"":""63b19f1"",""timestamp"":1677263000286},{""text"":""everyone in"",""avatar"":""dog"",""playerId"":""RL4TXEbKNvD5x4tJq"",""gamePhase"":""Round 8 - outcome"",""id"":""a278129"",""timestamp"":1677263002307},{""text"":""I'm trying to add 20 beleive me"",""avatar"":""parrot"",""playerId"":""aWSRgNmvKanEZ8GT9"",""gamePhase"":""Round 8 - summary"",""id"":""d270702"",""timestamp"":1677263034018},{""text"":""a bird never lies"",""avatar"":""chicken"",""playerId"":""NqS7JeMTuwo4qwP93"",""gamePhase"":""Round 8 - summary"",""id"":""1cd8594"",""timestamp"":1677263042182},{""text"":""lol"",""avatar"":""sloth"",""playerId"":""JJRLeSKuJnn5Jzumv"",""gamePhase"":""Round 8 - summary"",""id"":""5fd35f1"",""timestamp"":1677263048592},{""text"":""lol this guy"",""avatar"":""rabbit"",""playerId"":""yh99CvRS9gPf3QQEc"",""gamePhase"":""Round 9 - outcome"",""id"":""11ae46d"",""timestamp"":1677263075316},{""text"":""the check is in the mail"",""avatar"":""gorilla"",""playerId"":""NB6ndeuvy77jh9GY9"",""gamePhase"":""Round 9 - outcome"",""id"":""209aca7"",""timestamp"":1677263078411},{""text"":""red bird is back to lying"",""avatar"":""chicken"",""playerId"":""NqS7JeMTuwo4qwP93"",""gamePhase"":""Round 9 - outcome"",""id"":""cca7cce"",""timestamp"":1677263080844},{""text"":""I'm not"",""avatar"":""parrot"",""playerId"":""aWSRgNmvKanEZ8GT9"",""gamePhase"":""Round 9 - outcome"",""id"":""a8bce2d"",""timestamp"":1677263093673},{""text"":""angry bird is cheating bird lol"",""avatar"":""dog"",""playerId"":""RL4TXEbKNvD5x4tJq"",""gamePhase"":""Round 9 - outcome"",""id"":""bfc4b43"",""timestamp"":1677263094901},{""text"":""i dont care at this point i will waste all my points on deducting from you"",""avatar"":""rabbit"",""playerId"":""yh99CvRS9gPf3QQEc"",""gamePhase"":""Round 9 - outcome"",""id"":""e70665e"",""timestamp"":1677263103306},{""text"":""yep  everyone's doing the 20 except red bird"",""avatar"":""sloth"",""playerId"":""JJRLeSKuJnn5Jzumv"",""gamePhase"":""Round 9 - outcome"",""id"":""85f3465"",""timestamp"":1677263107079},{""text"":""red bird is ted bundy"",""avatar"":""chicken"",""playerId"":""NqS7JeMTuwo4qwP93"",""gamePhase"":""Round 9 - outcome"",""id"":""622347c"",""timestamp"":1677263116645},{""text"":""-21 every time"",""avatar"":""rabbit"",""playerId"":""yh99CvRS9gPf3QQEc"",""gamePhase"":""Round 9 - summary"",""id"":""0a3824"",""timestamp"":1677263124602},{""text"":""no jeffrey dahmer"",""avatar"":""parrot"",""playerId"":""aWSRgNmvKanEZ8GT9"",""gamePhase"":""Round 9 - summary"",""id"":""6c7ae11"",""timestamp"":1677263135017},{""text"":""thats why you got the least amount of points idiot"",""avatar"":""rabbit"",""playerId"":""yh99CvRS9gPf3QQEc"",""gamePhase"":""Round 9 - summary"",""id"":""5d489a2"",""timestamp"":1677263148865},{""text"":""awesome...everyo9ne was in that time."",""avatar"":""sloth"",""playerId"":""JJRLeSKuJnn5Jzumv"",""gamePhase"":""Round 10 - outcome"",""id"":""0dd2482"",""timestamp"":1677263182519},{""text"":""for once"",""avatar"":""rabbit"",""playerId"":""yh99CvRS9gPf3QQEc"",""gamePhase"":""Round 10 - summary"",""id"":""c96c3c9"",""timestamp"":1677263189607},{""text"":""Sorry got mixed up"",""avatar"":""parrot"",""playerId"":""aWSRgNmvKanEZ8GT9"",""gamePhase"":""Round 12 - outcome"",""id"":""5344b0f"",""timestamp"":1677263258609},{""text"":""it makes the game go faster when everyone goes 20"",""avatar"":""sloth"",""playerId"":""JJRLeSKuJnn5Jzumv"",""gamePhase"":""Round 12 - outcome"",""id"":""c900e4e"",""timestamp"":1677263270767},{""text"":""15 huh? cant help yourself"",""avatar"":""rabbit"",""playerId"":""yh99CvRS9gPf3QQEc"",""gamePhase"":""Round 15 - outcome"",""id"":""f46efe"",""timestamp"":1677263359442},{""text"":""angry bird for lunch ha ha"",""avatar"":""gorilla"",""playerId"":""NB6ndeuvy77jh9GY9"",""gamePhase"":""Round 16 - outcome"",""id"":""cd94143"",""timestamp"":1677263391041},{""text"":""bad bunny"",""avatar"":""sloth"",""playerId"":""JJRLeSKuJnn5Jzumv"",""gamePhase"":""Round 18 - outcome"",""id"":""d0f049d"",""timestamp"":1677263450175},{""text"":""bonus might be nice after all"",""avatar"":""rabbit"",""playerId"":""yh99CvRS9gPf3QQEc"",""gamePhase"":""Round 18 - outcome"",""id"":""eb848c7"",""timestamp"":1677263449653},{""text"":""nice working with you all!"",""avatar"":""dog"",""playerId"":""RL4TXEbKNvD5x4tJq"",""gamePhase"":""Round 23 - outcome"",""id"":""6939a62"",""timestamp"":1677263568644},{""text"":""lol  ok who's gonna cheat on the last round."",""avatar"":""sloth"",""playerId"":""JJRLeSKuJnn5Jzumv"",""gamePhase"":""Round 23 - outcome"",""id"":""89c1b63"",""timestamp"":1677263576154},{""text"":""lol"",""avatar"":""dog"",""playerId"":""RL4TXEbKNvD5x4tJq"",""gamePhase"":""Round 23 - summary"",""id"":""d4c532"",""timestamp"":1677263583710},{""text"":""cheating self not good"",""avatar"":""gorilla"",""playerId"":""NB6ndeuvy77jh9GY9"",""gamePhase"":""Round 24 - contribution"",""id"":""edd5f6b"",""timestamp"":1677263596900},{""text"":""no one   awesome!!  thanks guys"",""avatar"":""sloth"",""playerId"":""JJRLeSKuJnn5Jzumv"",""gamePhase"":""Round 24 - outcome"",""id"":""86da41e"",""timestamp"":1677263617182}",8,25
Pt5hxQxKrdYjd3mGX,8_T,0.85,False,2.0,7.0,20,70,0,510,600.0,1.0,True,False,False,,3,10
gSAoF32a73zAD6qbP,1_T,0.8382505175983437,True,2.0,4.0,386,372,400,16195,19320.0,4.6,True,True,False,,6,35
tgt4ZJQ9KZkJeeDCc,0_C,0.8201923076923077,False,3.0,9.0,0,0,0,853,1040.0,1.3,False,False,True,"{""text"":""If we contribute the max we will both get a high bonus"",""avatar"":""sloth"",""playerId"":""TBnoG8FndBwuuGDg7"",""gamePhase"":""Round 0 - summary"",""id"":""cb0f13"",""timestamp"":1677263505376}",2,20
yKHxFMtaEJrrKCmX6,3_C,0.798125,False,4.0,13.0,0,0,0,11493,14400.0,4.0,False,False,True,,4,45
xi8b3rnqAESQAEGS8,7_T,0.7583333333333333,True,3.0,12.0,60,240,0,3276,4320.0,1.8,True,True,False,,4,30
SkeKqNLkys7dNdujC,4_C,0.6739087301587302,True,3.0,9.0,123,0,369,6793,10080.0,5.6,False,True,False,,6,15
EZEPLDywvah6husHW,2_C,0.6546875,True,1.0,1.0,25,0,25,1676,2560.0,3.2,False,True,False,,8,5
EqiikgYjTFRyueZsm,5_T,0.5543229166666667,False,1.0,2.0,1866,3732,0,10643,19200.0,2.4,True,False,True,"{""text"":""hi everyone"",""avatar"":""gorilla"",""playerId"":""5dQrXBdm4SgzEqKeE"",""gamePhase"":""Round 0 - contribution"",""id"":""2df6741"",""timestamp"":1677262940272},{""text"":""Hiya :)"",""avatar"":""chicken"",""playerId"":""EmY6Asi7ngDtC9mPS"",""gamePhase"":""Round 0 - outcome"",""id"":""e65ed02"",""timestamp"":1677262944109},{""text"":""Hi"",""avatar"":""chick"",""playerId"":""q5xd5NiPvP23fr97d"",""gamePhase"":""Round 0 - outcome"",""id"":""115ec3c"",""timestamp"":1677262948901},{""text"":""Hi"",""avatar"":""duck"",""playerId"":""6NKdNbv67yx72QPDW"",""gamePhase"":""Round 0 - outcome"",""id"":""1f9a3f4"",""timestamp"":1677262952890},{""text"":""hayy"",""avatar"":""moose"",""playerId"":""TyJHmybFHmkohGsmg"",""gamePhase"":""Round 0 - outcome"",""id"":""4b6c669"",""timestamp"":1677262963063},{""text"":""Howdy"",""avatar"":""sloth"",""playerId"":""2MSF5GmiTNsx9PJrj"",""gamePhase"":""Round 0 - outcome"",""id"":""a76efcc"",""timestamp"":1677262967896},{""text"":""oops. I shared 0 by accident. I won't do it again. the arrow is confusing"",""avatar"":""gorilla"",""playerId"":""5dQrXBdm4SgzEqKeE"",""gamePhase"":""Round 1 - contribution"",""id"":""15d3d44"",""timestamp"":1677263026807},{""text"":""it happens :)"",""avatar"":""chicken"",""playerId"":""EmY6Asi7ngDtC9mPS"",""gamePhase"":""Round 1 - outcome"",""id"":""ed41d0f"",""timestamp"":1677263047113},{""text"":""guys, if everyone contributes the max we ALL make more $"",""avatar"":""parrot"",""playerId"":""R4AkYB9Por6TXMqNn"",""gamePhase"":""Round 2 - outcome"",""id"":""c0a0fc1"",""timestamp"":1677263141932},{""text"":""just share 20 guys. that's how we all make the most money"",""avatar"":""gorilla"",""playerId"":""5dQrXBdm4SgzEqKeE"",""gamePhase"":""Round 2 - outcome"",""id"":""66fcda8"",""timestamp"":1677263147826},{""text"":""I wonder is the chick is a plant"",""avatar"":""chicken"",""playerId"":""EmY6Asi7ngDtC9mPS"",""gamePhase"":""Round 2 - summary"",""id"":""31f7cf9"",""timestamp"":1677263165774},{""text"":""we should start deducting"",""avatar"":""gorilla"",""playerId"":""5dQrXBdm4SgzEqKeE"",""gamePhase"":""Round 2 - summary"",""id"":""f424e1e"",""timestamp"":1677263184911},{""text"":""I'm 100% real and legit"",""avatar"":""parrot"",""playerId"":""R4AkYB9Por6TXMqNn"",""gamePhase"":""Round 2 - summary"",""id"":""202839e"",""timestamp"":1677263187028},{""text"":""yes"",""avatar"":""chicken"",""playerId"":""EmY6Asi7ngDtC9mPS"",""gamePhase"":""Round 2 - summary"",""id"":""227fc66"",""timestamp"":1677263187845},{""text"":""the yellow chick"",""avatar"":""chicken"",""playerId"":""EmY6Asi7ngDtC9mPS"",""gamePhase"":""Round 3 - contribution"",""id"":""1f9a69a"",""timestamp"":1677263205845},{""text"":""I've been clicking the wrong button."",""avatar"":""chick"",""playerId"":""q5xd5NiPvP23fr97d"",""gamePhase"":""Round 3 - contribution"",""id"":""7ec1091"",""timestamp"":1677263215358},{""text"":""ok"",""avatar"":""chicken"",""playerId"":""EmY6Asi7ngDtC9mPS"",""gamePhase"":""Round 3 - outcome"",""id"":""66201a2"",""timestamp"":1677263224693},{""text"":""moose is slacking, come on buddy!"",""avatar"":""parrot"",""playerId"":""R4AkYB9Por6TXMqNn"",""gamePhase"":""Round 3 - outcome"",""id"":""981a0ee"",""timestamp"":1677263249355},{""text"":""Do we know how many rounds there are in total?"",""avatar"":""duck"",""playerId"":""6NKdNbv67yx72QPDW"",""gamePhase"":""Round 3 - summary"",""id"":""21caa1d"",""timestamp"":1677263266954},{""text"":""I dont remember"",""avatar"":""chicken"",""playerId"":""EmY6Asi7ngDtC9mPS"",""gamePhase"":""Round 4 - summary"",""id"":""948fa63"",""timestamp"":1677263317266},{""text"":""it didn't say"",""avatar"":""gorilla"",""playerId"":""5dQrXBdm4SgzEqKeE"",""gamePhase"":""Round 4 - summary"",""id"":""700a0c4"",""timestamp"":1677263326550},{""text"":""we should all deduct from the zeros"",""avatar"":""chicken"",""playerId"":""EmY6Asi7ngDtC9mPS"",""gamePhase"":""Round 4 - summary"",""id"":""8e87b4f"",""timestamp"":1677263325956},{""text"":""yes"",""avatar"":""gorilla"",""playerId"":""5dQrXBdm4SgzEqKeE"",""gamePhase"":""Round 4 - summary"",""id"":""6ba9d2b"",""timestamp"":1677263334376},{""text"":""ok"",""avatar"":""dog"",""playerId"":""K2ueQPs64B5uZtkb2"",""gamePhase"":""Round 4 - summary"",""id"":""303c0d3"",""timestamp"":1677263333721},{""text"":""i agree with rooster about deductions from the zero contributers"",""avatar"":""parrot"",""playerId"":""R4AkYB9Por6TXMqNn"",""gamePhase"":""Round 5 - contribution"",""id"":""fe778c"",""timestamp"":1677263383988},{""text"":""should deduct anyone not sharing 20"",""avatar"":""gorilla"",""playerId"":""5dQrXBdm4SgzEqKeE"",""gamePhase"":""Round 5 - outcome"",""id"":""88fa104"",""timestamp"":1677263402512},{""text"":""a friend just finished with 23.00 bonus"",""avatar"":""chicken"",""playerId"":""EmY6Asi7ngDtC9mPS"",""gamePhase"":""Round 5 - outcome"",""id"":""c5b2357"",""timestamp"":1677263407321},{""text"":""I'm trying to increase my contribution, but some rounds it starts at ten, and in other rounds, it resets down to zero.  I can't tell what it's going to be"",""avatar"":""duck"",""playerId"":""6NKdNbv67yx72QPDW"",""gamePhase"":""Round 5 - outcome"",""id"":""ebfbc14"",""timestamp"":1677263408626},{""text"":""I also am getting a max of 10"",""avatar"":""chicken"",""playerId"":""EmY6Asi7ngDtC9mPS"",""gamePhase"":""Round 6 - contribution"",""id"":""d60bc45"",""timestamp"":1677263458393},{""text"":""u can click the buttons to change how much u share"",""avatar"":""gorilla"",""playerId"":""5dQrXBdm4SgzEqKeE"",""gamePhase"":""Round 6 - contribution"",""id"":""34a7226"",""timestamp"":1677263463543},{""text"":""click the right most button. u guys confused"",""avatar"":""gorilla"",""playerId"":""5dQrXBdm4SgzEqKeE"",""gamePhase"":""Round 6 - summary"",""id"":""3574cbd"",""timestamp"":1677263493258},{""text"":""moose sucks"",""avatar"":""chicken"",""playerId"":""EmY6Asi7ngDtC9mPS"",""gamePhase"":""Round 7 - summary"",""id"":""0a3b2e7"",""timestamp"":1677263535584},{""text"":""I think some kind of barnyard animal designed this interface"",""avatar"":""duck"",""playerId"":""6NKdNbv67yx72QPDW"",""gamePhase"":""Round 8 - summary"",""id"":""8c8996"",""timestamp"":1677263582695},{""text"":""deduct moose multiple times. not just once"",""avatar"":""gorilla"",""playerId"":""5dQrXBdm4SgzEqKeE"",""gamePhase"":""Round 9 - summary"",""id"":""f748b46"",""timestamp"":1677263618991},{""text"":""I have been"",""avatar"":""chicken"",""playerId"":""EmY6Asi7ngDtC9mPS"",""gamePhase"":""Round 10 - contribution"",""id"":""e79349"",""timestamp"":1677263628096},{""text"":""he will make almost nothing if we all deduct him 3~4 times each round"",""avatar"":""gorilla"",""playerId"":""5dQrXBdm4SgzEqKeE"",""gamePhase"":""Round 10 - outcome"",""id"":""5ef091c"",""timestamp"":1677263647755},{""text"":""I've given my full amount each time. so why me?"",""avatar"":""moose"",""playerId"":""TyJHmybFHmkohGsmg"",""gamePhase"":""Round 10 - summary"",""id"":""87ece6e"",""timestamp"":1677263671502},{""text"":""lol? u've been sharing 0"",""avatar"":""gorilla"",""playerId"":""5dQrXBdm4SgzEqKeE"",""gamePhase"":""Round 11 - contribution"",""id"":""bc5d7bd"",""timestamp"":1677263687385},{""text"":""are you blind"",""avatar"":""gorilla"",""playerId"":""5dQrXBdm4SgzEqKeE"",""gamePhase"":""Round 11 - contribution"",""id"":""7ca6807"",""timestamp"":1677263693680},{""text"":""you are giving zero"",""avatar"":""chicken"",""playerId"":""EmY6Asi7ngDtC9mPS"",""gamePhase"":""Round 11 - contribution"",""id"":""df9f53b"",""timestamp"":1677263690878},{""text"":""Click the down arrow"",""avatar"":""chick"",""playerId"":""q5xd5NiPvP23fr97d"",""gamePhase"":""Round 11 - contribution"",""id"":""e36c3b1"",""timestamp"":1677263690796},{""text"":""moose, your full amount is 20, not 0!"",""avatar"":""parrot"",""playerId"":""R4AkYB9Por6TXMqNn"",""gamePhase"":""Round 11 - contribution"",""id"":""2d83d1"",""timestamp"":1677263692731},{""text"":""umm, no. 20"",""avatar"":""moose"",""playerId"":""TyJHmybFHmkohGsmg"",""gamePhase"":""Round 11 - contribution"",""id"":""9a3bdc7"",""timestamp"":1677263695283},{""text"":""The \""Down\"" arrow actually increases your contribution"",""avatar"":""duck"",""playerId"":""6NKdNbv67yx72QPDW"",""gamePhase"":""Round 11 - outcome"",""id"":""ab6ac19"",""timestamp"":1677263717929},{""text"":""moose is trolling"",""avatar"":""gorilla"",""playerId"":""5dQrXBdm4SgzEqKeE"",""gamePhase"":""Round 12 - outcome"",""id"":""e2bc46d"",""timestamp"":1677263763209},{""text"":""just deduct him"",""avatar"":""gorilla"",""playerId"":""5dQrXBdm4SgzEqKeE"",""gamePhase"":""Round 12 - outcome"",""id"":""71fc997"",""timestamp"":1677263765759},{""text"":""moose is a bot?"",""avatar"":""parrot"",""playerId"":""R4AkYB9Por6TXMqNn"",""gamePhase"":""Round 12 - summary"",""id"":""b257c27"",""timestamp"":1677263783619},{""text"":""he's a pos"",""avatar"":""gorilla"",""playerId"":""5dQrXBdm4SgzEqKeE"",""gamePhase"":""Round 12 - summary"",""id"":""e4b1396"",""timestamp"":1677263794154},{""text"":""i think this study is about animal bullying"",""avatar"":""moose"",""playerId"":""TyJHmybFHmkohGsmg"",""gamePhase"":""Round 12 - summary"",""id"":""52b3a92"",""timestamp"":1677263803864},{""text"":""moose, why don't you want to cooperate and earn more money?"",""avatar"":""parrot"",""playerId"":""R4AkYB9Por6TXMqNn"",""gamePhase"":""Round 13 - contribution"",""id"":""3a9de69"",""timestamp"":1677263827722},{""text"":""a plant to annoy us"",""avatar"":""chicken"",""playerId"":""EmY6Asi7ngDtC9mPS"",""gamePhase"":""Round 13 - summary"",""id"":""6929723"",""timestamp"":1677263869684},{""text"":""i am going to share 0 and spend all my earning on deducting him"",""avatar"":""gorilla"",""playerId"":""5dQrXBdm4SgzEqKeE"",""gamePhase"":""Round 14 - outcome"",""id"":""d2a0513"",""timestamp"":1677263904318},{""text"":""rofl"",""avatar"":""chicken"",""playerId"":""EmY6Asi7ngDtC9mPS"",""gamePhase"":""Round 14 - outcome"",""id"":""77c3a78"",""timestamp"":1677263909002},{""text"":""he makes 0 and i make 0 too"",""avatar"":""gorilla"",""playerId"":""5dQrXBdm4SgzEqKeE"",""gamePhase"":""Round 16 - contribution"",""id"":""6a7231b"",""timestamp"":1677263966959},{""text"":""it's fine"",""avatar"":""gorilla"",""playerId"":""5dQrXBdm4SgzEqKeE"",""gamePhase"":""Round 16 - contribution"",""id"":""235e0bf"",""timestamp"":1677263968051},{""text"":""I have been deducting 6"",""avatar"":""chicken"",""playerId"":""EmY6Asi7ngDtC9mPS"",""gamePhase"":""Round 17 - outcome"",""id"":""a492cec"",""timestamp"":1677264017297},{""text"":""i deducted 34 every round. so he lost 68 every round"",""avatar"":""gorilla"",""playerId"":""5dQrXBdm4SgzEqKeE"",""gamePhase"":""Round 17 - outcome"",""id"":""3dd191f"",""timestamp"":1677264044763},{""text"":""awesome"",""avatar"":""chicken"",""playerId"":""EmY6Asi7ngDtC9mPS"",""gamePhase"":""Round 17 - outcome"",""id"":""5ea9772"",""timestamp"":1677264051304},{""text"":""monkey, why are you not sharing, you can still deduct from moose if you share, in fact you'll have more to deduct if you contribute more"",""avatar"":""parrot"",""playerId"":""R4AkYB9Por6TXMqNn"",""gamePhase"":""Round 20 - outcome"",""id"":""2cd3dd3"",""timestamp"":1677264185553},{""text"":""because i am not earning anything, while letting you guys earn"",""avatar"":""gorilla"",""playerId"":""5dQrXBdm4SgzEqKeE"",""gamePhase"":""Round 20 - summary"",""id"":""d52f514"",""timestamp"":1677264203737},{""text"":""monkey, is your nickname bear?"",""avatar"":""chicken"",""playerId"":""EmY6Asi7ngDtC9mPS"",""gamePhase"":""Round 21 - contribution"",""id"":""9762525"",""timestamp"":1677264217803},{""text"":""but monkey you are harming the group by not sharing"",""avatar"":""parrot"",""playerId"":""R4AkYB9Por6TXMqNn"",""gamePhase"":""Round 21 - contribution"",""id"":""81e13f3"",""timestamp"":1677264226505},{""text"":""so is the moose"",""avatar"":""gorilla"",""playerId"":""5dQrXBdm4SgzEqKeE"",""gamePhase"":""Round 21 - outcome"",""id"":""44b0969"",""timestamp"":1677264236236},{""text"":""i was sharing 20 until it became clear he wasn't gonna share at all"",""avatar"":""gorilla"",""playerId"":""5dQrXBdm4SgzEqKeE"",""gamePhase"":""Round 21 - summary"",""id"":""d5a44f4"",""timestamp"":1677264265410},{""text"":""so two wrongs make a right, monkey?"",""avatar"":""parrot"",""playerId"":""R4AkYB9Por6TXMqNn"",""gamePhase"":""Round 21 - summary"",""id"":""32b11de"",""timestamp"":1677264268266},{""text"":""so now i am spending all my earning to deduct him so he earns nothing"",""avatar"":""gorilla"",""playerId"":""5dQrXBdm4SgzEqKeE"",""gamePhase"":""Round 21 - summary"",""id"":""a1e74ed"",""timestamp"":1677264275262},{""text"":""yes it does in this case"",""avatar"":""gorilla"",""playerId"":""5dQrXBdm4SgzEqKeE"",""gamePhase"":""Round 21 - summary"",""id"":""c266de1"",""timestamp"":1677264284373},{""text"":""it's better to share the max 20"",""avatar"":""parrot"",""playerId"":""R4AkYB9Por6TXMqNn"",""gamePhase"":""Round 21 - summary"",""id"":""14a9926"",""timestamp"":1677264286401},{""text"":""moose isn't"",""avatar"":""gorilla"",""playerId"":""5dQrXBdm4SgzEqKeE"",""gamePhase"":""Round 21 - summary"",""id"":""b04e21d"",""timestamp"":1677264295517},{""text"":""monkey we can't trust that"",""avatar"":""dog"",""playerId"":""K2ueQPs64B5uZtkb2"",""gamePhase"":""Round 21 - summary"",""id"":""a2a8a85"",""timestamp"":1677264292616},{""text"":""monkey, stop being entitled and selfish"",""avatar"":""parrot"",""playerId"":""R4AkYB9Por6TXMqNn"",""gamePhase"":""Round 22 - contribution"",""id"":""7dda304"",""timestamp"":1677264320889},{""text"":""what?"",""avatar"":""gorilla"",""playerId"":""5dQrXBdm4SgzEqKeE"",""gamePhase"":""Round 22 - outcome"",""id"":""c5f4235"",""timestamp"":1677264331301},{""text"":""tell that to moose"",""avatar"":""gorilla"",""playerId"":""5dQrXBdm4SgzEqKeE"",""gamePhase"":""Round 22 - outcome"",""id"":""5f8be2b"",""timestamp"":1677264333274},{""text"":""are u kidding me"",""avatar"":""gorilla"",""playerId"":""5dQrXBdm4SgzEqKeE"",""gamePhase"":""Round 22 - outcome"",""id"":""11cc98a"",""timestamp"":1677264334966},{""text"":""u probably have more points than me"",""avatar"":""gorilla"",""playerId"":""5dQrXBdm4SgzEqKeE"",""gamePhase"":""Round 22 - outcome"",""id"":""c8975d7"",""timestamp"":1677264347812},{""text"":""monkey is now the troll king/queen"",""avatar"":""parrot"",""playerId"":""R4AkYB9Por6TXMqNn"",""gamePhase"":""Round 22 - summary"",""id"":""452eb76"",""timestamp"":1677264364209},{""text"":""I think he is being rightious"",""avatar"":""chicken"",""playerId"":""EmY6Asi7ngDtC9mPS"",""gamePhase"":""Round 22 - summary"",""id"":""463d5b2"",""timestamp"":1677264365138},{""text"":""how when moose has shared almost nothing?"",""avatar"":""gorilla"",""playerId"":""5dQrXBdm4SgzEqKeE"",""gamePhase"":""Round 22 - summary"",""id"":""1ffaec9"",""timestamp"":1677264382973},{""text"":""i was sharing 20 for at least 10 rounds"",""avatar"":""gorilla"",""playerId"":""5dQrXBdm4SgzEqKeE"",""gamePhase"":""Round 22 - summary"",""id"":""9d37ba"",""timestamp"":1677264393464},{""text"":""so why stop sharing monkey?"",""avatar"":""parrot"",""playerId"":""R4AkYB9Por6TXMqNn"",""gamePhase"":""Round 23 - contribution"",""id"":""114b4bf"",""timestamp"":1677264410817},{""text"":""monkey is making moose lose money"",""avatar"":""chicken"",""playerId"":""EmY6Asi7ngDtC9mPS"",""gamePhase"":""Round 23 - contribution"",""id"":""4b7cfd3"",""timestamp"":1677264412136},{""text"":""^"",""avatar"":""gorilla"",""playerId"":""5dQrXBdm4SgzEqKeE"",""gamePhase"":""Round 23 - outcome"",""id"":""3f5611b"",""timestamp"":1677264427779},{""text"":""monkey is mooching, there's no proof monkey is doing anything positive"",""avatar"":""parrot"",""playerId"":""R4AkYB9Por6TXMqNn"",""gamePhase"":""Round 23 - summary"",""id"":""4cf45a9"",""timestamp"":1677264459985},{""text"":""u don't have to believe me. fine"",""avatar"":""gorilla"",""playerId"":""5dQrXBdm4SgzEqKeE"",""gamePhase"":""Round 23 - summary"",""id"":""c5e409a"",""timestamp"":1677264477331},{""text"":""monkey, your strategy makes no sense, you lie about your motives"",""avatar"":""parrot"",""playerId"":""R4AkYB9Por6TXMqNn"",""gamePhase"":""Round 24 - summary"",""id"":""b1e2d61"",""timestamp"":1677264532776},{""text"":""yo, go  cry to moose"",""avatar"":""gorilla"",""playerId"":""5dQrXBdm4SgzEqKeE"",""gamePhase"":""Round 24 - summary"",""id"":""0f9f5d2"",""timestamp"":1677264553176},{""text"":""not me"",""avatar"":""gorilla"",""playerId"":""5dQrXBdm4SgzEqKeE"",""gamePhase"":""Round 24 - summary"",""id"":""6bc2cf9"",""timestamp"":1677264554020},{""text"":""yea not showing deductions now"",""avatar"":""sloth"",""playerId"":""2MSF5GmiTNsx9PJrj"",""gamePhase"":""Round 24 - summary"",""id"":""5d0419a"",""timestamp"":1677264552149},{""text"":""HOW LONG IS THIS GAME"",""avatar"":""owl"",""playerId"":""osqCMML5j65dCpoQF"",""gamePhase"":""Round 30 - outcome"",""id"":""2d19e0d"",""timestamp"":1677264784309},{""text"":""40 rounds I think"",""avatar"":""chicken"",""playerId"":""EmY6Asi7ngDtC9mPS"",""gamePhase"":""Round 30 - summary"",""id"":""c0c21d5"",""timestamp"":1677264801921},{""text"":""35"",""avatar"":""sloth"",""playerId"":""2MSF5GmiTNsx9PJrj"",""gamePhase"":""Round 31 - contribution"",""id"":""0dd17a8"",""timestamp"":1677264812765},{""text"":""This could have been really great :("",""avatar"":""chicken"",""playerId"":""EmY6Asi7ngDtC9mPS"",""gamePhase"":""Round 35 - outcome"",""id"":""5ad6208"",""timestamp"":1677265045648},{""text"":""i just dropped a 200 deduct on moose"",""avatar"":""gorilla"",""playerId"":""5dQrXBdm4SgzEqKeE"",""gamePhase"":""Round 35 - outcome"",""id"":""4a0f5c1"",""timestamp"":1677265066683},{""text"":""and i am finishing this with less than 600 points"",""avatar"":""gorilla"",""playerId"":""5dQrXBdm4SgzEqKeE"",""gamePhase"":""Round 35 - outcome"",""id"":""072070e"",""timestamp"":1677265073213},{""text"":""can anyone else see the \""Payoff received by all players from the pool\"" because I am not seeing this info at all, it's been broken every round I've played"",""avatar"":""parrot"",""playerId"":""R4AkYB9Por6TXMqNn"",""gamePhase"":""Round 38 - summary"",""id"":""efe7e5a"",""timestamp"":1677265251399},{""text"":""I see it"",""avatar"":""sloth"",""playerId"":""2MSF5GmiTNsx9PJrj"",""gamePhase"":""Round 39 - summary"",""id"":""b3c7479"",""timestamp"":1677265301838},{""text"":""I can see it"",""avatar"":""chick"",""playerId"":""q5xd5NiPvP23fr97d"",""gamePhase"":""Round 39 - summary"",""id"":""8e81a0b"",""timestamp"":1677265308603}",10,40
AsksqjZ3o5evkoYXu,2_T,0.4828125,True,1.0,1.0,256,245,11,1236,2560.0,3.2,True,True,False,,8,5
