conversation_num,discursive_diversity,batch_num,vis_img,int_verb,ort_img,rep_man,soc_pers,team_size,difficulty,score,duration,efficiency,timestamp
rHPaiuXkM3Ss4rEsW,0.712915846780456,1,High,High,High,High,High,5,Easy [Corresponds to 'Hard' in PNAS],586.0,107.0,5.476635514018692,2021-02-26T19:11:21.474Z
dArSAcrzmb9bR6Pug,0.5280417375204292,1,High,High,High,High,High,5,Easy [Corresponds to 'Hard' in PNAS],559.0,406.0,1.376847290640394,2021-02-26T19:22:32.695Z
sbtKHuLChG8ge734n,,1,High,High,High,High,Low,8,Easy [Corresponds to 'Hard' in PNAS],484.0,123.0,3.934959349593496,NULL_TIME
guq9kzMuDCpB4hRhK,0.7170239800062891,1,Mixed,High,High,High,Low,4,Easy [Corresponds to 'Hard' in PNAS],515.0,152.0,3.388157894736842,2021-02-26T19:30:00.579Z
hSNqR8mxGD2jv3WeZ,,1,High,Low,High,High,High,1,Easy [Corresponds to 'Hard' in PNAS],653.0,457.0,1.4288840262582057,NULL_TIME
QFLtvFgbhMhRt9KQK,,1,High,Low,High,Low,High,1,Easy [Corresponds to 'Hard' in PNAS],552.0,227.0,2.4317180616740086,NULL_TIME
PfRcbWpT8qDqYiuag,,1,High,Low,High,High,High,1,Easy [Corresponds to 'Hard' in PNAS],561.0,206.0,2.7233009708737863,NULL_TIME
kTQ3SdYpMTZinAwHn,,1,Low,Mixed,High,Mixed,High,2,Easy [Corresponds to 'Hard' in PNAS],611.0,600.0,1.018333333333333,2021-02-26T19:23:59.943Z
TwunaL3J7Q2kC2nMf,0.8229448462678108,1,Low,Low,High,Mixed,High,2,Easy [Corresponds to 'Hard' in PNAS],511.0,94.0,5.4361702127659575,2021-02-26T19:16:38.062Z
BctKiX6FH5Mu63PY8,,1,Mixed,Low,Low,Mixed,Low,5,Easy [Corresponds to 'Hard' in PNAS],479.0,85.0,5.635294117647059,NULL_TIME
TFXd7JkGn4hdXHvft,0.7710211411872265,1,Low,Low,Low,Mixed,Low,4,Easy [Corresponds to 'Hard' in PNAS],672.0,159.0,4.226415094339623,2021-02-26T19:22:00.850Z
MxNNDmoLQ9nmuHhHe,,1,Mixed,Low,Low,Mixed,Low,3,Easy [Corresponds to 'Hard' in PNAS],633.0,131.0,4.8320610687022905,NULL_TIME
7QFpsEv5X3PgjWwwK,0.6275080635811864,1,High,High,High,High,High,5,Easy [Corresponds to 'Hard' in PNAS],586.0,405.0,1.4469135802469135,2021-03-03T19:10:57.150Z
SEN35wQWLHhBBexSa,0.7474985149361476,1,High,High,Mixed,High,High,3,Easy [Corresponds to 'Hard' in PNAS],581.0,141.0,4.120567375886525,NULL_TIME
HvApsyAmuMwWyKcux,,1,High,High,High,High,High,1,Easy [Corresponds to 'Hard' in PNAS],541.0,160.0,3.38125,NULL_TIME
g4mc5fAPshDRewkJ8,0.5749304082061821,1,High,High,High,Mixed,Low,7,Easy [Corresponds to 'Hard' in PNAS],498.0,266.0,1.8721804511278195,2021-03-03T19:18:55.200Z
8Tn58Shn84QLt98gm,,1,High,High,High,Mixed,Low,6,Easy [Corresponds to 'Hard' in PNAS],434.0,48.0,9.041666666666666,NULL_TIME
biv6qmjxFHmfqCKDo,,1,High,High,High,Low,Mixed,2,Easy [Corresponds to 'Hard' in PNAS],621.0,72.0,8.625,NULL_TIME
HN8EpujSrSBZK8D4k,0.6702612824157766,1,Low,Low,Low,Mixed,Low,5,Easy [Corresponds to 'Hard' in PNAS],672.0,142.0,4.732394366197183,2021-03-03T19:11:14.174Z
WvTqeFKEDkCLjF7ff,,1,Mixed,Mixed,Mixed,High,Low,2,Easy [Corresponds to 'Hard' in PNAS],592.0,323.0,1.8328173374613004,NULL_TIME
xJqitLtjA4er5jnEn,0.8795959593997584,1,Low,Mixed,Low,Low,Low,4,Easy [Corresponds to 'Hard' in PNAS],569.0,236.0,2.4110169491525424,NULL_TIME
3GHKN56ERGrgdxG4y,0.7089142087016341,1,High,Low,High,Mixed,Low,7,Easy [Corresponds to 'Hard' in PNAS],471.0,180.0,2.6166666666666667,2021-03-10T18:15:56.407Z
AsEcMzyehsmuQspZo,,1,Mixed,Low,High,Low,Low,3,Easy [Corresponds to 'Hard' in PNAS],492.0,182.0,2.7032967032967035,NULL_TIME
EAT5huLHGhHMqrwkH,,1,High,Low,High,High,Low,1,Easy [Corresponds to 'Hard' in PNAS],596.0,71.0,8.394366197183098,NULL_TIME
WCgKHreZdSG6H8PaW,,1,High,Low,High,High,Low,1,Easy [Corresponds to 'Hard' in PNAS],652.0,249.0,2.618473895582329,NULL_TIME
BEY4ikSKrGtcaT8vb,0.9114924166359359,1,High,High,High,Low,Low,5,Easy [Corresponds to 'Hard' in PNAS],525.0,218.0,2.408256880733945,2021-03-10T18:27:59.844Z
dbqX58FcojeTTeMXe,,1,Low,High,High,High,Low,3,Easy [Corresponds to 'Hard' in PNAS],525.0,61.0,8.60655737704918,NULL_TIME
kySX6MHndg67cD3Li,0.6468761274552575,1,Low,Mixed,Low,Mixed,High,7,Easy [Corresponds to 'Hard' in PNAS],648.0,525.0,1.2342857142857142,2021-03-10T18:10:49.630Z
zdBGjnPDQBJoyZqjh,0.8017038025171153,1,Mixed,Mixed,Low,Low,High,7,Easy [Corresponds to 'Hard' in PNAS],627.0,103.0,6.087378640776699,2021-03-10T18:12:55.156Z
cb2KMXFqSt2fJqRoa,0.6023092461424138,1,Low,Low,Low,Low,High,7,Easy [Corresponds to 'Hard' in PNAS],585.0,371.0,1.5768194070080863,2021-03-10T18:19:27.042Z
8WTq4nH5KpA4Ce4YE,0.584546542176442,1,Low,Low,Low,Mixed,High,7,Easy [Corresponds to 'Hard' in PNAS],467.0,103.0,4.533980582524272,2021-03-10T18:20:48.376Z
vCHddxo5YReEhtqyM,,1,Low,Mixed,Low,Mixed,High,2,Easy [Corresponds to 'Hard' in PNAS],555.0,101.0,5.495049504950496,NULL_TIME
SGkTzR58PMA9uMQSF,,1,Mixed,Mixed,Low,Low,High,4,Easy [Corresponds to 'Hard' in PNAS],628.0,174.0,3.6091954022988495,NULL_TIME
fgWZ2SyG54KGLQjss,,1,Low,Low,Low,Mixed,High,4,Easy [Corresponds to 'Hard' in PNAS],518.0,87.0,5.954022988505747,NULL_TIME
vWn8GPE4uD5DRYk3C,0.8347415324983971,1,Mixed,Low,Low,Low,High,4,Easy [Corresponds to 'Hard' in PNAS],603.0,229.0,2.633187772925764,NULL_TIME
BzpFKDJHHYFBA7zpg,,1,Low,Low,Low,High,High,4,Easy [Corresponds to 'Hard' in PNAS],643.0,101.0,6.366336633663367,NULL_TIME
fRMomjA9rjYGiy69P,0.8348734243581578,1,Low,Mixed,Low,Mixed,High,4,Easy [Corresponds to 'Hard' in PNAS],503.0,192.0,2.6197916666666665,NULL_TIME
8EqTfbc3Yvri8LgJ3,,1,Low,Low,Low,Low,High,1,Easy [Corresponds to 'Hard' in PNAS],498.0,266.0,1.8721804511278195,NULL_TIME
JPDwWHqXbEhejsrxS,,1,Low,Low,Low,Low,High,1,Easy [Corresponds to 'Hard' in PNAS],516.0,62.0,8.32258064516129,NULL_TIME
GEZApdceGDYqcQdpb,,1,Low,High,Low,High,High,1,Easy [Corresponds to 'Hard' in PNAS],471.0,65.0,7.246153846153846,NULL_TIME
bvtTFEL4WkEPwKewX,,1,Low,High,Low,Low,High,1,Easy [Corresponds to 'Hard' in PNAS],570.0,104.0,5.480769230769231,NULL_TIME
95dKhFkLxgzSZuLAP,0.3106419215576022,1,Low,High,High,Mixed,Low,5,Easy [Corresponds to 'Hard' in PNAS],590.0,398.0,1.4824120603015076,2021-03-10T18:13:59.306Z
ckn6r4LamHPWvBzM5,,1,Low,High,High,High,High,5,Easy [Corresponds to 'Hard' in PNAS],396.0,62.0,6.387096774193548,NULL_TIME
Aj7yLWdEKRRprYzpA,0.9201703036560979,1,Low,Mixed,High,High,Low,3,Easy [Corresponds to 'Hard' in PNAS],436.0,65.0,6.707692307692308,NULL_TIME
M6gSEatzktmEek9Fw,,1,Low,Mixed,High,Low,High,3,Easy [Corresponds to 'Hard' in PNAS],607.0,229.0,2.650655021834061,2021-03-10T18:38:18.099Z
A7fCNrF2tYuSEifkp,0.5440484603753034,1,High,Mixed,Low,Low,Low,5,Easy [Corresponds to 'Hard' in PNAS],541.0,274.0,1.9744525547445253,2021-03-10T18:12:16.299Z
MMNZT2EJJFjgEaHET,0.5606326303853484,1,High,High,Low,Mixed,Low,5,Easy [Corresponds to 'Hard' in PNAS],556.0,236.0,2.3559322033898304,2021-03-10T18:21:13.221Z
TxiK556oQMryKiCg9,0.5296807805295723,1,High,High,Low,High,Low,2,Easy [Corresponds to 'Hard' in PNAS],521.0,130.0,4.007692307692308,2021-03-10T18:37:14.278Z
65ckwTGGaCf7Q6ebJ,0.7866983557293982,1,High,Low,Low,Mixed,High,6,Easy [Corresponds to 'Hard' in PNAS],558.0,216.0,2.583333333333333,2021-03-10T18:11:56.792Z
7hp4cP7sFLCeZrNSk,0.3610150028885265,1,High,Mixed,Low,High,High,6,Easy [Corresponds to 'Hard' in PNAS],583.0,181.0,3.220994475138121,2021-03-10T18:13:31.144Z
RsnSnpZrHwxXQn2Fk,0.5280962489849441,1,High,Low,Low,Low,High,6,Easy [Corresponds to 'Hard' in PNAS],568.0,181.0,3.138121546961326,2021-03-10T18:21:49.015Z
dPTkrL4PwoMEuPeiY,0.8358213119618624,1,High,Mixed,Low,Mixed,High,2,Easy [Corresponds to 'Hard' in PNAS],652.0,390.0,1.671794871794872,2021-03-10T18:39:17.101Z
qQju8bJC4DKFjnha5,0.5778729951456213,1,High,High,Mixed,Mixed,Low,4,Easy [Corresponds to 'Hard' in PNAS],547.0,210.0,2.604761904761905,2021-03-10T18:20:48.021Z
Xj23vq8AcrGL4Smve,,1,High,Mixed,Mixed,High,Low,2,Easy [Corresponds to 'Hard' in PNAS],566.0,118.0,4.796610169491525,NULL_TIME
kzEFsxhdRDZCiRMdR,0.8456493155219817,1,High,High,High,Mixed,Low,5,Easy [Corresponds to 'Hard' in PNAS],542.0,92.0,5.891304347826087,2021-03-11T18:08:38.687Z
Wd2End5mbydGHNikn,0.5144570646107379,1,High,Low,High,High,High,5,Easy [Corresponds to 'Hard' in PNAS],585.0,368.0,1.5896739130434785,2021-03-11T18:24:13.055Z
oE8in22JbjJ75buZH,,1,High,Low,High,Low,Low,1,Easy [Corresponds to 'Hard' in PNAS],526.0,112.0,4.696428571428571,NULL_TIME
e7GqNp7dpqqcWCCwd,0.8976317140801167,1,Mixed,Mixed,Mixed,High,Mixed,2,Easy [Corresponds to 'Hard' in PNAS],534.0,136.0,3.926470588235294,2021-03-11T18:54:25.194Z
x5hxK8Fra4P5GT8zd,,1,High,High,High,Low,High,1,Easy [Corresponds to 'Hard' in PNAS],497.0,144.0,3.451388888888889,NULL_TIME
sL84jZ9hvvKRzPBqt,,1,High,Mixed,Low,Low,High,8,Easy [Corresponds to 'Hard' in PNAS],584.0,156.0,3.743589743589744,NULL_TIME
m4fX6PazypMky9JZG,0.5487116348657597,1,High,Mixed,High,Mixed,High,8,Easy [Corresponds to 'Hard' in PNAS],607.0,170.0,3.570588235294118,2021-03-11T18:10:39.630Z
TsT8kAKbpHz3KPnLR,0.8190447585001411,1,High,Mixed,Mixed,Mixed,High,8,Easy [Corresponds to 'Hard' in PNAS],562.0,51.0,11.019607843137257,NULL_TIME
zwtfREfmLE7LzyW7n,0.7497040038726228,1,High,Mixed,Mixed,Mixed,High,4,Easy [Corresponds to 'Hard' in PNAS],537.0,294.0,1.8265306122448977,2021-03-11T18:31:05.581Z
eGzp3uXThKsRFL5CT,0.6605768153669326,1,Low,High,Low,Mixed,Mixed,3,Easy [Corresponds to 'Hard' in PNAS],484.0,68.0,7.117647058823529,2021-03-11T18:03:58.015Z
Zi7BRkbuXiosC4DSo,0.9029064089910376,1,Mixed,Mixed,Low,Mixed,Low,3,Easy [Corresponds to 'Hard' in PNAS],650.0,223.0,2.914798206278027,NULL_TIME
iJCFqZH2gH2LNMony,0.8721783236016113,1,Mixed,Mixed,Mixed,Mixed,Low,3,Easy [Corresponds to 'Hard' in PNAS],467.0,56.0,8.339285714285714,NULL_TIME
gPWa8EaZ5FHt4jhY7,,1,Low,High,Low,Mixed,Low,3,Easy [Corresponds to 'Hard' in PNAS],646.0,127.0,5.086614173228346,NULL_TIME
uJ4Mkjwata78GHDWD,0.6623986159817279,1,Mixed,Mixed,Low,Low,High,6,Easy [Corresponds to 'Hard' in PNAS],502.0,39.0,12.871794871794872,NULL_TIME
fB27i4rRyzrByr3b5,0.3825898860609826,1,Low,High,Low,Mixed,High,6,Easy [Corresponds to 'Hard' in PNAS],521.0,374.0,1.393048128342246,2021-03-11T18:16:12.483Z
PBmxJ8rnpfjTG7YAY,0.5427062531568013,1,Low,High,Low,Mixed,High,3,Easy [Corresponds to 'Hard' in PNAS],576.0,600.0,0.96,2021-03-11T18:36:11.696Z
DDYMMpRHgQG4z4ZxL,,1,Low,Low,Mixed,Low,Low,3,Easy [Corresponds to 'Hard' in PNAS],570.0,359.0,1.5877437325905293,NULL_TIME
sL7K7kP6ZTCArbbRt,,1,Low,Mixed,Mixed,Mixed,Low,2,Easy [Corresponds to 'Hard' in PNAS],510.0,128.0,3.984375,NULL_TIME
YAktNaLg5seMJvJds,,1,Low,Low,Low,Low,Low,1,Easy [Corresponds to 'Hard' in PNAS],626.0,119.0,5.260504201680672,NULL_TIME
pzDJKcAE4jhvf5Le7,0.8721700604946623,1,High,High,High,High,High,3,Easy [Corresponds to 'Hard' in PNAS],562.0,102.0,5.509803921568627,NULL_TIME
HKGdBsfGWgfdGF9jt,0.8103344294783117,1,High,High,High,High,Mixed,3,Easy [Corresponds to 'Hard' in PNAS],497.0,50.0,9.94,NULL_TIME
WbRPaXuXpdH3ThqXi,,1,High,High,High,Mixed,High,3,Easy [Corresponds to 'Hard' in PNAS],550.0,120.0,4.583333333333333,NULL_TIME
5PsJ2243LJENwabYa,,1,Low,High,High,High,High,1,Easy [Corresponds to 'Hard' in PNAS],540.0,141.0,3.8297872340425534,NULL_TIME
vsuxAJLR4oAb2erci,,1,Mixed,Mixed,High,Mixed,Mixed,2,Easy [Corresponds to 'Hard' in PNAS],490.0,201.0,2.437810945273632,NULL_TIME
89AgaPBnHJzXXhASG,0.8561590237787225,1,Mixed,High,High,Mixed,High,6,Easy [Corresponds to 'Hard' in PNAS],561.0,85.0,6.6,2021-03-11T18:10:50.229Z
ZQS3Ti3pCd2CiCxrY,,1,Mixed,High,High,Mixed,High,6,Easy [Corresponds to 'Hard' in PNAS],552.0,132.0,4.181818181818182,NULL_TIME
heT4MaHQSoBtokK8t,0.7186386362836913,1,High,High,High,Low,Mixed,3,Easy [Corresponds to 'Hard' in PNAS],628.0,549.0,1.1438979963570128,2021-03-11T18:43:59.244Z
Lj5ytcQWbcsGkQmhB,,1,Mixed,High,Low,High,High,2,Easy [Corresponds to 'Hard' in PNAS],584.0,146.0,4.0,NULL_TIME
nmySCvMumnBackvKk,,1,High,Mixed,Low,Low,Mixed,2,Easy [Corresponds to 'Hard' in PNAS],523.0,112.0,4.669642857142857,NULL_TIME
JNQETsztigJz9Rmoc,,1,Mixed,High,Low,High,High,2,Easy [Corresponds to 'Hard' in PNAS],559.0,93.0,6.010752688172043,NULL_TIME
ooqiNQNFABgzpCztE,0.5554863928111349,1,Mixed,Mixed,Mixed,High,High,2,Easy [Corresponds to 'Hard' in PNAS],652.0,203.0,3.2118226600985222,2021-03-11T18:18:16.054Z
vZaKoQ4fsBMkpxGdE,,1,High,High,Low,High,High,1,Easy [Corresponds to 'Hard' in PNAS],500.0,455.0,1.098901098901099,NULL_TIME
p4AX5oarWtWFGPWvP,0.5083371449163886,1,High,Low,High,Low,Low,9,Easy [Corresponds to 'Hard' in PNAS],588.0,160.0,3.675,2021-03-11T18:10:21.962Z
AFbq77Pw53RLRbDMP,0.6209224024257105,1,Mixed,Low,High,Low,Mixed,9,Easy [Corresponds to 'Hard' in PNAS],618.0,169.0,3.65680473372781,2021-03-11T18:15:38.990Z
e2d8qToqkKDroejgp,,1,High,Low,High,Low,High,1,Easy [Corresponds to 'Hard' in PNAS],650.0,155.0,4.193548387096774,NULL_TIME
3aKL3MCRqqrZNEkgN,,1,Low,Low,Low,Mixed,High,4,Easy [Corresponds to 'Hard' in PNAS],539.0,66.0,8.166666666666666,NULL_TIME
XDxqsjZTqTwRrr8Rs,,1,Mixed,Low,Low,Low,High,4,Easy [Corresponds to 'Hard' in PNAS],440.0,70.0,6.285714285714286,NULL_TIME
voDx2w6sJA8kZCuSd,0.8668673637064135,1,Low,Mixed,Low,Mixed,High,4,Easy [Corresponds to 'Hard' in PNAS],552.0,310.0,1.780645161290323,2021-03-11T18:16:28.859Z
bv52ddikW3AuiRE9g,0.8256580916954921,1,Mixed,Mixed,Low,Low,High,2,Easy [Corresponds to 'Hard' in PNAS],601.0,151.0,3.980132450331126,NULL_TIME
4EDhSYQ8LNM2kr99w,0.869140800127833,1,High,Low,Low,Low,High,2,Easy [Corresponds to 'Hard' in PNAS],652.0,286.0,2.27972027972028,NULL_TIME
8CNyRxPZcRu2Gdx9Q,,1,Low,Low,Mixed,Low,Mixed,2,Easy [Corresponds to 'Hard' in PNAS],468.0,63.0,7.428571428571429,2021-03-11T18:14:17.556Z
5Xhbn6mWKWep2vNzK,,1,High,High,High,Mixed,Mixed,2,Easy [Corresponds to 'Hard' in PNAS],525.0,344.0,1.5261627906976745,NULL_TIME
HCXGWtSMxQ44R9wpo,0.3857891969589591,1,High,High,High,Mixed,Mixed,2,Easy [Corresponds to 'Hard' in PNAS],562.0,175.0,3.211428571428572,2021-03-18T18:29:33.780Z
KMDchKsDwXkpW3iPf,,1,High,High,High,Mixed,Low,3,Easy [Corresponds to 'Hard' in PNAS],466.0,123.0,3.7886178861788617,NULL_TIME
oJoRhAENRoiZvPRrt,,1,High,High,High,Low,High,3,Easy [Corresponds to 'Hard' in PNAS],537.0,94.0,5.712765957446808,NULL_TIME
w8WqAkDKfWyDmZuh7,,1,High,High,High,High,High,1,Easy [Corresponds to 'Hard' in PNAS],400.0,71.0,5.633802816901408,NULL_TIME
NQiGeJnPFiN4J23Gx,0.7421080182671508,1,High,High,Low,Mixed,Low,4,Easy [Corresponds to 'Hard' in PNAS],610.0,218.0,2.7981651376146788,2021-03-18T18:06:16.351Z
3jD3G4xLfjKecvdyz,0.7888993793919079,1,High,High,Low,Low,Low,4,Easy [Corresponds to 'Hard' in PNAS],478.0,131.0,3.648854961832061,NULL_TIME
WTqcfDdmk9u5xbDPh,0.7952455089979653,1,High,High,Low,Mixed,Low,4,Easy [Corresponds to 'Hard' in PNAS],530.0,440.0,1.2045454545454546,2021-03-18T18:15:02.006Z
6RQKTtn7rA9odpafN,0.572534693500486,1,High,High,Low,Mixed,Low,4,Easy [Corresponds to 'Hard' in PNAS],569.0,200.0,2.845,2021-03-18T18:16:02.710Z
umMriktAdzY9fq28g,0.5224409421700147,1,High,Mixed,Low,Mixed,Low,2,Easy [Corresponds to 'Hard' in PNAS],586.0,253.0,2.316205533596838,2021-03-18T18:38:12.366Z
ahSbza6wGDYKDMkrw,,1,High,High,Mixed,Low,High,2,Easy [Corresponds to 'Hard' in PNAS],545.0,84.0,6.488095238095238,NULL_TIME
bmdWo2MGtfZhrWp5H,0.4204302386548273,1,High,Mixed,Low,Mixed,High,2,Easy [Corresponds to 'Hard' in PNAS],441.0,186.0,2.370967741935484,2021-03-18T18:12:24.940Z
eneaW7TCzuRq24e6L,,1,High,High,Low,High,Mixed,2,Easy [Corresponds to 'Hard' in PNAS],588.0,129.0,4.558139534883721,NULL_TIME
2wDPoyWiAscqxxptw,0.3457082276537544,1,High,High,Low,High,Mixed,2,Easy [Corresponds to 'Hard' in PNAS],479.0,204.0,2.3480392156862746,2021-03-18T18:14:17.881Z
Ti75Zn6rdchWdLhTe,0.4638643139120787,1,High,High,Low,Mixed,Mixed,2,Easy [Corresponds to 'Hard' in PNAS],628.0,417.0,1.5059952038369304,2021-03-18T18:19:09.036Z
tdbqyhLERLFB6ghRP,0.6536038388159918,1,High,High,Low,High,High,4,Easy [Corresponds to 'Hard' in PNAS],652.0,124.0,5.258064516129032,2021-03-18T18:05:34.964Z
5m37FrBkkCd86cTQZ,0.5734719912517353,1,High,High,Low,High,High,4,Easy [Corresponds to 'Hard' in PNAS],506.0,234.0,2.1623931623931623,2021-03-18T18:11:03.662Z
8rpfHnCKeLjyBdqLJ,,1,High,High,Low,Low,High,4,Easy [Corresponds to 'Hard' in PNAS],433.0,81.0,5.345679012345679,NULL_TIME
6BpCLS2ecJqiRPW8J,,1,High,High,Low,Mixed,High,4,Easy [Corresponds to 'Hard' in PNAS],542.0,119.0,4.554621848739496,NULL_TIME
KgZdjaSyZWBgfZNXH,0.2526725990302852,1,High,High,Low,High,High,4,Easy [Corresponds to 'Hard' in PNAS],655.0,138.0,4.746376811594203,2021-03-18T18:18:31.162Z
ju986BPQ4DnbgZwXe,,1,High,High,Low,High,High,1,Easy [Corresponds to 'Hard' in PNAS],622.0,248.0,2.5080645161290325,NULL_TIME
CAZqhoSXTsrABco9k,0.8519534143917965,1,High,Mixed,Low,High,Mixed,2,Easy [Corresponds to 'Hard' in PNAS],462.0,66.0,7.0,NULL_TIME
7rF2mcmnfjY65ufPC,,1,Mixed,Low,Low,Low,Mixed,2,Easy [Corresponds to 'Hard' in PNAS],503.0,70.0,7.185714285714286,NULL_TIME
ou3Ai4d2EDZdXBHdS,0.6067450387135798,1,High,Mixed,Mixed,Mixed,Low,2,Easy [Corresponds to 'Hard' in PNAS],602.0,281.0,2.1423487544483986,2021-03-18T18:15:09.865Z
YdZnggGZoek5GENPk,0.837092431121982,1,High,Mixed,Low,Mixed,High,2,Easy [Corresponds to 'Hard' in PNAS],586.0,185.0,3.167567567567568,2021-03-18T18:14:35.072Z
52Mij6cYXKgENpfBz,0.3973721795158065,1,High,Low,Mixed,Mixed,Mixed,2,Easy [Corresponds to 'Hard' in PNAS],650.0,225.0,2.888888888888889,2021-03-18T18:22:58.677Z
DgevYRa8QQ7yoekme,,1,High,Low,Low,Low,Low,1,Easy [Corresponds to 'Hard' in PNAS],532.0,85.0,6.258823529411765,NULL_TIME
WabGxHpuDQcgtxF9E,,1,Low,High,Low,High,High,1,Easy [Corresponds to 'Hard' in PNAS],525.0,339.0,1.5486725663716814,NULL_TIME
wEKhQZpv4DDApkS7G,0.8537949285691698,1,Mixed,High,Low,Low,Low,2,Easy [Corresponds to 'Hard' in PNAS],652.0,332.0,1.963855421686747,2021-03-18T18:11:21.626Z
LyF57Yw8c6uoMNYBL,,1,Low,High,Low,Mixed,Low,2,Easy [Corresponds to 'Hard' in PNAS],547.0,188.0,2.9095744680851063,NULL_TIME
P5NcamYQ2xLhteQ5J,,1,Low,High,Low,High,Mixed,2,Easy [Corresponds to 'Hard' in PNAS],486.0,51.0,9.529411764705882,NULL_TIME
jzFFXxc7vLTSx4vcf,0.25740362158337593,1,Mixed,Mixed,Low,Mixed,Mixed,2,Easy [Corresponds to 'Hard' in PNAS],655.0,203.0,3.226600985221675,2021-03-18T18:22:32.041Z
q2D4qXynxyvSeFpoH,,1,Low,High,Low,Low,Low,1,Easy [Corresponds to 'Hard' in PNAS],444.0,101.0,4.396039603960396,NULL_TIME
C8FgTa55coZKH6YRg,,1,Low,High,Mixed,Mixed,High,3,Easy [Corresponds to 'Hard' in PNAS],503.0,33.0,15.242424242424242,NULL_TIME
jtHfPWktJTByAovPa,0.5797698513637196,1,Mixed,High,Low,Mixed,High,3,Easy [Corresponds to 'Hard' in PNAS],672.0,156.0,4.307692307692308,2021-03-18T18:08:33.719Z
r8fpcKQMnNNXbZhsF,0.4516768532482078,1,Low,High,Mixed,Mixed,High,3,Easy [Corresponds to 'Hard' in PNAS],626.0,490.0,1.2775510204081633,2021-03-18T18:24:20.771Z
xWY4qPNdF6JjQwtY3,0.48210611805670966,1,Low,High,Low,Mixed,High,2,Easy [Corresponds to 'Hard' in PNAS],524.0,242.0,2.165289256198347,2021-03-18T18:34:10.992Z
9Qw2wAWCJW9nu5GDw,,1,Mixed,High,Mixed,Mixed,Mixed,2,Easy [Corresponds to 'Hard' in PNAS],609.0,251.0,2.4262948207171315,NULL_TIME
28LFTFoBTha9WeCxT,,1,High,High,High,High,High,3,Easy [Corresponds to 'Hard' in PNAS],611.0,87.0,7.022988505747127,NULL_TIME
pvtG7HPqocwpxvifc,,1,High,High,High,High,High,3,Easy [Corresponds to 'Hard' in PNAS],532.0,66.0,8.06060606060606,NULL_TIME
yuXY8pFzXFJzoeH52,0.37861181551350026,1,High,High,High,Low,Mixed,4,Easy [Corresponds to 'Hard' in PNAS],636.0,202.0,3.1485148514851486,2021-03-19T18:13:24.992Z
bynTx6QZTzERZYtet,0.9023610589177359,1,High,Mixed,High,High,Low,4,Easy [Corresponds to 'Hard' in PNAS],618.0,77.0,8.025974025974026,2021-03-19T18:15:53.615Z
Zz5jMDM5PtFM8W5iC,0.9359735891365539,1,High,Low,Mixed,Low,Low,2,Easy [Corresponds to 'Hard' in PNAS],448.0,105.0,4.266666666666667,2021-03-19T18:28:32.795Z
u96HFiAh7RnJxPgiR,,1,Mixed,Low,Low,Mixed,High,3,Easy [Corresponds to 'Hard' in PNAS],474.0,53.0,8.943396226415095,NULL_TIME
P36ZM58eWWKqS8pNe,0.825470232605345,1,Mixed,Low,Mixed,High,High,2,Easy [Corresponds to 'Hard' in PNAS],581.0,168.0,3.458333333333333,NULL_TIME
CtQsxm8Ki5xK5qvr9,0.6271504889371999,1,Mixed,High,Low,Mixed,High,9,Easy [Corresponds to 'Hard' in PNAS],588.0,305.0,1.9278688524590164,2021-03-19T18:11:23.881Z
Biqb8KZ7HSf7sJd7G,0.839987426185588,1,Mixed,High,Mixed,Mixed,High,4,Easy [Corresponds to 'Hard' in PNAS],505.0,79.0,6.39240506329114,2021-03-19T18:25:38.965Z
Pti4oRgjb4Gwx9ny4,0.5357863023371467,1,Mixed,High,High,High,Mixed,3,Easy [Corresponds to 'Hard' in PNAS],588.0,205.0,2.868292682926829,2021-03-19T18:51:10.888Z
6cSAzAQXhnFFsbe3c,0.5014101513481012,1,Mixed,High,High,High,High,10,Easy [Corresponds to 'Hard' in PNAS],599.0,282.0,2.124113475177305,2021-03-19T18:08:52.389Z
zXofkTp388eu67YxF,0.5240796323948269,1,Mixed,High,High,Low,High,10,Easy [Corresponds to 'Hard' in PNAS],602.0,491.0,1.2260692464358451,2021-03-19T18:12:57.599Z
XS9fXnBa4Am766ssL,0.4292975852170986,1,High,High,High,Mixed,High,6,Easy [Corresponds to 'Hard' in PNAS],520.0,135.0,3.851851851851852,2021-03-19T18:26:18.325Z
cwevFmGTFWo73cEee,,1,High,High,High,Low,High,1,Easy [Corresponds to 'Hard' in PNAS],542.0,82.0,6.609756097560975,NULL_TIME
kMbPxZA66CAik5L2y,0.28785049907520355,1,Mixed,Mixed,Mixed,Mixed,Low,2,Easy [Corresponds to 'Hard' in PNAS],528.0,518.0,1.0193050193050193,2021-03-19T18:09:07.061Z
p9DaHn59yYinR244G,0.9109229793485657,1,Mixed,Mixed,Low,Mixed,Mixed,2,Easy [Corresponds to 'Hard' in PNAS],649.0,168.0,3.863095238095238,NULL_TIME
KRBxELippfQyYaYN8,0.2602969534206403,1,Mixed,Low,Mixed,Low,High,2,Easy [Corresponds to 'Hard' in PNAS],570.0,482.0,1.1825726141078838,2021-03-19T18:15:52.737Z
GSCcdts6pAobAw7Tz,,1,Mixed,Mixed,Mixed,Mixed,Mixed,2,Easy [Corresponds to 'Hard' in PNAS],476.0,76.0,6.2631578947368425,NULL_TIME
CqptbfExawp9HRNZv,,1,High,Low,Low,High,High,1,Easy [Corresponds to 'Hard' in PNAS],622.0,221.0,2.81447963800905,NULL_TIME
LTjZ32Rzst7kA4nWG,0.5725994644210106,1,Low,Low,Low,Low,High,5,Easy [Corresponds to 'Hard' in PNAS],672.0,97.0,6.927835051546392,2021-03-19T18:07:19.111Z
qnpgoBXH6DCS9FsNr,0.42571774198079115,1,Low,Low,Low,Mixed,High,5,Easy [Corresponds to 'Hard' in PNAS],584.0,338.0,1.727810650887574,2021-03-19T18:12:56.882Z
F5cZAceaT8qzY5Qq9,0.8879563709141338,1,Low,Low,Low,Mixed,Low,5,Easy [Corresponds to 'Hard' in PNAS],565.0,154.0,3.668831168831169,2021-03-19T18:16:27.405Z
ZqrTReWHf2f9BvmNg,0.6586169885383197,1,Low,Low,Low,Mixed,High,4,Easy [Corresponds to 'Hard' in PNAS],628.0,224.0,2.8035714285714284,2021-03-19T18:29:06.792Z
vZ7JoqmTRwWdhoCGz,,1,Low,Low,Low,Low,Low,1,Easy [Corresponds to 'Hard' in PNAS],628.0,114.0,5.508771929824562,NULL_TIME
fpe9mtaMKbq5v79KJ,0.9117725593393571,1,Mixed,Mixed,Low,Low,High,2,Easy [Corresponds to 'Hard' in PNAS],477.0,134.0,3.5597014925373136,2021-03-19T18:10:48.187Z
rLicrCiHMCtdK3vNR,0.7085573477604494,1,Mixed,High,Mixed,Mixed,High,2,Easy [Corresponds to 'Hard' in PNAS],639.0,417.0,1.5323741007194245,2021-03-19T18:15:37.100Z
25PJSrbtr8mkHTvcw,0.8416383458227825,1,Mixed,High,Low,High,Mixed,2,Easy [Corresponds to 'Hard' in PNAS],604.0,559.0,1.0805008944543828,2021-03-19T18:20:28.277Z
asmpX3RzSmdrLfYJH,,1,Mixed,High,Low,High,High,2,Easy [Corresponds to 'Hard' in PNAS],611.0,226.0,2.7035398230088497,NULL_TIME
aeP2SCksPLw2BhR39,,1,High,High,Low,High,Low,1,Easy [Corresponds to 'Hard' in PNAS],528.0,273.0,1.934065934065934,NULL_TIME
gFBsmswF5AikXKpH6,,1,Low,Low,Low,Low,High,1,Easy [Corresponds to 'Hard' in PNAS],620.0,120.0,5.166666666666667,NULL_TIME
xXEZh62pWEGduF2vc,,1,Mixed,High,Mixed,Mixed,High,2,Easy [Corresponds to 'Hard' in PNAS],586.0,466.0,1.257510729613734,NULL_TIME
6HwoXL7xJaSXs4mYD,0.6894296440725122,1,High,High,High,Mixed,Mixed,2,Easy [Corresponds to 'Hard' in PNAS],620.0,425.0,1.4588235294117646,2021-03-25T19:17:50.251Z
cKFf7W49dipqyHMSH,0.9182228245549371,1,High,High,High,Mixed,Low,5,Easy [Corresponds to 'Hard' in PNAS],467.0,216.0,2.162037037037037,NULL_TIME
JeLG7nENLJEmR8koT,0.49155234586925345,1,High,High,Mixed,High,High,3,Easy [Corresponds to 'Hard' in PNAS],670.0,77.0,8.7012987012987,2021-03-25T19:08:02.044Z
HyBshF2YurXNsHXzq,,1,High,High,Mixed,High,High,3,Easy [Corresponds to 'Hard' in PNAS],535.0,35.0,15.285714285714286,NULL_TIME
3X2NKm3tXzQaYRDXy,0.7401046984671563,1,High,High,Mixed,High,High,2,Easy [Corresponds to 'Hard' in PNAS],458.0,131.0,3.49618320610687,NULL_TIME
fCbTRhchYWvdgyw2w,0.6606087464162191,1,High,High,High,Mixed,Low,6,Easy [Corresponds to 'Hard' in PNAS],460.0,141.0,3.2624113475177303,2021-03-25T19:16:28.304Z
LpsCFjwjjwFhMDijM,,1,High,High,High,High,Low,1,Easy [Corresponds to 'Hard' in PNAS],566.0,204.0,2.7745098039215685,NULL_TIME
2sRHSauFPHf7FHREn,,1,High,Mixed,Mixed,High,High,9,Easy [Corresponds to 'Hard' in PNAS],486.0,46.0,10.565217391304348,NULL_TIME
NANN4WTAeApt8fNvB,,1,High,Low,Low,Mixed,Low,9,Easy [Corresponds to 'Hard' in PNAS],493.0,84.0,5.869047619047619,NULL_TIME
C95S6tz3tCxgZgGDd,0.44082339802603837,1,High,Low,Low,Mixed,Low,9,Easy [Corresponds to 'Hard' in PNAS],469.0,109.0,4.302752293577981,2021-03-25T19:23:43.427Z
SB52rE4dAhGdTNNvM,,1,High,Low,Low,Low,Low,1,Easy [Corresponds to 'Hard' in PNAS],461.0,61.0,7.557377049180328,NULL_TIME
whh3x6MaAhKrwRELN,,1,High,Low,Low,Mixed,Low,3,Easy [Corresponds to 'Hard' in PNAS],453.0,104.0,4.355769230769231,NULL_TIME
qeqHCyqdFHtPA3rtG,0.6814737243075383,1,High,Low,High,High,Low,4,Easy [Corresponds to 'Hard' in PNAS],585.0,480.0,1.21875,2021-03-25T19:19:05.249Z
H79idQNj4ZwmXHHbu,,1,High,Low,High,High,Low,1,Easy [Corresponds to 'Hard' in PNAS],652.0,108.0,6.037037037037037,NULL_TIME
aBMSphjkj8FDJt9pa,,1,High,High,High,Low,Low,1,Easy [Corresponds to 'Hard' in PNAS],444.0,61.0,7.278688524590164,NULL_TIME
jC6dvxuTjEcjG9fSq,,1,High,High,High,Low,Low,2,Easy [Corresponds to 'Hard' in PNAS],627.0,81.0,7.74074074074074,NULL_TIME
f6H2Y3qxqEktjSTjN,0.6284543391160314,1,Low,High,Low,Mixed,High,9,Easy [Corresponds to 'Hard' in PNAS],590.0,273.0,2.161172161172161,2021-03-25T19:06:23.857Z
h8cmezK4NroR7qiqF,0.3546650457007542,1,Low,High,Low,High,High,9,Easy [Corresponds to 'Hard' in PNAS],649.0,418.0,1.5526315789473684,2021-03-25T19:14:23.006Z
JCHHPHqAPFm5uv7va,0.6840416922850651,1,Low,High,Low,Low,High,9,Easy [Corresponds to 'Hard' in PNAS],643.0,90.0,7.144444444444445,2021-03-25T19:16:58.067Z
qJGBy2xPMMmngLawz,0.7298827243035975,1,High,High,High,Low,High,3,Easy [Corresponds to 'Hard' in PNAS],599.0,127.0,4.716535433070866,NULL_TIME
WrACMQNSJ63nKSv56,0.31952594787496674,1,High,High,High,Mixed,High,3,Easy [Corresponds to 'Hard' in PNAS],653.0,96.0,6.802083333333333,2021-03-25T19:09:56.853Z
tvEnMSATAZZ5o3gFJ,,1,Low,High,High,Mixed,High,3,Easy [Corresponds to 'Hard' in PNAS],462.0,71.0,6.507042253521127,NULL_TIME
mZFMk7hRgKsbDRowZ,0.7231446326861196,1,Low,Low,Low,Mixed,Mixed,10,Easy [Corresponds to 'Hard' in PNAS],493.0,232.0,2.125,2021-03-25T19:06:55.521Z
ua7sYhATQxtjNWiz2,0.6573865309132705,1,Low,Low,Low,Low,High,10,Easy [Corresponds to 'Hard' in PNAS],604.0,71.0,8.507042253521126,2021-03-25T19:08:09.832Z
7rkKnGxo4J5rp9Qon,0.6137559228546637,1,Low,Mixed,Mixed,Low,High,10,Easy [Corresponds to 'Hard' in PNAS],548.0,190.0,2.8842105263157896,2021-03-25T19:14:45.056Z
ZLgiKoDZC7FeeafGW,0.5812946373032308,1,Low,Low,Low,Low,High,10,Easy [Corresponds to 'Hard' in PNAS],532.0,188.0,2.8297872340425534,2021-03-25T19:22:00.603Z
MiWfQBFyQnYbTSeRJ,0.9226742050982587,1,Low,Mixed,Low,Low,Low,5,Easy [Corresponds to 'Hard' in PNAS],643.0,104.0,6.182692307692308,2021-03-25T19:33:47.473Z
YWEQcmrzmn7tEFDT2,0.4822747932091347,1,Low,Low,Low,Mixed,High,10,Easy [Corresponds to 'Hard' in PNAS],626.0,322.0,1.944099378881988,2021-03-25T19:10:44.545Z
P2fmuQimhJsCXWKNK,0.5250949345610922,1,Low,Low,Low,Mixed,Low,10,Easy [Corresponds to 'Hard' in PNAS],577.0,564.0,1.0230496453900708,2021-03-25T19:19:25.980Z
PtrbFqBxBwW2a8nwT,0.6788021055405126,1,Low,Low,Mixed,Mixed,Low,10,Easy [Corresponds to 'Hard' in PNAS],519.0,104.0,4.990384615384615,2021-03-25T19:19:13.702Z
vnHQn8s8MSzbmGMTq,0.6253763200194303,1,Mixed,Mixed,Low,Mixed,Low,7,Easy [Corresponds to 'Hard' in PNAS],626.0,204.0,3.0686274509803924,2021-03-25T19:30:26.540Z
HRBSypSbLBdApPbwL,,1,Low,Low,High,Low,High,3,Easy [Corresponds to 'Hard' in PNAS],457.0,148.0,3.0878378378378377,NULL_TIME
3ZiwLPmF9ycSwvWY6,0.4798550688024834,1,Mixed,Low,Low,Mixed,Low,10,Easy [Corresponds to 'Hard' in PNAS],590.0,335.0,1.7611940298507462,2021-03-25T19:08:46.832Z
BjXHZAg6EtqSuEhDX,0.4474120476069443,1,Low,Mixed,Low,Mixed,High,10,Easy [Corresponds to 'Hard' in PNAS],672.0,486.0,1.382716049382716,2021-03-25T19:12:48.717Z
maoPvN6SjCESpugQS,,1,Low,Low,Low,Low,High,10,Easy [Corresponds to 'Hard' in PNAS],525.0,120.0,4.375,2021-03-25T19:15:24.771Z
kjDSFn5SMjSZkGs99,0.5944936872007679,1,Low,Low,Low,Low,Low,10,Easy [Corresponds to 'Hard' in PNAS],581.0,181.0,3.209944751381216,2021-03-25T19:33:01.193Z
2zSFuRFBMtPpeZMhs,,1,Low,Low,Low,Low,High,1,Easy [Corresponds to 'Hard' in PNAS],670.0,119.0,5.630252100840337,NULL_TIME
RsRRHzSGyDKXwEfvr,0.7428976107986023,1,High,High,Mixed,High,High,9,Easy [Corresponds to 'Hard' in PNAS],477.0,53.0,9.0,2021-03-26T19:12:56.053Z
EfsMqyG2NxP9nkQPA,0.8926935791568793,1,High,High,High,High,High,4,Easy [Corresponds to 'Hard' in PNAS],585.0,183.0,3.19672131147541,2021-03-26T19:33:43.551Z
MydxqokfZ8Tf6Mczy,,1,High,Low,High,High,High,1,Easy [Corresponds to 'Hard' in PNAS],471.0,204.0,2.3088235294117645,NULL_TIME
SoNLPpnoKpNnfLSjh,,1,High,Low,High,High,High,1,Easy [Corresponds to 'Hard' in PNAS],444.0,124.0,3.5806451612903225,NULL_TIME
YNx3Bxop8Jhb5o2jE,,1,High,High,High,Mixed,Low,2,Easy [Corresponds to 'Hard' in PNAS],607.0,131.0,4.633587786259542,NULL_TIME
rfb5WJ9A9FzCAJHPr,,1,High,High,High,High,Low,1,Easy [Corresponds to 'Hard' in PNAS],670.0,330.0,2.0303030303030303,NULL_TIME
EytasFvrWcb4C3SBY,0.9047946737802741,1,Low,Low,Low,Mixed,High,4,Easy [Corresponds to 'Hard' in PNAS],501.0,218.0,2.2981651376146788,2021-03-26T19:16:08.154Z
N4KGF7vmfJftm7rw6,0.8813316809910624,1,Low,Low,Low,Low,High,3,Easy [Corresponds to 'Hard' in PNAS],650.0,131.0,4.961832061068702,NULL_TIME
ChXd2YLNFFzifoK2J,,1,Low,Low,Low,Low,High,1,Easy [Corresponds to 'Hard' in PNAS],652.0,137.0,4.759124087591241,NULL_TIME
xxEKLz8ywu4zXWcWf,,1,Mixed,Mixed,Low,Low,Low,2,Easy [Corresponds to 'Hard' in PNAS],515.0,195.0,2.641025641025641,NULL_TIME
uBrccdXFkiSfWwjgf,,1,Mixed,Low,Low,High,Mixed,2,Easy [Corresponds to 'Hard' in PNAS],564.0,130.0,4.338461538461538,NULL_TIME
LwBzgwdqJTj2mGRNE,,1,Mixed,High,Mixed,Mixed,Low,4,Easy [Corresponds to 'Hard' in PNAS],583.0,138.0,4.22463768115942,NULL_TIME
7x4FC4q7bp4qxPaXK,0.2900714575836872,1,Mixed,High,Low,Low,Low,6,Easy [Corresponds to 'Hard' in PNAS],544.0,438.0,1.2420091324200913,2021-03-26T19:24:02.128Z
t95X6WJpzZpTMXxYd,,1,Low,High,Low,Low,High,9,Easy [Corresponds to 'Hard' in PNAS],515.0,210.0,2.452380952380953,NULL_TIME
96FE5fMgcL7iXjsL6,0.48342502050794084,1,Mixed,High,Low,Mixed,High,7,Easy [Corresponds to 'Hard' in PNAS],561.0,365.0,1.536986301369863,2021-03-26T19:20:58.142Z
e4jfhkZN3Zw5b7bmh,0.5861227195226818,1,Low,High,High,Mixed,Low,9,Easy [Corresponds to 'Hard' in PNAS],672.0,483.0,1.391304347826087,2021-03-26T19:16:44.542Z
nh8KEKW4eaem8cHBx,,1,Mixed,Mixed,Mixed,Mixed,High,9,Easy [Corresponds to 'Hard' in PNAS],467.0,58.0,8.051724137931034,NULL_TIME
MKr2NhcQgXsqQ5LCj,0.6945905167092289,1,Low,Mixed,Low,Mixed,High,9,Easy [Corresponds to 'Hard' in PNAS],525.0,242.0,2.169421487603306,2021-03-26T19:20:08.864Z
5vAq4xMXdiJ8NBoCQ,,1,Low,High,Low,High,High,1,Easy [Corresponds to 'Hard' in PNAS],670.0,349.0,1.9197707736389684,NULL_TIME
RJ5qxNbBujW7k4Fr2,,1,Mixed,Low,High,Low,Low,6,Easy [Corresponds to 'Hard' in PNAS],526.0,80.0,6.575,NULL_TIME
dusNm93NvMCm6EMtw,0.7954519295934707,1,Low,Mixed,Low,Mixed,Low,2,Easy [Corresponds to 'Hard' in PNAS],569.0,243.0,2.3415637860082303,2021-03-26T19:34:42.318Z
9RzMSRSyHFSBXfumk,,2,High,High,Mixed,High,High,3,Easy [Corresponds to 'Hard' in PNAS],670.0,205.0,3.268292682926829,NULL_TIME
cRfH9of7yjFXYej6E,,2,High,High,High,High,Low,1,Easy [Corresponds to 'Hard' in PNAS],625.0,71.0,8.80281690140845,NULL_TIME
GfhFN97aStrKWDksv,,2,High,High,High,High,Low,1,Easy [Corresponds to 'Hard' in PNAS],464.0,119.0,3.899159663865546,NULL_TIME
u9KxxuKENgyeWhfyo,,2,High,High,High,High,Low,1,Easy [Corresponds to 'Hard' in PNAS],504.0,104.0,4.846153846153846,NULL_TIME
8vLv33QtuRrZ8E7TA,0.06602968857892266,2,High,High,High,Low,High,2,Easy [Corresponds to 'Hard' in PNAS],493.0,122.0,4.040983606557377,2021-05-25T17:08:45.545Z
nuACaX9msivx9KtXP,,2,High,High,High,Low,Mixed,2,Easy [Corresponds to 'Hard' in PNAS],583.0,187.0,3.117647058823529,NULL_TIME
sQwhFkF8ucps2rpNc,,2,High,High,High,Low,Mixed,2,Easy [Corresponds to 'Hard' in PNAS],520.0,189.0,2.751322751322751,NULL_TIME
YDzvT8gZByvjtX5fk,,2,High,High,Low,High,High,2,Easy [Corresponds to 'Hard' in PNAS],500.0,120.0,4.166666666666667,NULL_TIME
SHoT5xgcWEjgZBf5A,0.4968359489214955,2,High,High,Low,High,High,2,Easy [Corresponds to 'Hard' in PNAS],586.0,438.0,1.3378995433789955,2021-05-25T17:12:16.251Z
ZLZ7tAyzHEHMJ76se,,2,Mixed,Mixed,Low,High,High,2,Easy [Corresponds to 'Hard' in PNAS],477.0,57.0,8.368421052631579,NULL_TIME
65yFxmSLEmy9h6yTy,,2,High,Mixed,Low,High,High,2,Easy [Corresponds to 'Hard' in PNAS],471.0,600.0,0.785,NULL_TIME
CxMLFxRoZSHThG5MC,0.8028085703933101,2,High,High,High,High,High,2,Easy [Corresponds to 'Hard' in PNAS],569.0,202.0,2.8168316831683167,NULL_TIME
348Bcf97jQYcnDZJc,,2,High,High,High,High,High,2,Easy [Corresponds to 'Hard' in PNAS],670.0,363.0,1.8457300275482087,NULL_TIME
xL9zmvgizwFn25cEa,0.5413748588283538,2,Mixed,Mixed,Low,Mixed,High,2,Easy [Corresponds to 'Hard' in PNAS],382.0,100.0,3.82,2021-05-25T17:12:50.646Z
F7mNaf5RWK8Ci2ejb,,2,High,High,Mixed,Low,Mixed,2,Easy [Corresponds to 'Hard' in PNAS],533.0,66.0,8.075757575757576,NULL_TIME
cq9cMJwvXyMzG7WkA,0.5253234744625354,2,High,High,Mixed,Mixed,Mixed,2,Easy [Corresponds to 'Hard' in PNAS],482.0,208.0,2.3173076923076925,2021-05-25T17:32:32.421Z
rp2Q6syMYi8LmCinf,,2,High,High,Low,Low,Low,1,Easy [Corresponds to 'Hard' in PNAS],548.0,307.0,1.785016286644951,NULL_TIME
Nze84k7ixu35SwPPN,,2,Mixed,Mixed,High,Low,Low,6,Easy [Corresponds to 'Hard' in PNAS],527.0,138.0,3.818840579710145,NULL_TIME
qBZyRpnhdCuuWJhRp,0.7005856349699234,2,Low,Low,High,Mixed,Low,6,Easy [Corresponds to 'Hard' in PNAS],550.0,120.0,4.583333333333333,2021-05-25T17:16:43.014Z
TvoX6EzfvJACXv8Px,,2,Low,Low,High,High,Low,1,Easy [Corresponds to 'Hard' in PNAS],620.0,291.0,2.1305841924398625,NULL_TIME
b83pjfppfz4Kyrs2B,0.5006814670412018,2,High,High,High,High,High,3,Easy [Corresponds to 'Hard' in PNAS],639.0,200.0,3.195,2021-05-25T17:10:30.326Z
HPFE85f8KigaTYx48,0.44380136025237,2,High,High,High,High,High,3,Easy [Corresponds to 'Hard' in PNAS],532.0,300.0,1.7733333333333334,2021-05-25T17:15:34.230Z
4EzYduhwdSEPZmkbA,0.8126353625377167,2,Mixed,High,Mixed,Mixed,High,3,Easy [Corresponds to 'Hard' in PNAS],512.0,110.0,4.654545454545454,2021-05-25T17:24:17.568Z
wvHWZyonFw3EhhxzZ,,2,High,High,High,High,High,1,Easy [Corresponds to 'Hard' in PNAS],635.0,242.0,2.62396694214876,NULL_TIME
SXHjiQ59p2d3hcyru,,2,High,High,High,High,High,1,Easy [Corresponds to 'Hard' in PNAS],463.0,60.0,7.716666666666667,NULL_TIME
bPdphrYsJn5SpwHzj,0.8433379750002461,2,Mixed,High,Low,High,High,3,Easy [Corresponds to 'Hard' in PNAS],626.0,207.0,3.024154589371981,2021-05-25T17:08:33.893Z
EyivagAmfM59TjDkh,0.5739921943047851,2,Low,High,Mixed,High,High,3,Easy [Corresponds to 'Hard' in PNAS],561.0,128.0,4.3828125,2021-05-25T17:09:48.436Z
H4krQcEugLnsfeWdQ,0.4560810111149553,2,High,High,Low,High,High,3,Easy [Corresponds to 'Hard' in PNAS],626.0,494.0,1.2672064777327936,2021-05-25T17:15:42.394Z
x6gvADstGM4H7BRjb,,2,Low,High,Low,High,High,3,Easy [Corresponds to 'Hard' in PNAS],542.0,45.0,12.044444444444444,NULL_TIME
LHxMnQzo7qcHmNSd6,,2,High,High,Low,High,Mixed,2,Easy [Corresponds to 'Hard' in PNAS],626.0,123.0,5.089430894308944,NULL_TIME
k9ogtGiHSDNN7LeGb,0.953998357494573,2,Low,Mixed,Low,High,Low,6,Easy [Corresponds to 'Hard' in PNAS],577.0,69.0,8.36231884057971,NULL_TIME
ayGvDdzXGB7A52SY3,0.8017304908564548,2,Mixed,Low,Low,Low,Low,6,Easy [Corresponds to 'Hard' in PNAS],545.0,97.0,5.618556701030927,NULL_TIME
CsdJDcbap4WLtw84E,,2,High,Mixed,Mixed,High,Low,3,Easy [Corresponds to 'Hard' in PNAS],510.0,42.0,12.142857142857142,NULL_TIME
AFL8H47y8v8kSdKQw,,2,Low,Low,Low,Mixed,Mixed,2,Easy [Corresponds to 'Hard' in PNAS],542.0,93.0,5.827956989247312,NULL_TIME
iCR2RRYcAYzPjcNQB,0.35495738064587656,2,Mixed,High,High,High,High,3,Easy [Corresponds to 'Hard' in PNAS],574.0,72.0,7.972222222222222,2021-05-26T17:09:05.758Z
LtZCw7y8xZweWqXdi,,2,High,High,High,Low,Low,7,Easy [Corresponds to 'Hard' in PNAS],532.0,44.0,12.090909090909092,NULL_TIME
8XDZxPA3PJvm3Zc98,0.4776343706973004,2,High,High,High,Low,Low,5,Easy [Corresponds to 'Hard' in PNAS],569.0,359.0,1.584958217270195,2021-05-26T17:25:18.097Z
zoijP9Z4yNJ8sRgZq,,2,High,High,High,Low,Mixed,2,Easy [Corresponds to 'Hard' in PNAS],532.0,141.0,3.773049645390071,NULL_TIME
MoXHcnafjW9awka7W,,2,High,High,High,High,High,2,Easy [Corresponds to 'Hard' in PNAS],490.0,382.0,1.2827225130890052,NULL_TIME
YCfKFSiavNYqDMdjX,0.26335179929092,2,High,Mixed,Mixed,High,High,2,Easy [Corresponds to 'Hard' in PNAS],533.0,321.0,1.6604361370716512,2021-05-26T17:14:40.347Z
u93Dx2L7cJdMvRfd4,,2,Mixed,High,Mixed,High,High,2,Easy [Corresponds to 'Hard' in PNAS],598.0,173.0,3.4566473988439306,NULL_TIME
ov73kDDQc2TyPbHrZ,,2,High,High,Low,High,High,1,Easy [Corresponds to 'Hard' in PNAS],354.0,86.0,4.116279069767442,NULL_TIME
Tovcajhy8Qoo3sRZN,,2,High,High,Low,High,High,1,Easy [Corresponds to 'Hard' in PNAS],641.0,203.0,3.157635467980296,NULL_TIME
eaYR3ZmJ49SwrAxRB,0.660744434780804,2,Mixed,High,High,Mixed,High,10,Easy [Corresponds to 'Hard' in PNAS],583.0,155.0,3.761290322580645,2021-05-26T17:07:34.804Z
gseBSsR9kL7apWJvc,0.7983944790328629,2,Mixed,High,High,Mixed,High,4,Easy [Corresponds to 'Hard' in PNAS],639.0,254.0,2.515748031496063,2021-05-26T17:20:42.278Z
shquXx4Zw3X4tFMYC,,2,Low,High,High,Low,High,1,Easy [Corresponds to 'Hard' in PNAS],443.0,185.0,2.3945945945945946,NULL_TIME
5SWJCy4fnKtYwkSBi,0.5703336781833273,2,Low,Mixed,High,Low,Low,6,Easy [Corresponds to 'Hard' in PNAS],577.0,182.0,3.17032967032967,2021-05-26T17:19:52.520Z
KvCssacg6XeadDmpv,0.7512539841128838,2,Low,High,High,High,Low,4,Easy [Corresponds to 'Hard' in PNAS],546.0,181.0,3.016574585635359,2021-05-26T17:24:19.226Z
Aifx3qs7Nc9AFHb43,,2,Mixed,High,Low,Mixed,High,3,Easy [Corresponds to 'Hard' in PNAS],581.0,119.0,4.882352941176471,NULL_TIME
PvAiZvJQWY3yt9Ksc,0.3322367335621313,2,Mixed,High,Low,High,High,3,Easy [Corresponds to 'Hard' in PNAS],626.0,349.0,1.7936962750716332,2021-05-26T17:06:42.868Z
taxnYzkCoAHEEcB6i,,2,Mixed,High,Mixed,High,High,3,Easy [Corresponds to 'Hard' in PNAS],533.0,195.0,2.7333333333333334,NULL_TIME
aNCBzgKaQSuy2kQTc,,2,High,High,Mixed,High,High,3,Easy [Corresponds to 'Hard' in PNAS],672.0,143.0,4.699300699300699,NULL_TIME
wbvzHu7BzNGQN7NLG,0.38918468072506984,2,High,High,Low,High,High,3,Easy [Corresponds to 'Hard' in PNAS],586.0,537.0,1.091247672253259,2021-05-26T17:11:49.873Z
dn9fQTk5pMf75HRMc,0.953998460903758,2,Low,High,Low,High,High,3,Easy [Corresponds to 'Hard' in PNAS],571.0,305.0,1.872131147540984,NULL_TIME
riJKFjCc6jySe66JY,0.579109377482172,2,High,High,Low,High,High,3,Easy [Corresponds to 'Hard' in PNAS],544.0,358.0,1.5195530726256985,2021-05-26T17:16:40.341Z
DabxhKjxRZtXY9xDJ,,2,Mixed,Mixed,Low,Mixed,Low,6,Easy [Corresponds to 'Hard' in PNAS],489.0,71.0,6.887323943661972,NULL_TIME
yssz7YkZbLXDieMpr,0.8877886478963777,2,Low,Low,Low,Mixed,Low,6,Easy [Corresponds to 'Hard' in PNAS],607.0,122.0,4.975409836065574,2021-05-26T17:17:38.936Z
jmJSAmHBtcQjLDNZy,0.8764020476344848,2,Mixed,Mixed,Low,Low,Low,6,Easy [Corresponds to 'Hard' in PNAS],499.0,106.0,4.7075471698113205,2021-05-26T17:24:49.713Z
eNciBHDvJPYjd5nAZ,0.6413246917483576,2,High,High,Mixed,Mixed,Mixed,4,Easy [Corresponds to 'Hard' in PNAS],588.0,172.0,3.4186046511627906,2021-05-26T17:36:50.194Z
uYFp9oHAXzTboGFLX,,3,High,High,Mixed,High,High,3,Easy [Corresponds to 'Hard' in PNAS],542.0,56.0,9.678571428571429,NULL_TIME
BKLTsNPmgRDgwcHae,0.34983075117331364,3,High,Mixed,Low,High,High,3,Easy [Corresponds to 'Hard' in PNAS],612.0,362.0,1.6906077348066295,2021-05-27T17:13:27.044Z
Co6rarS36shw62JkG,,3,High,High,Low,High,High,3,Easy [Corresponds to 'Hard' in PNAS],621.0,131.0,4.740458015267175,NULL_TIME
9aAfSrPtkoc57nipD,0.4182500142326808,3,High,High,Low,High,High,2,Easy [Corresponds to 'Hard' in PNAS],670.0,165.0,4.0606060606060606,2021-05-27T17:48:49.065Z
PtEYuWbRAh9pesiQr,,3,High,High,High,Mixed,High,2,Easy [Corresponds to 'Hard' in PNAS],550.0,60.0,9.166666666666666,NULL_TIME
quivrLHY76KBHEKWj,0.45797320608401715,3,Mixed,Mixed,Mixed,High,High,2,Easy [Corresponds to 'Hard' in PNAS],611.0,203.0,3.0098522167487687,2021-05-27T17:18:22.333Z
6mPWpLhKiNonKffF5,,3,High,Mixed,High,High,High,2,Easy [Corresponds to 'Hard' in PNAS],433.0,193.0,2.243523316062176,NULL_TIME
nh65Nw2HkBzGjczs9,,3,High,High,High,High,High,2,Easy [Corresponds to 'Hard' in PNAS],649.0,279.0,2.326164874551971,NULL_TIME
dLKShdhEnmYEbFbGo,0.47012084272716664,3,High,Low,Mixed,Mixed,Low,8,Easy [Corresponds to 'Hard' in PNAS],493.0,65.0,7.584615384615384,2021-05-27T17:13:39.878Z
kYPogZquFyHXN4tTC,0.8619273968685975,3,High,Low,Mixed,High,Low,4,Easy [Corresponds to 'Hard' in PNAS],521.0,119.0,4.378151260504202,NULL_TIME
qNAaSfjxEXDsT7QvM,0.4620059901281152,3,High,Mixed,Low,Low,Low,4,Easy [Corresponds to 'Hard' in PNAS],543.0,222.0,2.445945945945946,2021-05-27T17:40:33.518Z
J4H6vNup9DeMsZbG9,0.9068719242300753,3,High,Low,High,Low,Low,3,Easy [Corresponds to 'Hard' in PNAS],500.0,455.0,1.098901098901099,NULL_TIME
hmoBuZDfbRJm4ZSHn,0.40572003639761967,3,High,High,High,High,Low,7,Easy [Corresponds to 'Hard' in PNAS],641.0,212.0,3.0235849056603774,2021-05-27T17:12:40.899Z
CWcuXcsBcQgogF5JF,0.8907604609739902,3,High,Mixed,Low,Mixed,High,7,Easy [Corresponds to 'Hard' in PNAS],670.0,69.0,9.710144927536232,NULL_TIME
J9p4be7t9Kw3jhBj4,,3,High,High,Low,Mixed,Low,7,Easy [Corresponds to 'Hard' in PNAS],626.0,95.0,6.589473684210526,NULL_TIME
K8uRxssoWEFgcXb5j,0.5264373540045963,3,High,Mixed,Low,High,High,7,Easy [Corresponds to 'Hard' in PNAS],400.0,219.0,1.82648401826484,2021-05-27T17:13:05.938Z
yGH3XG5AMfQgwGKLz,0.5880373750043631,3,High,Mixed,Low,High,High,7,Easy [Corresponds to 'Hard' in PNAS],521.0,349.0,1.492836676217765,2021-05-27T17:16:26.070Z
eAqch9L5ubwqGnLEo,0.713430699972928,3,High,High,Low,Low,High,7,Easy [Corresponds to 'Hard' in PNAS],583.0,266.0,2.191729323308271,2021-05-27T17:16:43.168Z
368xWATFH8oapfSjc,0.7510316644448828,3,High,High,Low,Low,High,7,Easy [Corresponds to 'Hard' in PNAS],483.0,119.0,4.0588235294117645,2021-05-27T17:21:05.680Z
jdzacFc9NwymuTB6C,0.7562436164295688,3,High,High,Low,Mixed,High,7,Easy [Corresponds to 'Hard' in PNAS],528.0,92.0,5.739130434782608,NULL_TIME
BEbdsuDaJHYY3jEtv,,3,High,Mixed,Low,High,Low,5,Easy [Corresponds to 'Hard' in PNAS],590.0,62.0,9.516129032258064,NULL_TIME
hAnsKEXXEc3bY74A2,,3,High,Mixed,Low,Mixed,High,2,Easy [Corresponds to 'Hard' in PNAS],533.0,108.0,4.935185185185185,NULL_TIME
36cgEJcDuQx7H6JD4,,3,High,High,Mixed,Mixed,Low,3,Easy [Corresponds to 'Hard' in PNAS],496.0,38.0,13.052631578947368,NULL_TIME
y3Svn8qCEQLoZ7jdN,0.6242798925752838,3,High,Low,High,High,High,3,Easy [Corresponds to 'Hard' in PNAS],510.0,239.0,2.133891213389121,2021-05-27T17:15:54.844Z
NPptiqnf5AbznGRo3,0.5049245006276086,3,Mixed,Mixed,High,High,Mixed,3,Easy [Corresponds to 'Hard' in PNAS],588.0,375.0,1.568,2021-05-27T17:17:03.339Z
7gCM9YzaYCu2uDSFe,,3,Low,Low,High,High,Low,1,Easy [Corresponds to 'Hard' in PNAS],370.0,160.0,2.3125,NULL_TIME
kBGEZDGLgKDCPa3JJ,0.23140201142214545,3,High,High,High,Mixed,Low,3,Easy [Corresponds to 'Hard' in PNAS],540.0,408.0,1.3235294117647058,2021-05-27T17:10:25.678Z
vXQRgxmx4wJfTMed4,0.6346112635008211,3,Mixed,Mixed,Mixed,High,Low,3,Easy [Corresponds to 'Hard' in PNAS],502.0,291.0,1.725085910652921,2021-05-27T17:11:52.749Z
RMYHuDs3s9Dj6se9g,0.7305638459554276,3,Mixed,High,Mixed,High,Low,3,Easy [Corresponds to 'Hard' in PNAS],588.0,278.0,2.115107913669065,NULL_TIME
gKFoNYGr9gbLXzNr2,,3,High,High,Mixed,High,Low,3,Easy [Corresponds to 'Hard' in PNAS],547.0,96.0,5.697916666666667,NULL_TIME
qafi7vNCC8QnndMpC,,3,High,High,High,High,Low,1,Easy [Corresponds to 'Hard' in PNAS],513.0,56.0,9.160714285714286,NULL_TIME
YYQ6sAugqL5jXjw8G,0.9698680279996761,3,High,Low,Low,Mixed,Low,7,Easy [Corresponds to 'Hard' in PNAS],483.0,108.0,4.472222222222222,2021-05-28T17:16:22.229Z
2cPr4wGMXMutRdvbd,,3,High,Low,Low,Mixed,Low,2,Easy [Corresponds to 'Hard' in PNAS],540.0,144.0,3.75,NULL_TIME
dt8dSgQXPzqPH7eDv,,3,High,High,High,High,High,6,Easy [Corresponds to 'Hard' in PNAS],567.0,82.0,6.914634146341464,NULL_TIME
9DGa9vqtceySFd5c3,,3,High,Mixed,Low,Mixed,High,4,Easy [Corresponds to 'Hard' in PNAS],548.0,71.0,7.71830985915493,NULL_TIME
zRx7pqdbWDwduoYuM,0.7460144761190696,3,High,High,High,High,Mixed,3,Easy [Corresponds to 'Hard' in PNAS],540.0,205.0,2.6341463414634148,2021-05-28T17:09:52.539Z
cRbmMdZ5NAY3BCqwD,0.7932669419618056,3,High,High,High,High,Low,2,Easy [Corresponds to 'Hard' in PNAS],569.0,176.0,3.2329545454545454,NULL_TIME
DMTqbwRoiuDTxuaXG,,3,Mixed,Low,High,High,High,3,Easy [Corresponds to 'Hard' in PNAS],651.0,380.0,1.7131578947368422,NULL_TIME
PLf5xuWMbP3k4zGN7,0.9659394512865358,3,Low,Low,Low,High,Low,3,Easy [Corresponds to 'Hard' in PNAS],626.0,288.0,2.173611111111111,NULL_TIME
WdfZv898WEtfavBGZ,,3,Low,Low,Low,High,Low,1,Easy [Corresponds to 'Hard' in PNAS],626.0,167.0,3.748502994011976,NULL_TIME
NdYPC2xA5jGEjpMeS,,3,High,Low,Low,Mixed,Low,2,Easy [Corresponds to 'Hard' in PNAS],603.0,200.0,3.015,NULL_TIME
phGkoqf9PZXoXEiHm,,3,High,High,High,Low,Low,1,Easy [Corresponds to 'Hard' in PNAS],385.0,129.0,2.984496124031008,NULL_TIME
rEvt5aWXGwbJZhh96,,3,High,Mixed,Low,High,High,7,Easy [Corresponds to 'Hard' in PNAS],503.0,157.0,3.203821656050956,NULL_TIME
SDuBkpDhB55N5Q3Kq,,3,High,Low,Low,High,High,1,Easy [Corresponds to 'Hard' in PNAS],672.0,209.0,3.215311004784689,NULL_TIME
p2EZjmCiZy8HS9rx4,0.9716103135255517,3,Low,Low,High,High,Low,3,Easy [Corresponds to 'Hard' in PNAS],627.0,99.0,6.333333333333333,2021-06-01T17:17:03.400Z
Q9p3kKEduSEXiLpPd,,3,High,Low,High,High,Low,1,Easy [Corresponds to 'Hard' in PNAS],510.0,305.0,1.6721311475409837,NULL_TIME
PNK9zzqBZsywKbSSu,0.788283684314446,3,Low,High,Low,High,Low,3,Easy [Corresponds to 'Hard' in PNAS],628.0,284.0,2.211267605633803,2021-06-01T17:12:05.504Z
irCzGEuxwSi97WBxg,,3,High,High,Low,High,Low,3,Easy [Corresponds to 'Hard' in PNAS],569.0,384.0,1.4817708333333333,NULL_TIME
j6arEgDFsY9rfbYKS,0.22060425393155758,3,Low,Mixed,Low,High,Low,2,Easy [Corresponds to 'Hard' in PNAS],651.0,463.0,1.406047516198704,2021-06-01T17:31:58.317Z
4rZk2cDjiYga95EmX,0.45013707042085516,4,High,High,Low,High,Mixed,2,Easy [Corresponds to 'Hard' in PNAS],576.0,363.0,1.5867768595041325,2021-06-02T17:20:50.627Z
3BgqCCXXBhiJLxPLd,,4,High,High,Low,High,High,1,Easy [Corresponds to 'Hard' in PNAS],641.0,136.0,4.713235294117647,NULL_TIME
HDqD4y6tzX9X4zFLb,,4,High,High,High,Low,Low,1,Easy [Corresponds to 'Hard' in PNAS],484.0,65.0,7.446153846153846,NULL_TIME
nuKXDttmCkdiHeSGy,,4,High,High,High,High,Low,1,Easy [Corresponds to 'Hard' in PNAS],351.0,66.0,5.318181818181818,NULL_TIME
28coGosspMQZSSsKK,,4,Mixed,Low,Mixed,Mixed,High,2,Easy [Corresponds to 'Hard' in PNAS],523.0,95.0,5.505263157894737,NULL_TIME
B3BTGxsTCEuviyEji,,4,Mixed,High,Low,High,High,2,Easy [Corresponds to 'Hard' in PNAS],616.0,172.0,3.581395348837209,NULL_TIME
r4kXpxnPyxqX85iF2,0.6018870465288257,4,Low,High,Mixed,High,High,2,Easy [Corresponds to 'Hard' in PNAS],672.0,208.0,3.230769230769231,2021-06-02T17:08:34.879Z
gMuTvZ6HMoSnGTFdD,,4,Low,High,High,Mixed,High,2,Easy [Corresponds to 'Hard' in PNAS],554.0,447.0,1.2393736017897092,NULL_TIME
PndZywhbKAugh46q8,,4,Mixed,High,Low,High,High,2,Easy [Corresponds to 'Hard' in PNAS],562.0,174.0,3.2298850574712645,NULL_TIME
DmEtrscGuNqm7oz3k,0.6749977934224419,4,Low,High,Low,High,High,2,Easy [Corresponds to 'Hard' in PNAS],629.0,151.0,4.1655629139072845,NULL_TIME
NSBqhdGZ8cKZaEsDF,,4,Mixed,Low,Low,Low,High,5,Easy [Corresponds to 'Hard' in PNAS],500.0,109.0,4.587155963302752,NULL_TIME
YY9fd4x5MdLXBMTkT,0.47820053840434873,4,Low,Low,Low,Mixed,High,5,Easy [Corresponds to 'Hard' in PNAS],551.0,198.0,2.782828282828283,2021-06-02T17:13:30.134Z
udQLjboHfi7suBB7t,0.3903282718184208,4,Low,Mixed,Low,Mixed,High,5,Easy [Corresponds to 'Hard' in PNAS],647.0,341.0,1.8973607038123168,2021-06-02T17:13:41.945Z
BzjYhs6ee4Tp9HrmY,0.8819277028594907,4,Mixed,Mixed,Low,Low,High,5,Easy [Corresponds to 'Hard' in PNAS],525.0,124.0,4.233870967741935,2021-06-02T17:15:26.299Z
34Y5KL9hFdnGnjmSr,,4,Mixed,Low,Low,Mixed,High,5,Easy [Corresponds to 'Hard' in PNAS],539.0,38.0,14.18421052631579,NULL_TIME
bkrxtXrh9n83f4tfk,0.7033049980203666,4,Mixed,Mixed,Low,Mixed,High,5,Easy [Corresponds to 'Hard' in PNAS],360.0,165.0,2.1818181818181817,NULL_TIME
LxdvuNwqfuWn9mzo4,0.8593766951962335,4,Mixed,Mixed,Low,Mixed,High,2,Easy [Corresponds to 'Hard' in PNAS],585.0,338.0,1.7307692307692308,2021-06-02T17:30:37.937Z
5oCcHrXHzKuq2wthM,0.40538186676141935,4,Low,Mixed,Low,Low,High,6,Easy [Corresponds to 'Hard' in PNAS],650.0,470.0,1.3829787234042554,2021-06-02T17:13:51.683Z
JczyrfpGQkZNGqptg,0.6326224338449126,4,Mixed,Mixed,Low,High,High,6,Easy [Corresponds to 'Hard' in PNAS],607.0,144.0,4.215277777777778,2021-06-02T17:11:04.492Z
2qzP9XGW7gKkwrx49,0.6689367708041658,4,Mixed,Low,Low,Low,High,6,Easy [Corresponds to 'Hard' in PNAS],543.0,256.0,2.12109375,2021-06-02T17:17:11.454Z
yywkNAmjZ3CsqJMJL,0.6621826443831369,4,Low,Mixed,Low,Low,Low,6,Easy [Corresponds to 'Hard' in PNAS],557.0,164.0,3.3963414634146343,2021-06-02T17:19:08.696Z
o7GQYicmMzDq85NhE,,4,Low,Mixed,Low,Low,Low,3,Easy [Corresponds to 'Hard' in PNAS],471.0,54.0,8.722222222222221,NULL_TIME
67ngRKqbj5ZNqRwXE,0.8018871220415535,4,Low,Low,Low,High,Mixed,2,Easy [Corresponds to 'Hard' in PNAS],569.0,103.0,5.524271844660194,NULL_TIME
ihuNEA7wRnKqCxnFd,0.7644891986079159,4,Mixed,Mixed,Low,Mixed,High,2,Easy [Corresponds to 'Hard' in PNAS],568.0,418.0,1.3588516746411483,2021-06-02T18:02:48.772Z
az5uNu5r2fB7Ccfdk,,4,High,High,High,High,Low,2,Easy [Corresponds to 'Hard' in PNAS],481.0,147.0,3.272108843537415,NULL_TIME
ws2Zue5zifebjNbrn,,4,High,Mixed,Low,Mixed,High,6,Easy [Corresponds to 'Hard' in PNAS],672.0,91.0,7.384615384615385,NULL_TIME
Jf7wja3qW4yJCabab,0.7083741482371781,4,High,Mixed,Mixed,High,Mixed,2,Easy [Corresponds to 'Hard' in PNAS],541.0,378.0,1.4312169312169312,2021-06-03T17:27:05.940Z
HXaipbqtkdCL8ubR8,,4,Mixed,Low,Mixed,High,Low,2,Easy [Corresponds to 'Hard' in PNAS],540.0,109.0,4.954128440366972,NULL_TIME
iG8ck7e9ZzZBjE8TJ,,4,Low,High,Low,High,High,2,Easy [Corresponds to 'Hard' in PNAS],490.0,89.0,5.50561797752809,NULL_TIME
EG9qqhcqyuPepPDFp,0.3557142517461591,4,Mixed,High,Mixed,High,High,2,Easy [Corresponds to 'Hard' in PNAS],626.0,392.0,1.596938775510204,2021-06-03T17:18:10.818Z
xKQqokyMD2kMFdvXW,0.506106201492771,4,Low,Low,Low,Mixed,High,5,Easy [Corresponds to 'Hard' in PNAS],650.0,171.0,3.801169590643275,2021-06-03T17:10:24.103Z
6JyHWEA2izFCfqDpX,0.5647551907152948,4,Low,Low,Low,Low,High,5,Easy [Corresponds to 'Hard' in PNAS],655.0,495.0,1.323232323232323,2021-06-03T17:14:56.452Z
NQrNtykh6D8uRCFpY,0.758425051315189,4,Mixed,Mixed,Low,Low,High,5,Easy [Corresponds to 'Hard' in PNAS],600.0,423.0,1.4184397163120568,2021-06-03T17:19:57.233Z
hpJK6sJKMRFoAsCqS,0.8774077950634394,4,Low,Low,Low,Low,High,5,Easy [Corresponds to 'Hard' in PNAS],561.0,66.0,8.5,NULL_TIME
YYNC4Zuo8u3ETAEHt,0.47982072792089764,4,Low,Low,Low,Low,High,5,Easy [Corresponds to 'Hard' in PNAS],586.0,101.0,5.801980198019802,2021-06-03T17:20:51.938Z
DxBxzuoDZRgwFJsCa,,4,Mixed,Low,Mixed,Mixed,High,4,Easy [Corresponds to 'Hard' in PNAS],503.0,124.0,4.056451612903226,NULL_TIME
r5qZ3aXQavrMGcfJ3,0.6200345944023937,4,Mixed,Mixed,Low,Mixed,Low,6,Easy [Corresponds to 'Hard' in PNAS],564.0,89.0,6.337078651685394,2021-06-03T17:06:52.262Z
8GEhZp2Dw5kZmNYKn,0.7731375499231402,4,Mixed,Mixed,Low,Mixed,Low,6,Easy [Corresponds to 'Hard' in PNAS],536.0,137.0,3.912408759124088,2021-06-03T17:07:25.776Z
b5oFmpJhyWi7tcPpb,,4,Low,High,Low,Low,High,6,Easy [Corresponds to 'Hard' in PNAS],508.0,40.0,12.7,NULL_TIME
8cQt3soAgA9eH8xfR,0.3166683467143412,4,Mixed,Mixed,Low,Low,High,6,Easy [Corresponds to 'Hard' in PNAS],562.0,594.0,0.9461279461279462,2021-06-03T17:18:04.062Z
f28kmDPvmEz2szGw8,,4,Low,Low,Low,Mixed,Low,6,Easy [Corresponds to 'Hard' in PNAS],562.0,101.0,5.564356435643564,2021-06-03T17:13:39.466Z
nfBeNgz9bcRZA89au,,4,Low,Mixed,Low,Mixed,Low,6,Easy [Corresponds to 'Hard' in PNAS],528.0,111.0,4.756756756756757,NULL_TIME
KmpxJWirezrEsXZWn,0.6832717751719543,4,Low,Mixed,Low,Mixed,Low,6,Easy [Corresponds to 'Hard' in PNAS],564.0,205.0,2.7512195121951217,2021-06-03T17:20:00.535Z
w7dKkZ6srJkwjLBJo,0.44866512568174133,4,Low,Low,Low,Low,Low,6,Easy [Corresponds to 'Hard' in PNAS],650.0,138.0,4.710144927536232,2021-06-03T17:28:52.840Z
xsGgkSjnazqE3t398,,4,Low,Low,Low,Mixed,Mixed,2,Easy [Corresponds to 'Hard' in PNAS],539.0,104.0,5.182692307692308,NULL_TIME
eSp9bnZjXPk55kEYM,,5,High,High,High,High,High,1,Easy [Corresponds to 'Hard' in PNAS],563.0,41.0,13.731707317073171,NULL_TIME
wQyCPCNo7s5rn8u3X,,5,High,High,High,High,High,1,Easy [Corresponds to 'Hard' in PNAS],649.0,353.0,1.838526912181303,NULL_TIME
a2Ro3Tac8xcsFrF6J,,5,High,High,High,High,High,1,Easy [Corresponds to 'Hard' in PNAS],542.0,230.0,2.356521739130435,NULL_TIME
3ZfQz2Da2SikEK2Qa,,5,High,High,High,High,High,1,Easy [Corresponds to 'Hard' in PNAS],670.0,353.0,1.8980169971671388,NULL_TIME
tEEgtc2Bi77uGczhL,,5,High,High,High,High,High,1,Easy [Corresponds to 'Hard' in PNAS],534.0,61.0,8.754098360655737,NULL_TIME
dQWcGaDaoib8uQNYM,,5,High,High,High,High,High,1,Easy [Corresponds to 'Hard' in PNAS],590.0,223.0,2.645739910313901,NULL_TIME
ZpWoWi5sgTNEzwTdH,,5,High,High,High,High,High,1,Easy [Corresponds to 'Hard' in PNAS],443.0,38.0,11.657894736842104,NULL_TIME
ofG5KvT5FBEJQDD6T,,5,High,High,High,High,High,1,Easy [Corresponds to 'Hard' in PNAS],612.0,82.0,7.463414634146342,NULL_TIME
kYqwTQE3seJfx2Cmj,,5,High,High,High,High,High,1,Easy [Corresponds to 'Hard' in PNAS],652.0,187.0,3.486631016042781,NULL_TIME
ZPWaWzGNTke8PzH4Q,,5,High,High,High,High,High,1,Easy [Corresponds to 'Hard' in PNAS],628.0,131.0,4.793893129770993,NULL_TIME
aq4nE4iuigg52uhTh,0.2856416774091239,5,High,High,Low,High,High,3,Easy [Corresponds to 'Hard' in PNAS],535.0,245.0,2.183673469387755,2021-08-05T17:11:32.887Z
zF4QTKSr9M7EXXoKc,,5,High,High,Low,Mixed,High,3,Easy [Corresponds to 'Hard' in PNAS],564.0,111.0,5.081081081081081,NULL_TIME
BFaEiQdAAtfvjN8vq,0.581327695751397,5,High,High,Low,High,High,3,Easy [Corresponds to 'Hard' in PNAS],552.0,326.0,1.6932515337423313,2021-08-05T17:12:59.374Z
qstszKpuQHheejb6E,,5,High,High,Low,High,High,3,Easy [Corresponds to 'Hard' in PNAS],440.0,89.0,4.943820224719101,NULL_TIME
wkcbLvK8gQzSPcHe3,0.7968311854835816,5,High,High,Low,High,High,3,Easy [Corresponds to 'Hard' in PNAS],626.0,129.0,4.852713178294573,NULL_TIME
te4cMHTibPkr2r89Y,,5,High,High,Low,High,High,3,Easy [Corresponds to 'Hard' in PNAS],547.0,58.0,9.43103448275862,NULL_TIME
gpBjTFAFHt89d2qqT,0.8446477312182944,5,Mixed,High,Low,High,High,2,Easy [Corresponds to 'Hard' in PNAS],655.0,210.0,3.119047619047619,NULL_TIME
cf5yovyhpE77o6NsR,,5,High,High,Low,High,High,1,Easy [Corresponds to 'Hard' in PNAS],615.0,311.0,1.977491961414791,NULL_TIME
rB4ioo7aYLTSvw6WF,,5,High,High,Low,High,High,1,Easy [Corresponds to 'Hard' in PNAS],443.0,52.0,8.51923076923077,NULL_TIME
T2CcSwaCHYwyXYdLt,0.7001450683815649,5,High,Low,Low,Low,High,4,Easy [Corresponds to 'Hard' in PNAS],670.0,578.0,1.1591695501730104,NULL_TIME
ALHdmCnjh8sfijESk,0.7310691137020229,5,High,Mixed,High,High,Low,7,Easy [Corresponds to 'Hard' in PNAS],649.0,126.0,5.150793650793651,NULL_TIME
Fr6fzCQeGu2Qa6PTw,0.6287114505730932,5,High,High,High,High,Low,7,Easy [Corresponds to 'Hard' in PNAS],670.0,231.0,2.9004329004329006,2021-08-05T17:11:22.627Z
EWQXhbSZ9N5gXC8Na,0.5988134591886631,5,High,High,High,High,Low,7,Easy [Corresponds to 'Hard' in PNAS],637.0,83.0,7.674698795180723,2021-08-05T17:14:46.834Z
ErvH8ExM94PzB9TsQ,0.696798020967707,5,High,High,High,Low,Low,7,Easy [Corresponds to 'Hard' in PNAS],442.0,107.0,4.130841121495327,2021-08-05T17:23:39.163Z
iJDq4udXtcwHPp8eD,0.6790768480539028,5,High,High,High,High,Low,2,Easy [Corresponds to 'Hard' in PNAS],578.0,175.0,3.302857142857143,2021-08-05T17:38:54.606Z
2GyDrExReibZDZbHK,,5,High,High,Mixed,Mixed,Low,2,Easy [Corresponds to 'Hard' in PNAS],496.0,106.0,4.679245283018868,NULL_TIME
BbHyJFCY6zqx7EeEy,0.7692386743796499,5,Low,High,High,High,Low,4,Easy [Corresponds to 'Hard' in PNAS],641.0,128.0,5.0078125,2021-08-05T17:13:53.384Z
JkjSZvD9rJzhfGELH,,5,Low,High,High,Mixed,Low,2,Easy [Corresponds to 'Hard' in PNAS],515.0,69.0,7.463768115942029,NULL_TIME
XKAbRF55PeuwLNexv,,5,Low,High,High,Low,Low,2,Easy [Corresponds to 'Hard' in PNAS],530.0,189.0,2.804232804232804,NULL_TIME
Xi53R9DGyCrkauwYR,,5,Low,High,High,Mixed,Low,2,Easy [Corresponds to 'Hard' in PNAS],628.0,125.0,5.024,NULL_TIME
P9aaqZAGrPKjH5CPa,0.6138515445800234,5,Mixed,Mixed,Low,Low,High,8,Easy [Corresponds to 'Hard' in PNAS],590.0,198.0,2.97979797979798,2021-08-05T17:12:12.634Z
uWY7CdZmrMJTWbgJv,0.40745517038882834,5,Low,Low,Low,Low,High,8,Easy [Corresponds to 'Hard' in PNAS],588.0,354.0,1.6610169491525424,2021-08-05T17:12:49.487Z
bcEJqXJY2p2Xue4ti,,5,Low,Low,Low,Mixed,High,8,Easy [Corresponds to 'Hard' in PNAS],510.0,97.0,5.257731958762887,NULL_TIME
hpGMuYvLXQQiBL7bL,0.7645952656411488,5,Low,Low,Mixed,Low,High,8,Easy [Corresponds to 'Hard' in PNAS],518.0,63.0,8.222222222222221,NULL_TIME
TGoc2HaMcQ44NXh9X,,5,Low,Low,Low,Low,High,8,Easy [Corresponds to 'Hard' in PNAS],473.0,67.0,7.059701492537314,NULL_TIME
gK9C8diPHrPoWdRha,0.42493106317295903,5,Mixed,Mixed,Low,Low,High,8,Easy [Corresponds to 'Hard' in PNAS],397.0,116.0,3.4224137931034484,2021-08-05T17:25:41.876Z
BDHJZzQHGQtTDcKch,0.8442418683912413,5,Low,Low,Low,Low,Mixed,7,Easy [Corresponds to 'Hard' in PNAS],599.0,600.0,0.9983333333333332,2021-08-05T17:49:57.565Z
RDdy4eMu8fgLGzwY4,0.5742276074263448,5,Mixed,Low,Low,Mixed,Low,4,Easy [Corresponds to 'Hard' in PNAS],549.0,79.0,6.949367088607595,2021-08-05T17:46:11.615Z
5jHhm5cxyRRL5DuZp,0.8060673990353285,5,Mixed,Low,Mixed,Low,Mixed,4,Easy [Corresponds to 'Hard' in PNAS],502.0,69.0,7.27536231884058,NULL_TIME
rAptqmKcczd64n5A7,0.5501844143720804,5,Mixed,High,High,Mixed,High,2,Easy [Corresponds to 'Hard' in PNAS],554.0,206.0,2.6893203883495147,2021-08-05T17:08:03.393Z
T5PiQdXcreXzTi7qp,,5,Low,Mixed,High,High,High,2,Easy [Corresponds to 'Hard' in PNAS],639.0,101.0,6.326732673267327,NULL_TIME
F2FRP6trNns8hWfAz,,5,Mixed,Mixed,Mixed,Mixed,High,2,Easy [Corresponds to 'Hard' in PNAS],670.0,190.0,3.526315789473684,NULL_TIME
EQydH8uLt5txioNJr,,5,High,High,Mixed,High,Mixed,2,Easy [Corresponds to 'Hard' in PNAS],672.0,217.0,3.096774193548387,NULL_TIME
d87wMawHEP9uzWMwt,0.395809683999258,5,High,High,High,Mixed,High,2,Easy [Corresponds to 'Hard' in PNAS],606.0,509.0,1.1905697445972494,2021-08-05T17:12:44.943Z
F4hZbeo7kJypRHZoM,,5,High,High,Mixed,Mixed,High,2,Easy [Corresponds to 'Hard' in PNAS],535.0,63.0,8.492063492063492,NULL_TIME
LGdgfadg8nZeut63A,,5,High,High,High,Mixed,High,2,Easy [Corresponds to 'Hard' in PNAS],626.0,340.0,1.8411764705882352,NULL_TIME
og4Qpyj3ecDo6HZXq,0.6163571447932252,5,High,High,High,Mixed,High,2,Easy [Corresponds to 'Hard' in PNAS],609.0,237.0,2.569620253164557,2021-08-05T17:12:55.423Z
mumbHHt3SvhqLQ7tG,0.9053625568018605,5,Mixed,High,High,Mixed,High,2,Easy [Corresponds to 'Hard' in PNAS],533.0,130.0,4.1,2021-08-05T17:15:14.590Z
Lex42kgPKKtzFLxxA,0.19398109489544668,5,High,High,High,Mixed,High,2,Easy [Corresponds to 'Hard' in PNAS],607.0,423.0,1.4349881796690307,2021-08-05T17:15:58.113Z
psfGF9iziHRTX9Ry6,,5,High,High,High,Mixed,High,2,Easy [Corresponds to 'Hard' in PNAS],637.0,134.0,4.753731343283582,NULL_TIME
nWzGwx4Axo8ikpQW9,0.893777306551272,5,High,Mixed,Mixed,High,High,2,Easy [Corresponds to 'Hard' in PNAS],603.0,123.0,4.902439024390244,2021-08-05T17:20:50.554Z
CSKBo2EaupwsJxD4g,,5,Low,High,High,High,High,2,Easy [Corresponds to 'Hard' in PNAS],564.0,128.0,4.40625,NULL_TIME
7zxkJBJfkLQ5QSqAp,,5,High,Mixed,High,High,High,2,Easy [Corresponds to 'Hard' in PNAS],462.0,43.0,10.744186046511627,NULL_TIME
G6iBAdJvSPaE7gQ4J,0.5290660435405959,5,High,High,High,High,Low,6,Easy [Corresponds to 'Hard' in PNAS],548.0,109.0,5.027522935779817,2021-08-05T17:07:25.681Z
KrLrWkxr39cMiarbD,0.7915096117086883,5,Low,High,Low,Mixed,High,6,Easy [Corresponds to 'Hard' in PNAS],495.0,100.0,4.95,2021-08-05T17:07:44.143Z
Z5LfyCBXrmcbv5nuz,,5,Mixed,High,Low,Mixed,High,6,Easy [Corresponds to 'Hard' in PNAS],462.0,150.0,3.08,NULL_TIME
JWxwhKvFMyTvD3g8L,0.4840035425754721,5,Mixed,High,Low,Mixed,Low,6,Easy [Corresponds to 'Hard' in PNAS],550.0,89.0,6.179775280898877,2021-08-05T17:09:44.210Z
zHmEnfaPzrwpNxAeg,,5,Mixed,High,Low,Low,High,6,Easy [Corresponds to 'Hard' in PNAS],566.0,414.0,1.3671497584541064,2021-08-05T17:16:05.322Z
tMxLecMJE4qoacPSp,0.9134728693964917,5,Mixed,High,Low,Mixed,High,6,Easy [Corresponds to 'Hard' in PNAS],609.0,213.0,2.859154929577465,2021-08-05T17:13:24.133Z
GAhcyJCqWShEm7zme,,5,Mixed,High,Low,Mixed,High,6,Easy [Corresponds to 'Hard' in PNAS],462.0,97.0,4.762886597938144,NULL_TIME
EkH8gyjXPPdk9YZHa,,5,Mixed,High,Low,Low,Mixed,6,Easy [Corresponds to 'Hard' in PNAS],444.0,123.0,3.609756097560976,NULL_TIME
xCCGfEux8j2qChbN2,0.9117725846175191,5,High,High,Mixed,Low,High,3,Easy [Corresponds to 'Hard' in PNAS],614.0,134.0,4.582089552238806,2021-08-05T17:37:24.622Z
xWpnN3YocR2QvcBNR,0.9350998071856749,5,Low,High,Mixed,Mixed,Low,3,Easy [Corresponds to 'Hard' in PNAS],652.0,213.0,3.061032863849765,2021-08-05T17:47:52.746Z
dvjY3YrENTB9mWuiW,0.6841758002013039,5,High,Low,High,Low,Low,7,Easy [Corresponds to 'Hard' in PNAS],502.0,124.0,4.048387096774194,2021-08-10T17:16:04.926Z
EqHkx5k7CghEW8McC,0.29360679339064827,5,High,Mixed,High,High,Low,3,Easy [Corresponds to 'Hard' in PNAS],607.0,428.0,1.4182242990654206,2021-08-10T17:34:03.144Z
vMDR4qk3mQkqKQ6Ng,,5,High,Low,High,High,Low,1,Easy [Corresponds to 'Hard' in PNAS],604.0,397.0,1.521410579345088,NULL_TIME
gGvPqqQq6Woe94F5H,0.6117177981175633,5,High,High,Low,High,High,3,Easy [Corresponds to 'Hard' in PNAS],541.0,70.0,7.728571428571429,2021-09-15T17:08:11.000Z
2PHmsZkuyuXMZcv7s,,5,High,Mixed,Low,High,High,3,Easy [Corresponds to 'Hard' in PNAS],481.0,259.0,1.8571428571428568,NULL_TIME
QQCH4hDoNXW569Sis,,5,High,High,Low,High,High,3,Easy [Corresponds to 'Hard' in PNAS],471.0,91.0,5.175824175824176,NULL_TIME
nhMxf47SYXuswMYLA,0.8317415171806206,5,High,High,Low,High,High,3,Easy [Corresponds to 'Hard' in PNAS],609.0,238.0,2.5588235294117645,2021-09-15T17:16:31.978Z
ufqxfwRr7397div5Z,0.46232237736140785,5,High,High,Low,High,High,3,Easy [Corresponds to 'Hard' in PNAS],590.0,283.0,2.0848056537102475,2021-09-15T17:15:07.154Z
ggzDyNQdNXDs8F6hp,0.9459715105415604,5,High,High,Low,High,High,3,Easy [Corresponds to 'Hard' in PNAS],652.0,229.0,2.8471615720524017,NULL_TIME
49e3asofhNHYkXgTp,,5,High,Mixed,Low,High,High,2,Easy [Corresponds to 'Hard' in PNAS],560.0,326.0,1.7177914110429449,NULL_TIME
ajBq9qw3bLb8juLr2,,5,High,High,Low,High,High,1,Easy [Corresponds to 'Hard' in PNAS],541.0,47.0,11.51063829787234,NULL_TIME
qDXbnkBjbypcZwn7Y,0.8784874327449845,5,High,Low,Low,Low,High,4,Easy [Corresponds to 'Hard' in PNAS],650.0,139.0,4.676258992805756,2021-09-15T17:16:43.929Z
4tqsTkv8iSsupojiJ,,5,High,Mixed,Mixed,Low,Mixed,2,Easy [Corresponds to 'Hard' in PNAS],514.0,385.0,1.335064935064935,2021-09-15T17:44:01.336Z
oEcYu2yzAZwM96yik,0.48804961840687366,5,High,High,High,High,Low,7,Easy [Corresponds to 'Hard' in PNAS],637.0,215.0,2.9627906976744187,2021-09-15T17:16:19.599Z
SCDJDB5gd5qxERCiv,0.5975585365170395,5,High,High,Mixed,High,Low,6,Easy [Corresponds to 'Hard' in PNAS],523.0,87.0,6.011494252873563,2021-09-15T17:23:32.767Z
s4r5p7daRDcF6YGZC,0.7186189635916183,5,High,High,High,High,Mixed,3,Easy [Corresponds to 'Hard' in PNAS],462.0,68.0,6.794117647058823,NULL_TIME
TadyEnbkmh6wx74q3,0.6644052743357308,5,Low,High,High,High,Low,9,Easy [Corresponds to 'Hard' in PNAS],516.0,72.0,7.166666666666667,2021-09-15T17:14:26.706Z
uGznKw6w5aJ5vQ6Sj,,5,Low,High,High,Low,Low,2,Easy [Corresponds to 'Hard' in PNAS],516.0,177.0,2.915254237288136,NULL_TIME
JnDXJXmwTj7GRM6TY,0.7372831533872658,5,Mixed,Low,Low,Low,High,8,Easy [Corresponds to 'Hard' in PNAS],511.0,125.0,4.088,2021-09-15T17:10:21.899Z
DLioqnfsyHm6aFQii,0.7251696961185555,5,Low,Low,Low,Low,Low,6,Easy [Corresponds to 'Hard' in PNAS],497.0,59.0,8.423728813559322,2021-09-15T17:26:31.127Z
bBF3GoHxthb96TTEp,0.7901958277494243,5,High,High,Mixed,High,High,2,Easy [Corresponds to 'Hard' in PNAS],569.0,240.0,2.370833333333333,2021-09-15T17:16:24.950Z
qYywHzSpTEEXsSKNj,,5,Low,High,High,High,High,1,Easy [Corresponds to 'Hard' in PNAS],652.0,345.0,1.889855072463768,NULL_TIME
BYkJh5DPYeWgX7nBD,0.6765991618649995,5,Mixed,High,High,High,High,6,Easy [Corresponds to 'Hard' in PNAS],477.0,109.0,4.376146788990826,2021-09-15T17:07:44.638Z
QACityQcw5xuqtLev,,5,Mixed,High,Mixed,High,High,6,Easy [Corresponds to 'Hard' in PNAS],464.0,50.0,9.28,NULL_TIME
Yfo7qRpjGRCpXYAsZ,0.4625182247254938,5,Mixed,High,Mixed,Mixed,High,6,Easy [Corresponds to 'Hard' in PNAS],580.0,257.0,2.2568093385214008,2021-09-15T17:12:49.185Z
qN9S3ex3QbgDPvNdB,0.8141984245402423,5,High,High,High,High,High,6,Easy [Corresponds to 'Hard' in PNAS],612.0,187.0,3.272727272727273,2021-09-15T17:14:15.087Z
Xfa2qyps3JkBAwbrf,0.8771126632946432,5,High,High,High,High,Low,7,Easy [Corresponds to 'Hard' in PNAS],501.0,260.0,1.926923076923077,2021-09-16T17:13:57.086Z
s4JrXCMTwXu5iNHqD,0.6908383460844675,5,High,Low,High,High,Low,3,Easy [Corresponds to 'Hard' in PNAS],583.0,242.0,2.409090909090909,2021-09-16T17:50:51.885Z
HaockgqKW5amR6cMu,0.28937395223003437,5,High,High,Low,High,High,3,Easy [Corresponds to 'Hard' in PNAS],551.0,459.0,1.2004357298474946,2021-09-20T18:10:40.093Z
7Xmjw4KnWWvDZ6ZFS,,5,High,High,Low,High,High,3,Easy [Corresponds to 'Hard' in PNAS],556.0,145.0,3.8344827586206898,NULL_TIME
cNJMhsfNsxFBmuZ8g,0.3215272587847925,5,High,High,Low,High,High,3,Easy [Corresponds to 'Hard' in PNAS],586.0,586.0,1.0,2021-09-20T18:17:02.878Z
cGAZtjdk9Z8F4BmDm,0.4868138159566455,5,High,High,Low,High,High,3,Easy [Corresponds to 'Hard' in PNAS],457.0,51.0,8.96078431372549,2021-09-20T18:12:10.346Z
Hw7AGGkBTR75QSC5z,,5,High,Low,Low,Low,High,4,Easy [Corresponds to 'Hard' in PNAS],630.0,118.0,5.338983050847458,NULL_TIME
9yX4MvHwxSAjSXvBe,0.48840130407833043,5,High,Low,Low,Low,High,4,Easy [Corresponds to 'Hard' in PNAS],670.0,420.0,1.5952380952380951,2021-09-20T18:18:18.818Z
S8GB9vcwtXN2hESjD,,5,High,Low,Low,Low,High,1,Easy [Corresponds to 'Hard' in PNAS],510.0,206.0,2.4757281553398056,NULL_TIME
8RSyL9qgH6AZAG5tv,0.7198434797721521,5,High,High,High,High,Low,7,Easy [Corresponds to 'Hard' in PNAS],340.0,541.0,0.6284658040665434,2021-09-20T18:31:54.397Z
v79x5jze3iq4ryRMb,0.41510074032149974,5,High,Low,High,Low,Low,7,Easy [Corresponds to 'Hard' in PNAS],448.0,460.0,0.9739130434782608,2021-09-20T18:32:01.817Z
WHf2vPH8hvEpv4zhg,0.5038055815561651,5,High,High,High,High,Low,7,Easy [Corresponds to 'Hard' in PNAS],526.0,442.0,1.1900452488687785,2021-09-20T18:36:21.498Z
Co9eGqeZztGF8AChp,0.8339828505832954,5,High,Low,High,Low,Low,7,Easy [Corresponds to 'Hard' in PNAS],541.0,211.0,2.5639810426540284,2021-09-20T18:40:11.227Z
tpXdfWtrSytWMjEqw,0.8387872381833859,5,Mixed,High,High,High,Mixed,2,Easy [Corresponds to 'Hard' in PNAS],583.0,245.0,2.379591836734694,NULL_TIME
3T4H8HbEqGqjgMhnP,0.8786858802939397,5,Low,High,High,Mixed,Mixed,3,Easy [Corresponds to 'Hard' in PNAS],350.0,600.0,0.5833333333333334,2021-09-20T18:36:48.657Z
EjpddpbaAphpsiptF,0.7036756319202224,5,Mixed,Low,Low,Low,High,8,Easy [Corresponds to 'Hard' in PNAS],652.0,88.0,7.409090909090909,NULL_TIME
PP8QdaXDj8e7GBPT3,0.7707101346617115,5,Mixed,Low,Low,Low,High,8,Easy [Corresponds to 'Hard' in PNAS],408.0,109.0,3.743119266055046,NULL_TIME
