conversation_num,batch_num,round_num,speaker_hash,speaker_nickname,timestamp,message,majority_pct,num_flipped,flipped_pct,num_votes,message_lower_with_punc,num_words,num_chars,num_messages,discrepancies,hear,home,conjunction,certainty,inclusive,bio,achievement,adverbs,anxiety,third_person,negation,swear,death,health,see,body,family,negative_affect,quantifier,positive_affect,insight,humans,present_tense,future_tense,past_tense,relative,sexual,inhibition,sadness,social,indefinite_pronoun,religion,work,money,causation,anger,first_person_singular,feel,tentativeness,exclusive,verbs,friends,article,argue,auxiliary_verbs,cognitive_mech,preposition,first_person_plural,percept,second_person,positive_words,first_person,nltk_english_stopwords,hedge_words,num_question_naive,NTRI,word_TTR,first_pronouns_proportion,function_word_accommodation,content_word_accommodation,hedge_naive,textblob_subjectivity,textblob_polarity,info_exchange_wordcount,info_exchange_zscore_chats,info_exchange_zscore_conversation,positivity_wordcount,positivity_zscore_chats,positivity_zscore_conversation,dale_chall_score,dale_chall_classification
0,0,0,5e7e1e0031f4e454e196c30b,niceRhino,2020-04-20T18:27:20.125Z,hello ,1.0,1,0.333333333,3,hello! ,1,6,1,0,0,0,0,0,0,0,0,0,0,0,0,0,0,0,0,0,0,0,0,0,0,0,0,0,0,0,0,0,0,0,0,0,0,0,0,0,0,0,0,0,0,0,0,0,0,0,0,0,0,0,0,0,0,0,0,0,1.0,0.0,0,0.0,0,0.0,0.0,1,-1.2368200253327004,-1.227299276877885,0,-0.20739033894608508,-0.24743582965269673,0.0496,easy
0,0,0,5e31d6e4e31c5304c46f1413,culturedCow,2020-04-20T18:27:23.764Z,hi,1.0,1,0.333333333,3,hi!,1,2,1,1,1,0,1,1,0,17,1,0,1,3,1,1,0,8,6,6,2,4,1,4,5,6,2,0,0,14,2,2,3,16,7,5,6,3,0,1,0,3,2,1,3,0,0,1,0,11,2,0,11,1,38,0,6,1,0,0,1.0,0.0,0,0.0,1,0.0,0.0,1,-1.2368200253327004,-1.227299276877885,32,4.821825380496478,4.04145188432738,0.0496,easy
0,0,0,5e7e4f4c31f4e454e196c9c4,spryBison,2020-04-20T18:27:27.724Z,hello,1.0,1,0.333333333,3,hello,1,5,1,0,0,0,0,0,0,0,0,0,0,0,0,0,0,0,0,0,0,0,0,0,0,0,0,0,0,0,0,0,0,1,0,0,0,0,0,0,0,0,0,0,0,0,0,0,0,0,0,0,0,0,0,0,0,0,0,0,1.0,0.0,0,0.0,0,0.0,0.0,1,-1.2368200253327004,-1.227299276877885,0,-0.20739033894608508,-0.24743582965269673,0.0496,easy
0,0,0,5d482ea421c9be351f762255,youngLion,2020-04-20T18:27:30.410Z,hi,1.0,1,0.333333333,3,hi,1,2,1,1,1,0,1,1,0,17,1,0,1,3,1,1,0,8,6,6,2,4,1,4,5,6,2,0,0,14,2,2,3,16,7,5,6,3,0,1,0,3,2,1,3,0,0,1,0,11,2,0,11,1,38,0,6,1,0,0,1.0,0.0,0,0.0,1,0.0,0.0,1,-1.2368200253327004,-1.227299276877885,32,4.821825380496478,4.04145188432738,0.0496,easy
0,0,0,5e84cc3c50f6e364321d6265,smallGiraffe,2020-04-20T18:27:35.506Z,hi,1.0,1,0.333333333,3,hi,1,2,1,1,1,0,1,1,0,17,1,0,1,3,1,1,0,8,6,6,2,4,1,4,5,6,2,0,0,14,2,2,3,16,7,5,6,3,0,1,0,3,2,1,3,0,0,1,0,11,2,0,11,1,38,0,6,1,0,0,1.0,0.0,1,0.0,1,0.0,0.0,1,-1.2368200253327004,-1.227299276877885,32,4.821825380496478,4.04145188432738,0.0496,easy
0,0,0,5d482ea621c9be351f762ae5,culturedBear,2020-04-20T18:28:09.451Z,hello,1.0,1,0.333333333,3,hello,1,5,1,0,0,0,0,0,0,0,0,0,0,0,0,0,0,0,0,0,0,0,0,0,0,0,0,0,0,0,0,0,0,1,0,0,0,0,0,0,0,0,0,0,0,0,0,0,0,0,0,0,0,0,0,0,0,0,0,0,1.0,0.0,0,0.0,0,0.0,0.0,1,-1.2368200253327004,-1.227299276877885,0,-0.20739033894608508,-0.24743582965269673,0.0496,easy
0,0,0,5e84cc3c50f6e364321d6265,smallGiraffe,2020-04-20T18:28:20.136Z,i dont think the guy is the ahole thoughts,1.0,1,0.333333333,3,i don't think the guy is the a$$hole. thoughts?,9,42,1,0,0,0,0,0,0,0,0,0,0,0,0,0,0,0,0,0,0,0,0,0,0,0,0,0,0,0,0,0,0,0,0,0,0,0,0,0,0,0,0,0,0,0,0,0,0,0,0,0,0,0,0,0,0,0,1,0,0.8888888888888888,0.0,0,0.0,0,0.0,0.0,9,-0.5599707025836345,-0.592278755508233,0,-0.20739033894608508,-0.24743582965269673,0.44639999999999996,easy
0,0,0,5e7e4f4c31f4e454e196c9c4,spryBison,2020-04-20T18:28:28.501Z,so who thinks the guy is an ass for asking his mother in law to learn english,1.0,1,0.333333333,3,so who thinks the guy is an ass for asking his mother in law to learn english,17,77,1,0,0,0,0,0,0,0,0,0,0,0,0,0,0,0,0,0,0,0,0,0,0,0,0,0,0,0,0,0,0,0,0,0,0,0,0,0,0,0,0,0,0,0,0,0,0,0,0,0,0,0,0,0,0,0,0,0,1.0,0.0,2,0.16666666666666666,0,0.0,0.0,17,0.11687862016543153,0.042741765861419014,0,-0.20739033894608508,-0.24743582965269673,0.8432,easy
0,0,0,5e7e1e0031f4e454e196c30b,niceRhino,2020-04-20T18:28:30.530Z,i think that this person is not an asshole because according to him he was very polite while approaching the issue,1.0,1,0.333333333,3,"i think that this person is not an asshole because, according to him, he was very polite while approaching the issue",21,114,1,0,0,0,0,0,0,0,0,0,0,0,0,0,0,0,0,0,0,0,0,0,0,0,0,0,0,0,0,0,0,0,0,0,0,0,0,0,0,0,0,0,0,0,0,0,0,0,0,0,0,0,0,0,0,0,0,0,1.0,0.0,4,0.0,0,0.15,0.1,21,0.4553032815399645,0.360252026546245,0,-0.20739033894608508,-0.24743582965269673,1.0415999999999999,easy
0,0,0,5d482ea421c9be351f762255,youngLion,2020-04-20T18:28:30.637Z,i can see how the family is upset because they feel the mother was disrespected but i can also understand the guys feelings why should he have to work as interpreter for his mother in law,1.0,1,0.333333333,3,i can see how the family is upset because they feel the mother was disrespected but i can also understand the guy's feelings. why should he have to work as interpreter for his mother in law?,36,187,1,0,0,0,0,0,0,0,0,0,0,0,0,0,0,0,0,0,0,0,0,0,0,0,0,0,0,0,0,0,0,0,0,0,0,0,0,0,0,0,0,0,0,0,0,0,0,0,0,0,0,0,0,0,0,0,1,0,0.8611111111111112,0.0,8,0.03278688524590164,0,0.0,0.0,36,1.7243957616944634,1.5509155041143425,0,-0.20739033894608508,-0.24743582965269673,2.224211111111111,easy
0,0,0,5e7e1e0031f4e454e196c30b,niceRhino,2020-04-20T18:28:50.848Z,yes i think his feeling makes sense to me to who doesnt want to be independent,1.0,1,0.333333333,3,"yes, i think his feeling makes sense to me to. who doesn't want to be independent.",16,78,1,0,0,0,0,0,0,0,0,0,0,0,0,0,0,0,0,0,0,0,0,0,0,0,0,0,0,0,0,0,0,0,0,0,0,0,0,0,0,0,0,0,0,0,0,0,0,0,0,0,0,0,0,0,0,0,0,0,0.875,0.0,4,0.01639344262295082,0,0.125,0.0,16,0.03227245482179828,-0.036635799309787484,0,-0.20739033894608508,-0.24743582965269673,5.416975,medium
0,0,0,5e31d6e4e31c5304c46f1413,culturedCow,2020-04-20T18:28:51.159Z,i was conflicted because i could understand his frustration however i feel he should have maybe discussed strategies with how to approach the mother in law with his wife first,1.0,1,0.333333333,3,i was conflicted because i could understand his frustration however i feel he should have maybe discussed strategies with how to approach the mother in law with his wife first.,30,175,1,0,0,0,0,0,0,0,0,0,0,0,0,0,0,0,0,0,0,0,0,0,0,0,0,0,0,0,0,0,0,0,0,0,0,0,0,0,0,0,0,0,0,0,0,0,0,0,0,0,0,0,0,0,0,0,0,0,0.8666666666666667,0.0,3,0.04918032786885246,0,0.3333333333333333,0.25,30,1.2167587696326636,1.0746501130871036,0,-0.20739033894608508,-0.24743582965269673,1.488,easy
0,0,0,5e84cc3c50f6e364321d6265,smallGiraffe,2020-04-20T18:28:59.058Z,his mil has been here for 8 years you would think shed pick up some english by now,1.0,1,0.333333333,3,his mil has been here for 8 years. you would think she'd pick up some english by now.,18,82,1,0,0,0,0,0,0,0,0,0,0,0,0,0,0,0,0,0,0,0,0,0,0,0,0,0,0,0,0,0,0,0,0,0,0,0,0,0,0,0,0,0,0,0,0,0,0,0,0,0,0,0,0,0,0,0,0,0,1.0,0.0,1,0.0,0,0.0,0.0,18,0.20148478550906476,0.12211933103262551,0,-0.20739033894608508,-0.24743582965269673,0.8927999999999999,easy
0,0,0,5e7e4f4c31f4e454e196c9c4,spryBison,2020-04-20T18:29:00.317Z,i think he had every right to want to help his mother in law,1.0,1,0.333333333,3,i think he had every right to want to help his mother in law,14,60,1,0,0,0,0,0,0,0,0,0,0,0,0,0,0,0,0,0,0,0,0,0,0,0,0,0,0,0,0,0,0,0,0,0,0,0,0,0,0,0,0,0,0,0,0,0,0,0,0,0,0,0,0,0,0,0,0,0,0.9285714285714286,0.0,1,0.02857142857142857,0,0.5357142857142857,0.2857142857142857,14,-0.1369398758654682,-0.19539092965220048,0,-0.20739033894608508,-0.24743582965269673,0.6944,easy
0,0,0,5e7e1e0031f4e454e196c30b,niceRhino,2020-04-20T18:29:03.788Z,i also agree with culturedcow,1.0,1,0.333333333,3,i also agree with culturedcow,5,29,1,0,0,0,0,0,0,0,0,0,0,0,0,0,0,0,0,0,0,0,0,0,0,0,0,0,0,0,0,0,0,0,0,0,0,0,0,0,0,0,0,0,0,0,0,0,0,0,0,0,0,0,0,0,0,0,0,0,1.0,0.0,0,0.01639344262295082,0,0.0,0.0,5,-0.8983953639581674,-0.909789016193059,0,-0.20739033894608508,-0.24743582965269673,0.248,easy
0,0,0,5d482ea421c9be351f762255,youngLion,2020-04-20T18:29:13.705Z,i dont think hes an asshole i think his request is reasonable if you go to live in a foreign country you should learn the language,1.0,1,0.333333333,3,"i don't think he's an asshole. i think his request is reasonable. if you go to live in a foreign country, you should learn the language.",26,130,1,0,0,0,0,0,0,0,0,0,0,0,0,0,0,0,0,0,0,0,0,0,0,0,0,0,0,0,0,0,0,0,0,0,0,0,0,0,0,0,0,0,0,0,0,0,0,0,0,0,0,0,0,0,0,0,0,0,0.8846153846153846,0.0,0,0.03278688524590164,0,0.4083333333333334,0.07045454545454545,26,0.8783341082581307,0.7571398524022775,0,-0.20739033894608508,-0.24743582965269673,1.2895999999999999,easy
0,0,0,5d6feec65f80ae21f5c5f054,spryOrangutan,2020-04-20T18:29:25.384Z,i think the guy is an asshole because for all his talk about how easy it is to use resources to learn a language he didnt take the time to research why some people do not,1.0,1,0.333333333,3,"i think the guy is an asshole because for all his talk about how easy it is to use resources to learn a language, he didn't take the time to research why some people do not.",36,170,1,0,0,0,0,0,0,0,0,0,0,0,0,0,0,0,0,0,0,0,0,0,0,0,0,0,0,0,0,0,0,0,0,0,0,0,0,0,0,0,0,0,0,0,0,0,0,0,0,0,0,0,0,0,0,0,0,0,0.8888888888888888,0.0,10,0.37111429648173566,0,0.8333333333333334,0.43333333333333335,36,1.7243957616944634,1.5509155041143425,0,-0.20739033894608508,-0.24743582965269673,1.7855999999999999,easy
0,0,0,5e7e1e0031f4e454e196c30b,niceRhino,2020-04-20T18:29:27.170Z,i think he also tried to utilize other resources such as language learning apps to help her learn,1.0,1,0.333333333,3,i think he also tried to utilize other resources such as language learning apps to help her learn,18,97,1,0,0,0,0,0,0,0,0,0,0,0,0,0,0,0,0,0,0,0,0,0,0,0,0,0,0,0,0,0,0,0,0,0,0,0,0,0,0,0,0,0,0,0,0,0,0,0,0,0,0,0,0,0,0,0,0,0,0.9444444444444444,0.0,3,0.6699648711943793,0,0.4375,-0.0625,18,0.20148478550906476,0.12211933103262551,0,-0.20739033894608508,-0.24743582965269673,0.8927999999999999,easy
0,0,0,5e31d6e4e31c5304c46f1413,culturedCow,2020-04-20T18:29:48.376Z,i think also he needs to understand that language learning is not the same for everyone not everyone has the same capacity to learn new languages quickly,1.0,1,0.333333333,3,"i think also he needs to understand that language learning is not the same for everyone, not everyone has the same capacity to learn new languages quickly.",27,153,1,0,0,0,0,0,0,0,0,0,0,0,0,0,0,0,0,0,0,0,0,0,0,0,0,0,0,0,0,0,0,0,0,0,0,0,0,0,0,0,0,0,0,0,0,0,0,0,0,0,0,0,0,0,0,0,0,0,0.8148148148148148,0.0,3,0.6477426489721572,0,0.30113636363636365,0.11742424242424242,27,0.9629402736017639,0.8365174175734841,0,-0.20739033894608508,-0.24743582965269673,1.3392,easy
0,0,0,5d482ea421c9be351f762255,youngLion,2020-04-20T18:29:55.355Z,maybe she does have a problem with learning languages but she could at least try,1.0,1,0.333333333,3,"maybe she does have a problem with learning languages, but she could at least try.",15,80,1,0,0,0,0,0,0,0,0,0,0,0,0,0,0,0,0,0,0,0,0,0,0,0,0,0,0,0,0,0,0,0,0,0,0,0,0,0,0,0,0,0,0,0,0,0,0,0,0,0,0,0,0,0,0,0,0,0,0.9333333333333333,0.0,0,0.7,0,0.4,-0.3,15,-0.05233371052183496,-0.11601336448099399,0,-0.20739033894608508,-0.24743582965269673,0.744,easy
0,0,0,5e7e4f4c31f4e454e196c9c4,spryBison,2020-04-20T18:30:01.417Z,after the edit he done it made it sound like he really loves his family,1.0,1,0.333333333,3,after the edit he done it made it sound like he really loves his family,15,71,1,0,0,0,0,0,0,0,0,0,0,0,0,0,0,0,0,0,0,0,0,0,0,0,0,0,0,0,0,0,0,0,0,0,0,0,0,0,0,0,0,0,0,0,0,0,0,0,0,0,0,0,0,0,0,0,0,0,0.8666666666666667,0.0,0,0.0,0,0.30000000000000004,0.30000000000000004,15,-0.05233371052183496,-0.11601336448099399,0,-0.20739033894608508,-0.24743582965269673,0.744,easy
0,0,0,5d482ea621c9be351f762ae5,culturedBear,2020-04-20T18:30:08.967Z,i dont think the guy is wrong in asking her to learn more english being that she lives in america but he has to understand she is older and may not have the patience or capacity to learn a lot of english,1.0,1,0.333333333,3,"i don't think the guy is wrong in asking her to learn more english being that she lives in america, but he has to understand she is older and may not have the patience or capacity to learn a lot of english.",42,203,1,0,0,0,0,0,0,0,0,0,0,0,0,0,0,0,0,0,0,0,0,0,0,0,0,0,0,0,0,0,0,0,0,0,0,0,0,0,0,0,0,0,0,0,0,0,0,0,0,0,0,0,0,0,0,0,0,0,0.8095238095238095,0.0,3,0.0,0,0.3466666666666666,0.03333333333333333,42,2.232032753756263,2.0271808951415817,0,-0.20739033894608508,-0.24743582965269673,2.0831999999999997,easy
0,0,0,5d6feec65f80ae21f5c5f054,spryOrangutan,2020-04-20T18:30:11.191Z,learning a second language is easiest when youre a child for a reason your brain is wired differently then which makes it easier,1.0,1,0.333333333,3,"learning a second language is easiest when you're a child for a reason. your brain is wired differently then, which makes it easier.",23,128,1,0,0,0,0,0,0,0,0,0,0,0,0,0,0,0,0,0,0,0,0,0,0,0,0,0,0,0,0,0,0,0,0,0,0,0,0,0,0,0,0,0,0,0,0,0,0,0,0,0,0,0,0,0,0,0,0,0,0.8695652173913043,0.0,5,0.0,0,0.3,0.0,23,0.624515612227231,0.5190071568886581,0,-0.20739033894608508,-0.24743582965269673,1.1408,easy
0,0,0,5e84cc3c50f6e364321d6265,smallGiraffe,2020-04-20T18:30:20.031Z,i think he tried to help her  he gave her resources to use and she apparently didnt use them,1.0,1,0.333333333,3,i think he tried to help her.  he gave her resources to use and she apparently didn't use them.,19,92,1,0,0,0,0,0,0,0,0,0,0,0,0,0,0,0,0,0,0,0,0,0,0,0,0,0,0,0,0,0,0,0,0,0,0,0,0,0,0,0,0,0,0,0,0,0,0,0,0,0,0,0,0,0,0,0,0,0,0.7894736842105263,0.0,0,0.0,0,0.35,0.05,19,0.28609095085269803,0.20149689620383202,0,-0.20739033894608508,-0.24743582965269673,0.9424,easy
0,0,0,5d6feec65f80ae21f5c5f054,spryOrangutan,2020-04-20T18:30:49.913Z,older people can have a hard time because of brain intelligence and cognitive limits its not so easy to just read a book or dictionary after a certain point,1.0,1,0.333333333,3,older people can have a hard time because of brain. intelligence and cognitive limits. it's not so easy to just read a book or dictionary after a certain point.,29,156,1,0,0,0,0,0,0,0,0,0,0,0,0,0,0,0,0,0,0,0,0,0,0,0,0,0,0,0,0,0,0,0,0,0,0,0,0,0,0,0,0,0,0,0,0,0,0,0,0,0,0,0,0,0,0,0,0,0,0.9310344827586207,0.0,2,0.0,0,0.5699404761904763,0.1306547619047619,29,1.1321526042890304,0.995272547915897,0,-0.20739033894608508,-0.24743582965269673,1.9828827586206894,easy
0,0,0,5e31d6e4e31c5304c46f1413,culturedCow,2020-04-20T18:30:50.048Z,i dont think hes an asshole for having the feelings he does but i do think he is a bit of an asshole for handling it the way that he did without discussing it with his wife first or maybe finding a better way to approach it,1.0,1,0.333333333,3,"i don't think he's an asshole for having the feelings he does, but i do think he is a bit of an asshole for handling it the way that he did without discussing it with his wife first or maybe finding a better way to approach it.",47,223,1,0,0,0,0,0,0,0,0,0,0,0,0,0,0,0,0,0,0,0,0,0,0,0,0,0,0,0,0,0,0,0,0,0,0,0,0,0,0,0,0,0,0,0,0,0,0,0,0,0,0,0,0,0,0,0,0,0,0.7446808510638298,0.0,5,0.0,0,0.41666666666666663,0.375,47,2.655063580474429,2.424068720997614,0,-0.20739033894608508,-0.24743582965269673,2.3312,easy
0,0,0,5d482ea421c9be351f762255,youngLion,2020-04-20T18:30:50.423Z,i think he wouldnt be so upset about it if she at least tried,1.0,1,0.333333333,3,i think he wouldn't be so upset about it if she at least tried.,14,61,1,0,0,0,0,0,0,0,0,0,0,0,0,0,0,0,0,0,0,0,0,0,0,0,0,0,0,0,0,0,0,0,0,0,0,0,0,0,0,0,0,0,0,0,0,0,0,0,0,0,0,0,0,0,0,0,0,0,1.0,0.0,2,0.04496487119437939,0,0.4,-0.3,14,-0.1369398758654682,-0.19539092965220048,0,-0.20739033894608508,-0.24743582965269673,0.6944,easy
0,0,0,5d482ea621c9be351f762ae5,culturedBear,2020-04-20T18:30:51.928Z,he should also ask his wife to step up and talk to the mother to healp her learn more and to make herself more available to her mother to help with translations,1.0,1,0.333333333,3,he should also ask his wife to step up and talk to the mother to healp her learn more and to make herself more available to her mother to help with translations.,32,160,1,0,0,0,0,0,0,0,0,0,0,0,0,0,0,0,0,0,0,0,0,0,0,0,0,0,0,0,0,0,0,0,0,0,0,0,0,0,0,0,0,0,0,0,0,0,0,0,0,0,0,0,0,0,0,0,0,0,0.71875,0.0,1,0.0,0,0.4666666666666666,0.4666666666666666,32,1.3859711003199304,1.2334052434295166,0,-0.20739033894608508,-0.24743582965269673,1.5872,easy
0,0,0,5e84cc3c50f6e364321d6265,smallGiraffe,2020-04-20T18:31:02.701Z,i agree that learning a foreign language as an adult is more difficult but 8 years is a long time,1.0,1,0.333333333,3,i agree that learning a foreign language as an adult is more difficult but 8 years is a long time.,20,97,1,0,0,0,0,0,0,0,0,0,0,0,0,0,0,0,0,0,0,0,0,0,0,0,0,0,0,0,0,0,0,0,0,0,0,0,0,0,0,0,0,0,0,0,0,0,0,0,0,0,0,0,0,0,0,0,0,0,0.9,0.0,0,0.08333333333333333,0,0.465,-0.015000000000000005,20,0.3706971161963313,0.2808744613750385,0,-0.20739033894608508,-0.24743582965269673,0.992,easy
0,0,0,5e7e1e0031f4e454e196c30b,niceRhino,2020-04-20T18:31:30.459Z,i think that both sides have right and wrong but overall i think hes not an asshole because of the way he approached the issue politely and because he also tried in his own way although some of us may say not effective to help her,1.0,1,0.333333333,3,i think that both sides have right and wrong. but overall i think he's not an asshole because of the way he approached the issue (politely) and because he also tried in his own way (although some of us may say not effective) to help her,46,230,1,0,0,0,0,0,0,0,0,0,0,0,0,0,0,0,0,0,0,0,0,0,0,0,0,0,0,0,0,0,0,0,0,0,0,0,0,0,0,0,0,0,0,0,0,0,0,0,0,0,0,0,0,0,0,0,0,0,0.8043478260869565,0.0,3,0.03278688524590164,0,0.6471428571428571,0.017142857142857137,46,2.5704574151307957,2.3446911558264074,0,-0.20739033894608508,-0.24743582965269673,2.2816,easy
0,0,0,5d482ea421c9be351f762255,youngLion,2020-04-20T18:31:33.641Z,yes why cant other members of the family help their mother if they think hes being a jerk they should step in  i,1.0,1,0.333333333,3,"yes, why can't other members of the family help their mother? if they think he's being a jerk, they should step in.  i",23,112,1,0,0,0,0,0,0,0,0,0,0,0,0,0,0,0,0,0,0,0,0,0,0,0,0,0,0,0,0,0,0,0,0,0,0,0,0,0,0,0,0,0,0,0,0,0,0,0,0,0,0,0,0,0,0,0,1,0,0.9565217391304348,0.0,4,0.11639344262295082,0,0.375,-0.125,23,0.624515612227231,0.5190071568886581,0,-0.20739033894608508,-0.24743582965269673,1.1408,easy
0,0,0,5e7e1e0031f4e454e196c30b,niceRhino,2020-04-20T18:31:36.370Z,what are your verdicts,1.0,1,0.333333333,3,what are your verdicts?,4,22,1,0,0,0,0,0,0,0,0,0,0,0,0,0,0,0,0,0,0,0,0,0,0,0,0,0,0,0,0,0,0,0,0,0,0,0,0,0,0,0,0,0,0,0,0,0,0,0,0,0,0,0,0,0,0,0,1,0,1.0,0.0,0,0.0,0,0.0,0.0,4,-0.9830015293018006,-0.9891665813642655,0,-0.20739033894608508,-0.24743582965269673,0.1984,easy
0,0,0,5d6feec65f80ae21f5c5f054,spryOrangutan,2020-04-20T18:31:38.393Z,if he doesnt want to help thats fine but dictating what his mil who i assume is not so young should do is complete assholery,1.0,1,0.333333333,3,"if he doesn't want to help, that's fine, but dictating what his mil, who i assume is not so young, should do is complete asshole-ry.",25,124,1,0,0,0,0,0,0,0,0,0,0,0,0,0,0,0,0,0,0,0,0,0,0,0,0,0,0,0,0,0,0,0,0,0,0,0,0,0,0,0,0,0,0,0,0,0,0,0,0,0,0,0,0,0,0,0,0,0,0.96,0.0,1,0.0,0,0.43333333333333335,0.20555555555555557,25,0.7937279429144974,0.677762287231071,0,-0.20739033894608508,-0.24743582965269673,1.24,easy
0,0,0,5e7e4f4c31f4e454e196c9c4,spryBison,2020-04-20T18:31:43.131Z,i think he is a nice person trying to relieve some stress off his plate by asking his mother in law to be more responsible,1.0,1,0.333333333,3,i think he is a nice person trying to relieve some stress off his plate by asking his mother in law to be more responsible.,25,122,1,0,0,0,0,0,0,0,0,0,0,0,0,0,0,0,0,0,0,0,0,0,0,0,0,0,0,0,0,0,0,0,0,0,0,0,0,0,0,0,0,0,0,0,0,0,0,0,0,0,0,0,0,0,0,0,0,0,0.92,0.0,6,0.01639344262295082,0,0.6833333333333332,0.43333333333333335,25,0.7937279429144974,0.677762287231071,0,-0.20739033894608508,-0.24743582965269673,1.24,easy
0,0,0,5d6feec65f80ae21f5c5f054,spryOrangutan,2020-04-20T18:31:46.516Z,yes asshole all the way,1.0,1,0.333333333,3,"yes, asshole, all the way.",5,23,1,0,0,0,0,0,0,0,0,0,0,0,0,0,0,0,0,0,0,0,0,0,0,0,0,0,0,0,0,0,0,0,0,0,0,0,0,0,0,0,0,0,0,0,0,0,0,0,0,0,0,0,0,0,0,0,0,0,1.0,0.0,0,0.0,0,0.0,0.0,5,-0.8983953639581674,-0.909789016193059,0,-0.20739033894608508,-0.24743582965269673,0.248,easy
0,0,0,5d482ea421c9be351f762255,youngLion,2020-04-20T18:31:47.752Z,not an asshole,1.0,1,0.333333333,3,not an asshole,3,14,1,0,0,0,0,0,0,0,0,0,0,0,0,0,0,0,0,0,0,0,0,0,0,0,0,0,0,0,0,0,0,0,0,0,0,0,0,0,0,0,0,0,0,0,0,0,0,0,0,0,0,0,0,0,0,0,0,0,1.0,0.0,0,0.034482758620689655,0,0.0,0.0,3,-1.0676076946454338,-1.068544146535472,0,-0.20739033894608508,-0.24743582965269673,0.1488,easy
0,0,0,5d482ea621c9be351f762ae5,culturedBear,2020-04-20T18:31:53.913Z,mil is at least 20 years older than the couple so 8 years is a long time but how often is she interacting with other americans,1.0,1,0.333333333,3,mil is at least 20 years older than the couple so 8 years is a long time but how often is she interacting with other americans.,26,126,1,0,0,0,0,0,0,0,0,0,0,0,0,0,0,0,0,0,0,0,0,0,0,0,0,0,0,0,0,0,0,0,0,0,0,0,0,0,0,0,0,0,0,0,0,0,0,0,0,0,0,0,0,0,0,0,0,0,0.8846153846153846,0.0,0,0.0,0,0.3770833333333333,-0.07708333333333334,26,0.8783341082581307,0.7571398524022775,0,-0.20739033894608508,-0.24743582965269673,1.8969076923076922,easy
0,0,0,5e7e4f4c31f4e454e196c9c4,spryBison,2020-04-20T18:31:58.777Z,we all have to agree,1.0,1,0.333333333,3,we all have to agree,5,20,1,0,0,0,0,0,0,0,0,0,0,0,0,0,0,0,0,0,0,0,0,0,0,0,0,0,0,0,0,0,0,0,0,0,0,0,0,0,0,0,0,0,0,0,0,0,0,0,0,0,0,0,0,0,0,0,0,0,1.0,0.0,0,0.0,0,0.0,0.0,5,-0.8983953639581674,-0.909789016193059,0,-0.20739033894608508,-0.24743582965269673,0.248,easy
0,0,0,5e31d6e4e31c5304c46f1413,culturedCow,2020-04-20T18:32:08.796Z,yeah i am also inclined to vote asshole just because something seems fishy that the entire family freaked out on him so i dont know if he was as polite as he claimed he was,1.0,1,0.333333333,3,"yeah i am also inclined to vote 'asshole' just because something seems fishy that the entire family freaked out on him, so i don't know if he was as polite as he claimed he was.",35,172,1,0,0,0,0,0,0,0,0,0,0,0,0,0,0,0,0,0,0,0,0,0,0,0,0,0,0,0,0,0,0,0,0,0,0,0,0,0,0,0,0,0,0,0,0,0,0,0,0,0,0,0,0,0,0,0,0,0,0.8571428571428571,0.0,1,0.0,0,0.625,0.0,35,1.63978959635083,1.471537938943136,0,-0.20739033894608508,-0.24743582965269673,1.736,easy
0,0,0,5e84cc3c50f6e364321d6265,smallGiraffe,2020-04-20T18:32:15.014Z,i think his family is partally dorrect for being upset because of his approach,1.0,1,0.333333333,3,i think his family is partally dorrect for being upset because of his approach.,14,78,1,0,0,0,0,0,0,0,0,0,0,0,0,0,0,0,0,0,0,0,0,0,0,0,0,0,0,0,0,0,0,0,0,0,0,0,0,0,0,0,0,0,0,0,0,0,0,0,0,0,0,0,0,0,0,0,0,0,0.9285714285714286,0.0,1,0.15925058548009366,0,0.0,0.0,14,-0.1369398758654682,-0.19539092965220048,0,-0.20739033894608508,-0.24743582965269673,0.6944,easy
0,0,0,5d6feec65f80ae21f5c5f054,spryOrangutan,2020-04-20T18:32:15.176Z,i descent asshole still for me,1.0,1,0.333333333,3,i descent. asshole still for me.,6,30,1,0,0,0,0,0,0,0,0,0,0,0,0,0,0,0,0,0,0,0,0,0,0,0,0,0,0,0,0,0,0,0,0,0,0,0,0,0,0,0,0,0,0,0,0,0,0,0,0,0,0,0,0,0,0,0,0,0,1.0,0.0,1,0.01639344262295082,0,0.0,0.0,6,-0.8137891986145341,-0.8304114510218525,0,-0.20739033894608508,-0.24743582965269673,0.2976,easy
0,0,0,5e7e4f4c31f4e454e196c9c4,spryBison,2020-04-20T18:32:22.544Z,asswhole it is,1.0,1,0.333333333,3,asswhole it is,3,14,1,0,0,0,0,0,0,0,0,0,0,0,0,0,0,0,0,0,0,0,0,0,0,0,0,0,0,0,0,0,0,0,0,0,0,0,0,0,0,0,0,0,0,0,0,0,0,0,0,0,0,0,0,0,0,0,0,0,1.0,0.0,0,0.0,0,0.0,0.0,3,-1.0676076946454338,-1.068544146535472,0,-0.20739033894608508,-0.24743582965269673,0.1488,easy
0,0,0,5d482ea621c9be351f762ae5,culturedBear,2020-04-20T18:32:24.016Z,the guy is not wrong and definitely not a racist,1.0,1,0.333333333,3,the guy is not wrong and definitely not a racist.,10,48,1,0,0,0,0,0,0,0,0,0,0,0,0,0,0,0,0,0,0,0,0,0,0,0,0,0,0,0,0,0,0,0,0,0,0,0,0,0,0,0,0,0,0,0,0,0,0,0,0,0,0,0,0,0,0,0,0,0,0.9,0.0,1,0.0,0,0.7,0.125,10,-0.47536453724000116,-0.5129011903370265,0,-0.20739033894608508,-0.24743582965269673,0.496,easy
0,0,0,5e8b6dd0b35db8283c501b7a,littleSquirrel,2020-04-20T18:32:36.791Z,i think he should consider the fact that for some reason some people always tend to be dependent especially coming from a specific culture and upbringing  especially women and elderly,1.0,1,0.333333333,3,i think he should consider the fact that for some reason some people always tend to be dependent especially coming from a specific culture and upbringing - especially women and elderly.,30,183,1,0,0,0,0,0,0,0,0,0,0,0,0,0,0,0,0,0,0,0,0,0,0,0,0,0,0,0,0,0,0,0,0,0,0,0,0,0,0,0,0,0,0,0,0,0,0,0,0,0,0,0,0,0,0,0,0,0,0.9,0.0,4,0.0,0,0.7083333333333334,0.0,30,1.2167587696326636,1.0746501130871036,0,-0.20739033894608508,-0.24743582965269673,1.488,easy
0,0,0,5d6feec65f80ae21f5c5f054,spryOrangutan,2020-04-20T18:32:37.756Z,no hes not a racist agrred,1.0,1,0.333333333,3,"no, he's not a racist, agrred.",6,26,1,0,0,0,0,0,0,0,0,0,0,0,0,0,0,0,0,0,0,0,0,0,0,0,0,0,0,0,0,0,0,0,0,0,0,0,0,0,0,0,0,0,0,0,0,0,0,0,0,0,0,0,0,0,0,0,0,0,1.0,0.0,1,0.0,0,0.0,0.0,6,-0.8137891986145341,-0.8304114510218525,0,-0.20739033894608508,-0.24743582965269673,0.2976,easy
0,0,0,5e7e4f4c31f4e454e196c9c4,spryBison,2020-04-20T18:32:45.488Z,we can call him a nice asswhole,1.0,1,0.333333333,3,we can call him a nice asswhole,7,31,1,0,0,0,0,0,0,0,0,0,0,0,0,0,0,0,0,0,0,0,0,0,0,0,0,0,0,0,0,0,0,0,0,0,0,0,0,0,0,0,0,0,0,0,0,0,0,0,0,0,0,0,0,0,0,0,0,0,1.0,0.0,1,0.0,0,1.0,0.6,7,-0.729183033270901,-0.751033885850646,0,-0.20739033894608508,-0.24743582965269673,0.3472,easy
0,0,0,5d482ea421c9be351f762255,youngLion,2020-04-20T18:32:51.655Z,i will go with the group and vote asshole,1.0,1,0.333333333,3,i will go with the group and vote asshole.,9,41,1,0,0,0,0,0,0,0,0,0,0,0,0,0,0,0,0,0,0,0,0,0,0,0,0,0,0,0,0,0,0,0,0,0,0,0,0,0,0,0,0,0,0,0,0,0,0,0,0,0,0,0,0,0,0,0,0,0,1.0,0.0,0,0.0,0,0.0,0.0,9,-0.5599707025836345,-0.592278755508233,0,-0.20739033894608508,-0.24743582965269673,0.44639999999999996,easy
0,0,0,5d482ea621c9be351f762ae5,culturedBear,2020-04-20T18:32:53.008Z,the guy just wants mil to put in more effort if possible,1.0,1,0.333333333,3,"the guy just wants mil to put in more effort, if possible.",12,56,1,0,0,0,0,0,0,0,0,0,0,0,0,0,0,0,0,0,0,0,0,0,0,0,0,0,0,0,0,0,0,0,0,0,0,0,0,0,0,0,0,0,0,0,0,0,0,0,0,0,0,0,0,0,0,0,0,0,1.0,0.0,1,0.0,0,0.5333333333333333,0.2333333333333333,12,-0.3061522065527347,-0.3541460599946135,0,-0.20739033894608508,-0.24743582965269673,0.5952,easy
0,0,0,5e7e1e0031f4e454e196c30b,niceRhino,2020-04-20T18:32:53.113Z,i believe that this person is not an asshole because he tried to help the mil,1.0,1,0.333333333,3,i believe that this person is not an asshole because he tried to help the mil.,16,77,1,0,0,0,0,0,0,0,0,0,0,0,0,0,0,0,0,0,0,0,0,0,0,0,0,0,0,0,0,0,0,0,0,0,0,0,0,0,0,0,0,0,0,0,0,0,0,0,0,0,0,0,0,0,0,0,0,0,1.0,0.0,2,0.14285714285714285,0,0.0,0.0,16,0.03227245482179828,-0.036635799309787484,0,-0.20739033894608508,-0.24743582965269673,0.7936,easy
0,0,0,5e7e4f4c31f4e454e196c9c4,spryBison,2020-04-20T18:33:06.880Z,asshole,1.0,1,0.333333333,3,asshole,1,7,1,0,0,0,0,0,0,0,0,0,0,0,0,1,0,0,0,0,0,0,0,0,0,0,0,0,0,0,0,0,0,0,0,0,0,0,0,1,0,0,0,0,0,0,0,0,0,0,0,0,0,0,0,0,0,0,0,0,1.0,0.0,0,0.034482758620689655,0,0.0,0.0,1,-1.2368200253327004,-1.227299276877885,0,-0.20739033894608508,-0.24743582965269673,0.0496,easy
0,0,0,5e84cc3c50f6e364321d6265,smallGiraffe,2020-04-20T18:33:37.552Z,i agree with nicerhino,1.0,1,0.333333333,3,i agree with nicerhino,4,22,1,0,0,0,0,0,0,0,0,0,0,0,0,0,0,0,0,0,0,0,0,0,0,0,0,0,0,0,0,0,0,0,0,0,0,0,0,0,0,0,0,0,0,0,0,0,0,0,0,0,0,0,0,0,0,0,0,0,1.0,0.0,0,0.0,0,0.0,0.0,4,-0.9830015293018006,-0.9891665813642655,0,-0.20739033894608508,-0.24743582965269673,0.1984,easy
0,0,0,5e84cc3c50f6e364321d6265,smallGiraffe,2020-04-20T18:33:58.011Z,i dont think hes the asshole,1.0,1,0.333333333,3,i don't think he's the asshole,6,28,1,0,0,0,0,0,0,0,0,0,0,0,0,0,0,0,0,0,0,0,0,0,0,0,0,0,0,0,0,0,0,0,0,0,0,0,0,0,0,0,0,0,0,0,0,0,0,0,0,0,0,0,0,0,0,0,0,0,1.0,0.0,0,0.01639344262295082,0,0.0,0.0,6,-0.8137891986145341,-0.8304114510218525,0,-0.20739033894608508,-0.24743582965269673,0.2976,easy
1,0,2,5e7e4f4c31f4e454e196c9c4,newLion,2020-04-20T18:57:21.726Z,hi,0.6,0,0.0,5,hi,1,2,1,1,1,0,1,1,0,17,1,0,1,3,1,1,0,8,6,6,2,4,1,4,5,6,2,0,0,14,2,2,3,16,7,5,6,3,0,1,0,3,2,1,3,0,0,1,0,11,2,0,11,1,38,0,6,1,0,0,1.0,0.0,0,0.0,1,0.0,0.0,1,-1.2368200253327004,-1.2670598527534436,32,4.821825380496478,6.6332495807108,0.0496,easy
1,0,2,5e84cc3c50f6e364321d6265,likelyRabbit,2020-04-20T18:57:26.714Z,i dont think shes the asshole because shes extremely busy,0.6,0,0.0,5,i don't think she's the asshole because she's extremely busy.,10,57,1,0,0,0,0,0,0,0,0,0,0,0,0,0,0,0,0,0,0,0,0,0,0,0,0,0,0,0,0,0,0,0,0,0,0,0,0,0,0,0,0,0,0,0,0,0,0,0,0,0,0,0,0,0,0,0,0,0,0.9,0.0,0,0.0,0,0.3,0.1,10,-0.47536453724000116,-0.43129561763105817,0,-0.20739033894608508,-0.15075567228888181,0.496,easy
1,0,2,5d6feec65f80ae21f5c5f054,conventionalMonkey,2020-04-20T18:57:26.989Z,howdy,0.6,0,0.0,5,howdy,1,5,1,0,0,0,0,0,0,0,0,0,0,0,0,0,0,0,0,0,0,0,0,0,0,0,0,0,0,0,0,0,0,0,0,0,0,0,0,0,0,0,0,0,0,0,0,0,0,0,0,0,0,0,0,0,0,0,0,0,1.0,0.0,0,0.0,0,0.0,0.0,1,-1.2368200253327004,-1.2670598527534436,0,-0.20739033894608508,-0.15075567228888181,0.0496,easy
1,0,2,5e7e4f4c31f4e454e196c9c4,newLion,2020-04-20T18:57:32.295Z,this girl seems like an asshole,0.6,0,0.0,5,this girl seems like an asshole,6,31,1,0,0,0,0,0,0,0,0,0,0,0,0,0,0,0,0,0,0,0,0,0,0,0,0,0,0,0,0,0,0,0,0,0,0,0,0,0,0,0,0,0,0,0,0,0,0,0,0,0,0,0,0,0,0,0,0,0,1.0,0.0,0,0.0,0,0.0,0.0,6,-0.8137891986145341,-0.8027463887965628,0,-0.20739033894608508,-0.15075567228888181,0.2976,easy
1,0,2,5e31d6e4e31c5304c46f1413,littleCow,2020-04-20T18:57:37.268Z,hello,0.6,0,0.0,5,hello,1,5,1,0,0,0,0,0,0,0,0,0,0,0,0,0,0,0,0,0,0,0,0,0,0,0,0,0,0,0,0,0,0,1,0,0,0,0,0,0,0,0,0,0,0,0,0,0,0,0,0,0,0,0,0,0,0,0,0,0,1.0,0.0,0,0.0,0,0.0,0.0,1,-1.2368200253327004,-1.2670598527534436,0,-0.20739033894608508,-0.15075567228888181,0.0496,easy
1,0,2,5e84cc3c50f6e364321d6265,likelyRabbit,2020-04-20T18:57:43.115Z,her husband knows spanish and communicates well with it,0.6,0,0.0,5,her husband knows spanish and communicates well with it.,9,55,1,0,0,0,0,0,0,0,0,0,0,0,0,0,0,0,0,0,0,0,0,0,0,0,0,0,0,0,0,0,0,0,0,0,0,0,0,0,0,0,0,0,0,0,0,0,0,0,0,0,0,0,0,0,0,0,0,0,1.0,0.0,0,0.0,0,0.0,0.0,9,-0.5599707025836345,-0.5241583104224343,0,-0.20739033894608508,-0.15075567228888181,5.837344444444444,medium
1,0,2,5e31d6e4e31c5304c46f1413,littleCow,2020-04-20T18:57:56.277Z,i dont think shes an asshole she clearly has more on her plate so it shouldnt be an issue for her husband to help relieve some of that burden,0.6,0,0.0,5,"i don't think she's an asshole, she clearly has more on her plate so it shouldn't be an issue for her husband to help relieve some of that burden.",29,141,1,0,0,0,0,0,0,0,0,0,0,0,0,0,0,0,0,0,0,0,0,0,0,0,0,0,0,0,0,0,0,0,0,0,0,0,0,0,0,0,0,0,0,0,0,0,0,0,0,0,0,0,0,0,0,0,0,0,0.9310344827586207,0.0,3,0.07142857142857142,0,0.44166666666666665,0.3,29,1.1321526042890304,1.333095545405089,0,-0.20739033894608508,-0.15075567228888181,1.4384,easy
1,0,2,5e84cc3c50f6e364321d6265,likelyRabbit,2020-04-20T18:58:10.461Z,if she werent so busy id say she was an asshole but shes got a very full plate,0.6,0,0.0,5,"if she weren't so busy, i'd say she was an asshole but she's got a very full plate",18,78,1,0,0,0,0,0,0,0,0,0,0,0,0,0,0,0,0,0,0,0,0,0,0,0,0,0,0,0,0,0,0,0,0,0,0,0,0,0,0,0,0,0,0,0,0,0,0,0,0,0,0,0,0,0,0,0,0,0,0.9444444444444444,0.0,5,0.28448275862068967,0,0.5075000000000001,0.27749999999999997,18,0.20148478550906476,0.3116059246999512,0,-0.20739033894608508,-0.15075567228888181,0.8927999999999999,easy
1,0,2,5e7e4f4c31f4e454e196c9c4,newLion,2020-04-20T18:58:16.555Z,he married the daughter not the mother,0.6,0,0.0,5,he married the daughter not the mother,7,38,1,0,0,0,0,0,0,0,0,0,0,0,0,0,0,0,0,0,0,0,0,0,0,0,0,0,0,0,0,0,0,0,0,0,0,0,0,0,0,0,0,0,0,0,0,0,0,0,0,0,0,0,0,0,0,0,0,0,0.8571428571428571,0.0,0,0.0,0,0.25,0.25,7,-0.729183033270901,-0.7098836960051866,0,-0.20739033894608508,-0.15075567228888181,0.3472,easy
1,0,2,5d482ea421c9be351f762255,newPanda,2020-04-20T18:58:24.296Z,im on the fence about this one she may be busy but how often is her mother really bothering her husband how long have they lived in the us information is missing as far as im concerned,0.6,0,0.0,5,i'm on the fence about this one. she may be busy but how often is her mother really bothering her husband? how long have they lived in the us? information is missing as far as i'm concerned.,37,184,1,0,0,0,0,0,0,0,0,0,0,0,0,0,0,0,0,0,0,0,0,0,0,0,0,0,0,0,0,0,0,0,0,0,0,0,0,0,0,0,0,0,0,0,0,0,0,0,0,0,0,0,0,0,0,0,2,0,0.8378378378378378,0.0,2,0.07142857142857142,0,0.39,0.03000000000000001,37,1.8090019270380966,2.075997087736098,0,-0.20739033894608508,-0.15075567228888181,2.261956756756757,easy
1,0,2,5d6feec65f80ae21f5c5f054,conventionalMonkey,2020-04-20T18:58:25.941Z,i think shes an asshole her husband has the right to not want to be a translator its his choice and he shouldnt be forced,0.6,0,0.0,5,i think she's an asshole. her husband has the right to not want to be a translator. it's his choice and he shouldn't be forced.,25,121,1,0,0,0,0,0,0,0,0,0,0,0,0,0,0,0,0,0,0,0,0,0,0,0,0,0,0,0,0,0,0,0,0,0,0,0,0,0,0,0,0,0,0,0,0,0,0,0,0,0,0,0,0,0,0,0,0,0,0.92,0.0,4,0.07142857142857142,0,0.3678571428571429,-0.007142857142857173,25,0.7937279429144974,0.9616447742395844,0,-0.20739033894608508,-0.15075567228888181,1.24,easy
1,0,2,5e84cc3c50f6e364321d6265,likelyRabbit,2020-04-20T18:58:38.685Z,yes he married the daughter but his mil is now family too,0.6,0,0.0,5,"yes, he married the daughter but his mil is now family too.",12,57,1,0,0,0,0,0,0,0,0,0,0,0,0,0,0,0,0,0,0,0,0,0,0,0,0,0,0,0,0,0,0,0,0,0,0,0,0,0,0,0,0,0,0,0,0,0,0,0,0,0,0,0,0,0,0,0,0,0,1.0,0.0,3,0.0,0,0.25,0.25,12,-0.3061522065527347,-0.2455702320483058,0,-0.20739033894608508,-0.15075567228888181,0.5952,easy
1,0,2,5e7e4f4c31f4e454e196c9c4,newLion,2020-04-20T18:58:40.031Z,true conventionalmonkey conventionalmonkey,0.6,0,0.0,5,true conventionalmonkey conventionalmonkey,3,42,1,0,0,0,0,0,0,0,0,0,0,0,0,0,0,0,0,0,0,0,0,0,0,0,0,0,0,0,0,0,0,0,0,0,0,0,0,0,0,0,0,0,0,0,0,0,0,0,0,0,0,0,0,0,0,0,0,0,0.6666666666666666,0.0,0,0.0,0,0.65,0.35,3,-1.0676076946454338,-1.0813344671706913,0,-0.20739033894608508,-0.15075567228888181,14.311966666666665,difficult
1,0,2,5e8b6dd0b35db8283c501b7a,likelyGorilla,2020-04-20T18:58:53.558Z,she says she just passes it on to her husband if her husband sees that she doesnt try to put in any efforts to help her parents with such issues then why would he care either,0.6,0,0.0,5,"she says ""she just passes it on to her husband"", if her husband sees that she doesn't try to put in any efforts to help her parents with such issues, then why would he care either?",36,174,1,0,0,0,0,0,0,0,0,0,0,0,0,0,0,0,0,0,0,0,0,0,0,0,0,0,0,0,0,0,0,0,0,0,0,0,0,0,0,0,0,0,0,0,0,0,0,0,0,0,0,0,0,0,0,0,1,0,0.8055555555555556,0.0,0,0.0,0,0.5,0.0,36,1.7243957616944634,1.983134394944722,0,-0.20739033894608508,-0.15075567228888181,1.7855999999999999,easy
1,0,2,5d6feec65f80ae21f5c5f054,conventionalMonkey,2020-04-20T18:59:06.451Z,but then again i think many latino families are more egalitarian in that they expect everyone to contribute more,0.6,0,0.0,5,"but then again, i think many latino families are more egalitarian in that they expect everyone to contribute more.",19,112,1,0,0,0,0,0,0,0,0,0,0,0,0,0,0,0,0,0,0,0,0,0,0,0,0,0,0,0,0,0,0,0,0,0,0,0,0,0,0,0,0,0,0,0,0,0,0,0,0,0,0,0,0,0,0,0,0,0,0.9473684210526315,0.0,4,0.0,0,0.5,0.5,19,0.28609095085269803,0.40446861749132734,0,-0.20739033894608508,-0.15075567228888181,5.409952631578947,medium
1,0,2,5d482ea421c9be351f762255,newPanda,2020-04-20T18:59:13.295Z,i agree conventionalmonkey while they are his inlaws they are her family ,0.6,0,0.0,5,"i agree conventionalmonkey while they are his in-laws, they are her family. ",12,73,1,0,0,0,0,0,0,0,0,0,0,0,0,0,0,0,0,0,0,0,0,0,0,0,0,0,0,0,0,0,0,0,0,0,0,0,0,0,0,0,0,0,0,0,0,0,0,0,0,0,0,0,0,0,0,0,0,0,0.8333333333333334,0.0,4,0.01639344262295082,0,0.0,0.0,12,-0.3061522065527347,-0.2455702320483058,0,-0.20739033894608508,-0.15075567228888181,5.547533333333333,medium
1,0,2,5e7e4f4c31f4e454e196c9c4,newLion,2020-04-20T18:59:14.855Z,i think the mother needs to find an alternative,0.6,0,0.0,5,i think the mother needs to find an alternative,9,47,1,0,0,0,0,0,0,0,0,0,0,0,0,0,0,0,0,0,0,0,0,0,0,0,0,0,0,0,0,0,0,0,0,0,0,0,0,0,0,0,0,0,0,0,0,0,0,0,0,0,0,0,0,0,0,0,0,0,1.0,0.0,0,0.01639344262295082,0,0.0,0.0,9,-0.5599707025836345,-0.5241583104224343,0,-0.20739033894608508,-0.15075567228888181,5.837344444444444,medium
1,0,2,5d6feec65f80ae21f5c5f054,conventionalMonkey,2020-04-20T18:59:29.946Z,her stance is probably more of a culture perspective than an assholey one,0.6,0,0.0,5,her stance is probably more of a culture perspective than an asshole-y one.,13,73,1,0,0,0,0,0,0,0,0,0,0,0,0,0,0,0,0,0,0,0,0,0,0,0,0,0,0,0,0,0,0,0,0,0,0,0,0,0,0,0,0,0,0,0,0,0,0,0,0,0,0,0,0,0,0,0,0,0,1.0,0.0,1,0.0,0,0.5,0.5,13,-0.22154604120910146,-0.15270753925692965,0,-0.20739033894608508,-0.15075567228888181,0.6447999999999999,easy
1,0,2,5e84cc3c50f6e364321d6265,likelyRabbit,2020-04-20T18:59:35.400Z,i havent personally gone for my masters but i have gone to college  thats a ton of work shes doing,0.6,0,0.0,5,i haven't personally gone for my masters but i have gone to college.  that's a ton of work she's doing.,20,98,1,0,0,0,0,0,0,0,0,0,0,0,0,0,0,0,0,0,0,0,0,0,0,0,0,0,0,0,0,0,0,0,0,0,0,0,0,0,0,0,0,0,0,0,0,0,0,0,0,0,0,0,0,0,0,0,0,0,0.9,0.0,2,0.0,0,0.3,0.0,20,0.3706971161963313,0.4973313102827035,0,-0.20739033894608508,-0.15075567228888181,0.992,easy
1,0,2,5e7e4f4c31f4e454e196c9c4,newLion,2020-04-20T18:59:40.967Z,the have google translator on phones,0.6,0,0.0,5,the have google translator on phones,6,36,1,0,0,0,0,0,0,0,0,0,0,0,0,0,0,0,0,0,0,0,0,0,0,0,0,0,0,0,0,0,0,0,0,0,0,0,0,0,0,0,0,0,0,0,0,0,0,0,0,0,0,0,0,0,0,0,0,0,1.0,0.0,1,0.0,0,0.0,0.0,6,-0.8137891986145341,-0.8027463887965628,0,-0.20739033894608508,-0.15075567228888181,0.2976,easy
1,0,2,5d482ea421c9be351f762255,newPanda,2020-04-20T18:59:47.848Z,we are only hearing her side of it too i agree newlion  the mil could find other people to translate,0.6,0,0.0,5,we are only hearing her side of it too. i agree newlion  the mil could find other people to translate.,20,100,1,0,0,0,0,0,0,0,0,0,0,0,0,0,0,0,0,0,0,0,0,0,0,0,0,0,0,0,0,0,0,0,0,0,0,0,0,0,0,0,0,0,0,0,0,0,0,0,0,0,0,0,0,0,0,0,0,0,1.0,0.0,1,0.0,0,0.6875,-0.0625,20,0.3706971161963313,0.4973313102827035,0,-0.20739033894608508,-0.15075567228888181,0.992,easy
1,0,2,5e31d6e4e31c5304c46f1413,littleCow,2020-04-20T19:00:01.357Z,i feel there is also some cultural things that need to be taken into account there maybe a difference between hers and her husbands but i dont think that makes her an asshole,0.6,0,0.0,5,"i feel there is also some cultural things that need to be taken into account. there maybe a difference between hers and her husband's, but i don't think that makes her an asshole.",33,174,1,0,0,0,0,0,0,0,0,0,0,0,0,0,0,0,0,0,0,0,0,0,0,0,0,0,0,0,0,0,0,0,0,0,0,0,0,0,0,0,0,0,0,0,0,0,0,0,0,0,0,0,0,0,0,0,0,0,0.8787878787878788,0.0,3,0.03278688524590164,0,0.1,0.1,33,1.4705772656635636,1.7045463165705934,0,-0.20739033894608508,-0.15075567228888181,1.6368,easy
1,0,2,5e7e4f4c31f4e454e196c9c4,newLion,2020-04-20T19:00:11.560Z,i say nice asshole,0.6,0,0.0,5,i say nice asshole,4,18,1,0,0,0,0,0,0,0,0,0,0,0,0,0,0,0,0,0,0,0,0,0,0,0,0,0,0,0,0,0,0,0,0,0,0,0,0,0,0,0,0,0,0,0,0,0,0,0,0,0,0,0,0,0,0,0,0,0,1.0,0.0,0,0.05087620124364048,0,1.0,0.6,4,-0.9830015293018006,-0.9884717743793151,0,-0.20739033894608508,-0.15075567228888181,0.1984,easy
1,0,2,5d6feec65f80ae21f5c5f054,conventionalMonkey,2020-04-20T19:00:11.565Z,i think she should ask her husband when and if hes available to translate beforehand,0.6,0,0.0,5,i think she should ask her husband when and if he's available to translate beforehand.,15,84,1,0,0,0,0,0,0,0,0,0,0,0,0,0,0,0,0,0,0,0,0,0,0,0,0,0,0,0,0,0,0,0,0,0,0,0,0,0,0,0,0,0,0,0,0,0,0,0,0,0,0,0,0,0,0,0,0,0,1.0,0.0,0,0.01639344262295082,0,0.4,0.4,15,-0.05233371052183496,0.033017846325822685,0,-0.20739033894608508,-0.15075567228888181,0.744,easy
1,0,2,5e8b6dd0b35db8283c501b7a,likelyGorilla,2020-04-20T19:00:30.041Z,she should expect to do more herself than expecting her husband to help every time once in a while if the husband can be of help then its great but cant be expected to help all the time when she just passes on,0.6,0,0.0,5,"she should expect to do more herself than expecting her husband to help every time. once in a while, if the husband can be of help, then it's great. but can't be expected to help all the time, when she ""just passes on""",43,209,1,0,0,0,0,0,0,0,0,0,0,0,0,0,0,0,0,0,0,0,0,0,0,0,0,0,0,0,0,0,0,0,0,0,0,0,0,0,0,0,0,0,0,0,0,0,0,0,0,0,0,0,0,0,0,0,0,0,0.7906976744186046,0.0,9,0.14285714285714285,0,0.5499999999999999,0.39999999999999997,43,2.316638919099896,2.633173244484355,0,-0.20739033894608508,-0.15075567228888181,2.1328,easy
1,0,2,5e84cc3c50f6e364321d6265,likelyRabbit,2020-04-20T19:00:32.376Z,newlion great point  maybe they can educate her mom,0.6,0,0.0,5,newlion great point.  maybe they can educate her mom.,9,51,1,0,0,0,0,0,0,0,0,0,0,0,0,0,0,0,0,0,0,0,0,0,0,0,0,0,0,0,0,0,0,0,0,0,0,0,0,0,0,0,0,0,0,0,0,0,0,0,0,0,0,0,0,0,0,0,0,0,1.0,0.0,2,0.3333333333333333,0,0.75,0.8,9,-0.5599707025836345,-0.5241583104224343,0,-0.20739033894608508,-0.15075567228888181,0.44639999999999996,easy
1,0,2,5d6feec65f80ae21f5c5f054,conventionalMonkey,2020-04-20T19:00:40.756Z,just having mom call out of the blue is unacceptable to me,0.6,0,0.0,5,just having mom call out of the blue is unacceptable to me.,12,58,1,0,0,0,0,0,0,0,0,0,0,0,0,0,0,0,0,0,0,0,0,0,0,0,0,0,0,0,0,0,0,0,0,0,0,0,0,0,0,0,0,0,0,0,0,0,0,0,0,0,0,0,0,0,0,0,0,0,1.0,0.0,0,0.5,0,0.1,0.0,12,-0.3061522065527347,-0.2455702320483058,0,-0.20739033894608508,-0.15075567228888181,5.547533333333333,medium
1,0,2,5e7e4f4c31f4e454e196c9c4,newLion,2020-04-20T19:00:55.905Z,but the mother quit going through the daughter and started calling him directly,0.6,0,0.0,5,but the mother quit going through the daughter and started calling him directly.,13,79,1,0,0,0,0,0,0,0,0,0,0,0,0,0,0,0,0,0,0,0,0,0,0,0,0,0,0,0,0,0,0,0,0,0,0,0,0,0,0,0,0,0,0,0,0,0,0,0,0,0,0,0,0,0,0,0,0,0,0.9230769230769231,0.0,2,0.0,0,0.4,0.1,13,-0.22154604120910146,-0.15270753925692965,0,-0.20739033894608508,-0.15075567228888181,0.6447999999999999,easy
1,0,2,5d6feec65f80ae21f5c5f054,conventionalMonkey,2020-04-20T19:01:21.636Z,i have considered both sides while i dont dislike this person i think her expectations of her husband are somewhat assholey,0.6,0,0.0,5,"i have considered both sides. while i don't dislike this person, i think her expectations of her husband are somewhat asshole-y.",21,123,1,0,0,0,0,0,0,0,0,0,0,0,0,0,0,0,0,0,0,0,0,0,0,0,0,0,0,0,0,0,0,0,0,0,0,0,0,0,0,0,0,0,0,0,0,0,0,0,0,0,0,0,0,0,0,0,0,0,0.8571428571428571,0.0,0,0.0,0,0.0,0.0,21,0.4553032815399645,0.5901940030740797,0,-0.20739033894608508,-0.15075567228888181,1.793504761904762,easy
1,0,2,5e7e4f4c31f4e454e196c9c4,newLion,2020-04-20T19:01:40.801Z,i say asshole,0.6,0,0.0,5,i say asshole,3,13,1,0,0,0,0,0,0,0,0,0,0,0,0,0,0,0,0,0,0,0,0,0,0,0,0,0,0,0,0,0,0,0,0,0,0,0,0,0,0,0,0,0,0,0,0,0,0,0,0,0,0,0,0,0,0,0,0,0,1.0,0.0,0,0.01639344262295082,0,0.0,0.0,3,-1.0676076946454338,-1.0813344671706913,0,-0.20739033894608508,-0.15075567228888181,0.1488,easy
1,0,2,5d6feec65f80ae21f5c5f054,conventionalMonkey,2020-04-20T19:01:45.458Z,i think the daughter made the mother think it was okay to just call directly,0.6,0,0.0,5,i think the daughter made the mother think it was okay to just call directly.,15,76,1,0,0,0,0,0,0,0,0,0,0,0,0,0,0,0,0,0,0,0,0,0,0,0,0,0,0,0,0,0,0,0,0,0,0,0,0,0,0,0,0,0,0,0,0,0,0,0,0,0,0,0,0,0,0,0,0,0,0.8666666666666667,0.0,0,0.01639344262295082,0,0.45,0.3,15,-0.05233371052183496,0.033017846325822685,0,-0.20739033894608508,-0.15075567228888181,0.744,easy
1,0,2,5e84cc3c50f6e364321d6265,likelyRabbit,2020-04-20T19:01:54.179Z,i still say not an asshole  shes very busy,0.6,0,0.0,5,i still say not an asshole.  she's very busy.,9,42,1,0,0,0,0,0,0,0,0,0,0,0,0,0,0,0,0,0,0,0,0,0,0,0,0,0,0,0,0,0,0,0,0,0,0,0,0,0,0,0,0,0,0,0,0,0,0,0,0,0,0,0,0,0,0,0,0,0,1.0,0.0,0,0.01639344262295082,0,0.39,0.13,9,-0.5599707025836345,-0.5241583104224343,0,-0.20739033894608508,-0.15075567228888181,0.44639999999999996,easy
1,0,2,5d6feec65f80ae21f5c5f054,conventionalMonkey,2020-04-20T19:02:01.093Z,shes so busy she wanted to stop being the middleman,0.6,0,0.0,5,"she's so busy, she wanted to stop being the middleman.",10,51,1,0,0,0,0,0,0,0,0,0,0,0,0,0,0,0,0,0,0,0,0,0,0,0,0,0,0,0,0,0,0,0,0,0,0,0,0,0,0,0,0,0,0,0,0,0,0,0,0,0,0,0,0,0,0,0,0,0,1.0,0.0,1,0.16666666666666666,0,0.3,0.1,10,-0.47536453724000116,-0.43129561763105817,0,-0.20739033894608508,-0.15075567228888181,0.496,easy
1,0,2,5d482ea421c9be351f762255,newPanda,2020-04-20T19:02:18.356Z,i understand wanting to help her parents but i think there is also an issue with this woman using her husband she is an asshole,0.6,0,0.0,5,i understand wanting to help her parents but i think there is also an issue with this woman using her husband. she is an asshole.,25,127,1,0,0,0,0,0,0,0,0,0,0,0,0,0,0,0,0,0,0,0,0,0,0,0,0,0,0,0,0,0,0,0,0,0,0,0,0,0,0,0,0,0,0,0,0,0,0,0,0,0,0,0,0,0,0,0,0,0,0.84,0.0,2,0.0,0,0.0,0.0,25,0.7937279429144974,0.9616447742395844,0,-0.20739033894608508,-0.15075567228888181,1.24,easy
1,0,2,5e8b6dd0b35db8283c501b7a,likelyGorilla,2020-04-20T19:02:21.314Z,every relationship has limitation in terms of expectation if the husband willingly helps thats great if not she should nicely try to approach him for helping out,0.6,0,0.0,5,"every relationship has limitation in terms of expectation. if the husband willingly helps, that's great. if not, she should nicely try to approach him for helping out",27,161,1,0,0,0,0,0,0,0,0,0,0,0,0,0,0,0,0,0,0,0,0,0,0,0,0,0,0,0,0,0,0,0,0,0,0,0,0,0,0,0,0,0,0,0,0,0,0,0,0,0,0,0,0,0,0,0,0,0,0.9629629629629629,0.0,2,0.07142857142857142,0,0.8333333333333334,0.5499999999999999,27,0.9629402736017639,1.1473701598223367,0,-0.20739033894608508,-0.15075567228888181,6.730144444444444,difficult
1,0,2,5d6feec65f80ae21f5c5f054,conventionalMonkey,2020-04-20T19:02:22.733Z,asshole with reservations from me,0.6,0,0.0,5,asshole with reservations from me.,5,33,1,0,0,0,0,0,0,0,0,0,0,0,0,0,0,0,0,0,0,0,0,0,0,0,0,0,0,0,0,0,0,0,0,0,0,0,0,0,0,0,0,0,0,0,0,0,0,0,0,0,0,0,0,0,0,0,0,0,1.0,0.0,0,0.0,0,0.0,0.0,5,-0.8983953639581674,-0.895609081587939,0,-0.20739033894608508,-0.15075567228888181,7.0425,difficult
1,0,2,5e7e4f4c31f4e454e196c9c4,newLion,2020-04-20T19:02:26.402Z,maybe she needs to take some off her plate,0.6,0,0.0,5,maybe she needs to take some off her plate,9,42,1,0,0,0,0,0,0,0,0,0,0,0,0,0,0,0,0,0,0,0,0,0,0,0,0,0,0,0,0,0,0,0,0,0,0,0,0,0,0,0,0,0,0,0,0,0,0,0,0,0,0,0,0,0,0,0,0,0,1.0,0.0,0,0.0,0,0.0,0.0,9,-0.5599707025836345,-0.5241583104224343,0,-0.20739033894608508,-0.15075567228888181,0.44639999999999996,easy
1,0,2,5e31d6e4e31c5304c46f1413,littleCow,2020-04-20T19:02:30.624Z,yeah im not convinced shes an asshole i do think the situation could be settled in a way thats more ideal to both parties but shes working full time and going through her masters which is a lot,0.6,0,0.0,5,"yeah, i'm not convinced she's an asshole. i do think the situation could be settled in a way that's more ideal to both parties, but she's working full time and going through her master's which is a lot.",38,193,1,0,0,0,0,0,0,0,0,0,0,0,0,0,0,0,0,0,0,0,0,0,0,0,0,0,0,0,0,0,0,0,0,0,0,0,0,0,0,0,0,0,0,0,0,0,0,0,0,0,0,0,0,0,0,0,0,0,0.9473684210526315,0.0,2,0.0,0,0.6833333333333332,0.5833333333333334,38,1.8936080923817298,2.1688597805274745,0,-0.20739033894608508,-0.15075567228888181,1.8848,easy
1,0,2,5d6feec65f80ae21f5c5f054,conventionalMonkey,2020-04-20T19:02:46.021Z,if only there was choice beside yay or nay,0.6,0,0.0,5,if only there was choice beside yay or nay.,9,42,1,0,0,0,0,0,0,0,0,0,0,0,0,0,0,0,0,0,0,0,0,0,0,0,0,0,0,0,0,0,0,0,0,0,0,0,0,0,0,0,0,0,0,0,0,0,0,0,0,0,0,0,0,0,0,0,0,0,1.0,0.0,0,0.0,0,1.0,0.0,9,-0.5599707025836345,-0.5241583104224343,0,-0.20739033894608508,-0.15075567228888181,0.44639999999999996,easy
1,0,2,5e84cc3c50f6e364321d6265,likelyRabbit,2020-04-20T19:02:48.819Z,i agree littlecow,0.6,0,0.0,5,i agree littlecow,3,17,1,0,0,0,0,0,0,0,0,0,0,0,0,0,0,0,0,0,0,0,0,0,0,0,0,0,0,0,0,0,0,0,0,0,0,0,0,0,0,0,0,0,0,0,0,0,0,0,0,0,0,0,0,0,0,0,0,0,1.0,0.0,0,0.0,0,0.0,0.0,3,-1.0676076946454338,-1.0813344671706913,0,-0.20739033894608508,-0.15075567228888181,0.1488,easy
1,0,2,5e7e4f4c31f4e454e196c9c4,newLion,2020-04-20T19:02:55.111Z,i say asshole under stress,0.6,0,0.0,5,i say asshole under stress,5,26,1,0,0,0,0,0,0,0,0,0,0,0,0,0,0,0,0,0,0,0,0,0,0,0,0,0,0,0,0,0,0,0,0,0,0,0,0,0,0,0,0,0,0,0,0,0,0,0,0,0,0,0,0,0,0,0,0,0,1.0,0.0,0,0.01639344262295082,0,0.0,0.0,5,-0.8983953639581674,-0.895609081587939,0,-0.20739033894608508,-0.15075567228888181,0.248,easy
1,0,2,5d6feec65f80ae21f5c5f054,conventionalMonkey,2020-04-20T19:03:21.819Z,yes she is the asshole unfortunately husband has stuff to do too and is entitled to not want to translate at her mothers whim,0.6,0,0.0,5,"yes, she is the asshole... unfortunately. husband has stuff to do too and is entitled to not want to translate at her mother's whim.",24,125,1,0,0,0,0,0,0,0,0,0,0,0,0,0,0,0,0,0,0,0,0,0,0,0,0,0,0,0,0,0,0,0,0,0,0,0,0,0,0,0,0,0,0,0,0,0,0,0,0,0,0,0,0,0,0,0,0,0,0.875,0.0,0,0.034482758620689655,0,1.0,-0.5,24,0.7091217775708643,0.8687820814482081,0,-0.20739033894608508,-0.15075567228888181,1.8483166666666664,easy
1,0,2,5d482ea421c9be351f762255,newPanda,2020-04-20T19:03:36.308Z,i think she is being presumptuous and acting like her husbands feelings dont matter ,0.6,0,0.0,5,i think she is being presumptuous and acting like her husband's feelings don't matter. ,14,84,1,0,0,0,0,0,0,0,0,0,0,0,0,0,0,0,0,0,0,0,0,0,0,0,0,0,0,0,0,0,0,0,0,0,0,0,0,0,0,0,0,0,0,0,0,0,0,0,0,0,0,0,0,0,0,0,0,0,1.0,0.0,4,0.0,0,0.0,0.0,14,-0.1369398758654682,-0.05984484646555348,0,-0.20739033894608508,-0.15075567228888181,5.458757142857143,medium
1,0,2,5e7e4f4c31f4e454e196c9c4,newLion,2020-04-20T19:03:53.219Z,thas true she inst considering her husband and his feelings,0.6,0,0.0,5,"tha's true, she ins't considering her husband and his feelings",10,59,1,0,0,0,0,0,0,0,0,0,0,0,0,0,0,0,0,0,0,0,0,0,0,0,0,0,0,0,0,0,0,0,0,0,0,0,0,0,0,0,0,0,0,0,0,0,0,0,0,0,0,0,0,0,0,0,0,0,1.0,0.0,3,0.25,0,0.65,0.35,10,-0.47536453724000116,-0.43129561763105817,0,-0.20739033894608508,-0.15075567228888181,5.7115,medium
1,0,2,5e84cc3c50f6e364321d6265,likelyRabbit,2020-04-20T19:04:02.642Z,i dont agree  not the asshole  shes too busy,0.6,0,0.0,5,i don't agree.  not the asshole.  she's too busy.,9,44,1,0,0,0,0,0,0,0,0,0,0,0,0,0,0,0,0,0,0,0,0,0,0,0,0,0,0,0,0,0,0,0,0,0,0,0,0,0,0,0,0,0,0,0,0,0,0,0,0,0,0,0,0,0,0,0,0,0,1.0,0.0,0,0.0,0,0.3,0.1,9,-0.5599707025836345,-0.5241583104224343,0,-0.20739033894608508,-0.15075567228888181,0.44639999999999996,easy
