conversation_num,treatmentName,rewardExists,punishmentCost,punishmentMagnitude,total_costs,total_penalties,total_rewards,multiplier,punishmentExists,rewardExists.1,playerCount,numRounds,message,timestamp,speaker_nickname,score,message_lower_with_punc,num_words,num_chars,num_messages,info_exchange_wordcount,info_exchange_zscore_chats,info_exchange_zscore_conversation,num_question_naive,NTRI,word_TTR,first_pronouns_proportion,function_word_accommodation,content_word_accommodation
MnarujjeewXn9m7sz,4_T,True,3.0,9.0,1419,27,4230,5.6,True,True,6,15,nan,0,NULL_SPEAKER,1.2586309523809525,nan,1,3,1,1,-0.8889374551677366,,0,0,1.0,0.0,0,0.0
u5ha44udM2BMXBZnj,1_C,True,2.0,4.0,3280,0,6560,4.6,False,True,6,35,nan,0,NULL_SPEAKER,1.1433747412008282,nan,1,3,1,1,-0.8889374551677366,,0,0,1.0,0.0,0,0.09090909090909091
gSojrSFyc4ASdFmCt,8_C,False,2.0,7.0,0,0,0,1.0,False,False,3,10,nan,0,NULL_SPEAKER,1.0033333333333334,nan,1,3,1,1,-0.8889374551677366,,0,0,1.0,0.0,0,0.09090909090909091
vEWvuFNWzMJuyGdrH,0_T,False,3.0,9.0,0,0,0,1.3,True,False,2,20,nice if we contribute all of our coins each time we will get the most payout,1677262097074,L5Sy83kBiyXoDhg6D,1.0,"nice, if we contribute all of our coins each time, we will get the most payout.",16,76,1,16,2.2574929505599024,1.0,0,0,0.9375,0.1875,0,0.0
vEWvuFNWzMJuyGdrH,0_T,False,3.0,9.0,0,0,0,1.3,True,False,2,20,sounds good,1677262112288,zn7zNZvgQjhN4Qsty,1.0,sounds good.,2,11,1,2,-0.6791754281192274,-1.0,0,0,1.0,0.0,0,0.0
CgLiTN2jqAdKetEW4,3_T,False,4.0,13.0,4,13,0,4.0,True,False,4,45,nan,0,NULL_SPEAKER,0.9967361111111112,nan,1,3,1,1,-0.8889374551677366,,0,0,1.0,0.0,0,0.0
Rvu6PirXKhM3e2QNy,9_T,True,3.0,4.0,15,20,0,6.2,True,True,7,45,lets maximize bonus by adding 20 each round,1677262432045,hu6NsCTMTZjCaYn7W,0.9930875576036866,lets maximize bonus by adding 20 each round,8,43,1,8,0.5793967341718282,2.2137919133397594,0,0,1.0,0.125,0,0.0
Rvu6PirXKhM3e2QNy,9_T,True,3.0,4.0,15,20,0,6.2,True,True,7,45,agreed,1677262447560,6ujvPbtmpp5Rk4Yn4,0.9930875576036866,agreed,1,6,1,1,-0.8889374551677366,-0.8099238707340582,0,0,1.0,0.0,0,0.0
Rvu6PirXKhM3e2QNy,9_T,True,3.0,4.0,15,20,0,6.2,True,True,7,45,i agree,1677262355673,LiP2Tz788dPrJL9X7,0.9930875576036866,i agree.,2,7,1,1,-0.8889374551677366,-0.8099238707340582,0,0,1.0,0.5,0,0.0
Rvu6PirXKhM3e2QNy,9_T,True,3.0,4.0,15,20,0,6.2,True,True,7,45,agree,1677262456043,33AmrszcNBofe6kQK,0.9930875576036866,agree,1,5,1,1,-0.8889374551677366,-0.8099238707340582,0,0,1.0,0.0,0,0.3333333333333333
Rvu6PirXKhM3e2QNy,9_T,True,3.0,4.0,15,20,0,6.2,True,True,7,45,im 20 all day,1677262468089,hu6NsCTMTZjCaYn7W,0.9930875576036866,im 20 all day,4,13,1,4,-0.2596513740222088,0.48595432244043496,0,0,1.0,0.0,0,0.0
Rvu6PirXKhM3e2QNy,9_T,True,3.0,4.0,15,20,0,6.2,True,True,7,45,come on moose,1677262475200,hu6NsCTMTZjCaYn7W,0.9930875576036866,come on moose,3,13,1,3,-0.46941340107071805,0.05399492471560388,0,0,1.0,0.0,0,0.0
Rvu6PirXKhM3e2QNy,9_T,True,3.0,4.0,15,20,0,6.2,True,True,7,45,thank you very much,1677262612240,hu6NsCTMTZjCaYn7W,0.9930875576036866,thank you very much,4,19,1,4,-0.2596513740222088,0.48595432244043496,0,0,1.0,0.0,0,0.0
Rvu6PirXKhM3e2QNy,9_T,True,3.0,4.0,15,20,0,6.2,True,True,7,45,sorry,1677262886144,33AmrszcNBofe6kQK,0.9930875576036866,sorry,1,5,1,1,-0.8889374551677366,-0.8099238707340582,0,1,1.0,0.0,0,0.0
ufttuN8GvJi76BD9G,5_C,False,1.0,2.0,0,0,0,2.4,False,False,10,40,hey hey,1677262156018,bNSP6hWcwcFADoWmP,0.9626041666666668,hey hey,2,7,1,2,-0.6791754281192274,-0.657165705455217,0,0,0.5,0.0,0,0.0
ufttuN8GvJi76BD9G,5_C,False,1.0,2.0,0,0,0,2.4,False,False,10,40,yo,1677262158730,YWAy95YfuHXsKtQzf,0.9626041666666668,yo,1,2,1,1,-0.8889374551677366,-0.8901462122791938,0,0,1.0,0.0,0,0.0
ufttuN8GvJi76BD9G,5_C,False,1.0,2.0,0,0,0,2.4,False,False,10,40,hey gang,1677262160086,DXnnTAjxLe6pEwPsA,0.9626041666666668,hey gang,2,8,1,2,-0.6791754281192274,-0.657165705455217,0,0,1.0,0.0,0,0.0
ufttuN8GvJi76BD9G,5_C,False,1.0,2.0,0,0,0,2.4,False,False,10,40,hi,1677262165918,GpbjDzxJS2opK8F8r,0.9626041666666668,hi,1,2,1,1,-0.8889374551677366,-0.8901462122791938,0,0,1.0,0.0,0,0.0
ufttuN8GvJi76BD9G,5_C,False,1.0,2.0,0,0,0,2.4,False,False,10,40,hi,1677262169954,zs4ePmS88BJhQ2MKH,0.9626041666666668,hi,1,2,1,1,-0.8889374551677366,-0.8901462122791938,0,0,1.0,0.0,1,0.0
ufttuN8GvJi76BD9G,5_C,False,1.0,2.0,0,0,0,2.4,False,False,10,40,hi,1677262164636,xnMSaWX3DHBEwTFEx,0.9626041666666668,hi,1,2,1,1,-0.8889374551677366,-0.8901462122791938,0,0,1.0,0.0,1,0.0
ufttuN8GvJi76BD9G,5_C,False,1.0,2.0,0,0,0,2.4,False,False,10,40,hey,1677262176743,wjwKAzezsvKEKzoZC,0.9626041666666668,hey,1,3,1,1,-0.8889374551677366,-0.8901462122791938,0,0,1.0,0.0,0,0.0
ufttuN8GvJi76BD9G,5_C,False,1.0,2.0,0,0,0,2.4,False,False,10,40,lets all submit max so we get the max payout,1677262187832,wjwKAzezsvKEKzoZC,0.9626041666666668,lets all submit max so we get the max payout,10,44,1,10,0.9989207882688468,1.2066783491365964,0,0,0.9,0.2,0,0.0
ufttuN8GvJi76BD9G,5_C,False,1.0,2.0,0,0,0,2.4,False,False,10,40,if everybodys generous we all get paid more no reason not to go all in d,1677262197051,DXnnTAjxLe6pEwPsA,0.9626041666666668,"if everybody's generous, we all get paid more, no reason not to go all in :d",16,72,1,16,2.2574929505599024,2.6045613900804567,0,0,0.9375,0.0625,4,0.0
ufttuN8GvJi76BD9G,5_C,False,1.0,2.0,0,0,0,2.4,False,False,10,40,exactly,1677262204077,bNSP6hWcwcFADoWmP,0.9626041666666668,exactly,1,7,1,1,-0.8889374551677366,-0.8901462122791938,0,0,1.0,0.0,0,0.0
ufttuN8GvJi76BD9G,5_C,False,1.0,2.0,0,0,0,2.4,False,False,10,40,so do 20 lol,1677262212369,bNSP6hWcwcFADoWmP,0.9626041666666668,so do 20 lol,4,12,1,4,-0.2596513740222088,-0.19120469180726365,0,0,1.0,0.0,0,0.0
ufttuN8GvJi76BD9G,5_C,False,1.0,2.0,0,0,0,2.4,False,False,10,40,im going all in the first few rounds if everyone follows it will be great,1677262214235,YWAy95YfuHXsKtQzf,0.9626041666666668,im going all in the first few rounds if everyone follows it will be great,15,73,1,15,2.047730923511393,2.37158088325648,0,0,1.0,0.0,0,0.0
ufttuN8GvJi76BD9G,5_C,False,1.0,2.0,0,0,0,2.4,False,False,10,40,me too,1677262213881,wjwKAzezsvKEKzoZC,0.9626041666666668,me too,2,6,1,1,-0.8889374551677366,-0.8901462122791938,0,0,1.0,0.5,0,0.0
ufttuN8GvJi76BD9G,5_C,False,1.0,2.0,0,0,0,2.4,False,False,10,40,i will do 20 this round and see if others do as well,1677262222200,zs4ePmS88BJhQ2MKH,0.9626041666666668,i will do 20 this round and see if others do as well,13,52,1,12,1.4184448423658653,1.67263936278455,0,0,0.9230769230769231,0.07692307692307693,0,0.0
ufttuN8GvJi76BD9G,5_C,False,1.0,2.0,0,0,0,2.4,False,False,10,40,or i guess next round,1677262239605,zs4ePmS88BJhQ2MKH,0.9626041666666668,or i guess next round,5,21,1,4,-0.2596513740222088,-0.19120469180726365,0,0,1.0,0.2,1,0.06666666666666667
ufttuN8GvJi76BD9G,5_C,False,1.0,2.0,0,0,0,2.4,False,False,10,40,putting in 20,1677262252379,YWAy95YfuHXsKtQzf,0.9626041666666668,putting in 20,3,13,1,3,-0.46941340107071805,-0.4241851986312404,0,0,1.0,0.0,0,0.0
ufttuN8GvJi76BD9G,5_C,False,1.0,2.0,0,0,0,2.4,False,False,10,40,could always establish an agreement if someone gets greedy to where we decrease what we all give,1677262262670,bNSP6hWcwcFADoWmP,0.9626041666666668,could always establish an agreement if someone gets greedy to where we decrease what we all give,17,96,1,17,2.4672549776084116,2.8375418969044333,0,0,0.9411764705882353,0.11764705882352941,0,0.0
ufttuN8GvJi76BD9G,5_C,False,1.0,2.0,0,0,0,2.4,False,False,10,40,20,1677262261651,qYy9r8RHZprsHtqrz,0.9626041666666668,20,1,2,1,1,-0.8889374551677366,-0.8901462122791938,0,0,1.0,0.0,0,0.0
ufttuN8GvJi76BD9G,5_C,False,1.0,2.0,0,0,0,2.4,False,False,10,40,lol and 6 zeros,1677262276485,bNSP6hWcwcFADoWmP,0.9626041666666668,lol and 6 zeros,4,15,1,4,-0.2596513740222088,-0.19120469180726365,0,0,1.0,0.0,0,0.0
ufttuN8GvJi76BD9G,5_C,False,1.0,2.0,0,0,0,2.4,False,False,10,40,greedy animals,1677262275667,wjwKAzezsvKEKzoZC,0.9626041666666668,greedy animals!,2,14,1,2,-0.6791754281192274,-0.657165705455217,0,0,1.0,0.0,0,0.0
ufttuN8GvJi76BD9G,5_C,False,1.0,2.0,0,0,0,2.4,False,False,10,40,come on guys were gonna give less at that rate,1677262285702,bNSP6hWcwcFADoWmP,0.9626041666666668,"come on guys, we're gonna give less at that rate",10,46,1,10,0.9989207882688468,1.2066783491365964,0,0,1.0,0.0,0,0.0
ufttuN8GvJi76BD9G,5_C,False,1.0,2.0,0,0,0,2.4,False,False,10,40,well thats it boys,1677262286508,YWAy95YfuHXsKtQzf,0.9626041666666668,well thats it boys,4,18,1,4,-0.2596513740222088,-0.19120469180726365,0,0,1.0,0.0,0,0.0
ufttuN8GvJi76BD9G,5_C,False,1.0,2.0,0,0,0,2.4,False,False,10,40,im done,1677262287898,YWAy95YfuHXsKtQzf,0.9626041666666668,im done,2,7,1,2,-0.6791754281192274,-0.657165705455217,0,0,1.0,0.0,0,0.0
ufttuN8GvJi76BD9G,5_C,False,1.0,2.0,0,0,0,2.4,False,False,10,40,and then youre just hurting yourself and everyone else,1677262292731,bNSP6hWcwcFADoWmP,0.9626041666666668,and then you're just hurting yourself and everyone else,9,54,1,9,0.7891587612203375,0.9736978423126198,0,0,0.8888888888888888,0.0,0,0.0
ufttuN8GvJi76BD9G,5_C,False,1.0,2.0,0,0,0,2.4,False,False,10,40,no money here on out,1677262292794,YWAy95YfuHXsKtQzf,0.9626041666666668,no money here on out,5,20,1,5,-0.049889346973699546,0.04177581501671304,0,0,1.0,0.0,0,0.0
ufttuN8GvJi76BD9G,5_C,False,1.0,2.0,0,0,0,2.4,False,False,10,40,me too,1677262288120,wjwKAzezsvKEKzoZC,0.9626041666666668,me too,2,6,1,1,-0.8889374551677366,-0.8901462122791938,0,0,1.0,0.5,0,0.0
ufttuN8GvJi76BD9G,5_C,False,1.0,2.0,0,0,0,2.4,False,False,10,40,same,1677262300594,zs4ePmS88BJhQ2MKH,0.9626041666666668,same,1,4,1,1,-0.8889374551677366,-0.8901462122791938,0,0,1.0,0.0,0,0.0
ufttuN8GvJi76BD9G,5_C,False,1.0,2.0,0,0,0,2.4,False,False,10,40,still beneficial to donate 20 until we get less than 20 in return,1677262309686,qYy9r8RHZprsHtqrz,0.9626041666666668,still beneficial to donate 20 until we get less than 20 in return,13,65,1,13,1.6282068694143745,1.9056198696085267,0,0,0.9230769230769231,0.07692307692307693,0,0.0
ufttuN8GvJi76BD9G,5_C,False,1.0,2.0,0,0,0,2.4,False,False,10,40,cant believe some dont understand the concept of all of us going all in,1677262327632,wjwKAzezsvKEKzoZC,0.9626041666666668,can't believe some don't understand the concept of all of us going all in,14,71,1,14,1.837968896462884,2.1386003764325032,0,0,0.8571428571428571,0.0,1,0.0
ufttuN8GvJi76BD9G,5_C,False,1.0,2.0,0,0,0,2.4,False,False,10,40,i didnt actually have the option right now to put in any,1677262346027,zs4ePmS88BJhQ2MKH,0.9626041666666668,i didn't actually have the option right now to put in any,12,56,1,11,1.208682815317356,1.4396588559605732,0,0,1.0,0.08333333333333333,2,0.0
ufttuN8GvJi76BD9G,5_C,False,1.0,2.0,0,0,0,2.4,False,False,10,40,if we stop contributing they wont earn anything maybe theyll learn the lesson,1677262351529,DXnnTAjxLe6pEwPsA,0.9626041666666668,"if we stop contributing they won't earn anything, maybe they'll learn the lesson",13,77,1,13,1.6282068694143745,1.9056198696085267,0,0,1.0,0.07692307692307693,1,0.0
ufttuN8GvJi76BD9G,5_C,False,1.0,2.0,0,0,0,2.4,False,False,10,40,i put in 20,1677262360532,ur2LEhyK8LP5xq7C4,0.9626041666666668,i put in 20,4,11,1,3,-0.46941340107071805,-0.4241851986312404,0,0,1.0,0.25,0,0.0
ufttuN8GvJi76BD9G,5_C,False,1.0,2.0,0,0,0,2.4,False,False,10,40,showed you put 0,1677262369598,bNSP6hWcwcFADoWmP,0.9626041666666668,showed you put 0,4,16,1,4,-0.2596513740222088,-0.19120469180726365,0,0,1.0,0.0,0,0.08333333333333333
ufttuN8GvJi76BD9G,5_C,False,1.0,2.0,0,0,0,2.4,False,False,10,40,20,1677262370571,qYy9r8RHZprsHtqrz,0.9626041666666668,20,1,2,1,1,-0.8889374551677366,-0.8901462122791938,0,0,1.0,0.0,0,0.0
ufttuN8GvJi76BD9G,5_C,False,1.0,2.0,0,0,0,2.4,False,False,10,40,i put in 20 this time,1677262383196,zs4ePmS88BJhQ2MKH,0.9626041666666668,i put in 20 this time,6,21,1,5,-0.049889346973699546,0.04177581501671304,0,0,1.0,0.16666666666666666,0,0.0196078431372549
ufttuN8GvJi76BD9G,5_C,False,1.0,2.0,0,0,0,2.4,False,False,10,40,ill do 20 in agian final time tho,1677262377790,wjwKAzezsvKEKzoZC,0.9626041666666668,ill do 20 in agian final time tho,8,33,1,8,0.5793967341718282,0.7407173354886432,0,0,1.0,0.0,1,0.11051693404634581
ufttuN8GvJi76BD9G,5_C,False,1.0,2.0,0,0,0,2.4,False,False,10,40,really,1677262385699,ur2LEhyK8LP5xq7C4,0.9626041666666668,really?,1,6,1,1,-0.8889374551677366,-0.8901462122791938,1,0,1.0,0.0,0,0.0
ufttuN8GvJi76BD9G,5_C,False,1.0,2.0,0,0,0,2.4,False,False,10,40,ill do 20 but next round if we have 0s im lowering to 10 and then if still 0s then ill do 5,1677262389717,bNSP6hWcwcFADoWmP,0.9626041666666668,"i'll do 20 but next round if we have 0s, i'm lowering to 10 and then if still 0s, then i'll do 5",23,91,1,23,3.7258271398994673,4.235424937848293,0,0,0.782608695652174,0.043478260869565216,0,0.0
ufttuN8GvJi76BD9G,5_C,False,1.0,2.0,0,0,0,2.4,False,False,10,40,i did 20 the first two rounds im staying 0 unless a majority of the group starts contributing,1677262396125,DXnnTAjxLe6pEwPsA,0.9626041666666668,"i did 20 the first two rounds, i'm staying 0 unless a majority of the group starts contributing",18,93,1,17,2.4672549776084116,2.8375418969044333,0,0,0.9444444444444444,0.05555555555555555,1,0.0196078431372549
ufttuN8GvJi76BD9G,5_C,False,1.0,2.0,0,0,0,2.4,False,False,10,40,for real last time im doing 20,1677262396875,YWAy95YfuHXsKtQzf,0.9626041666666668,for real last time im doing 20,7,30,1,7,0.369634707123319,0.5077368286646664,0,0,1.0,0.0,1,0.0196078431372549
ufttuN8GvJi76BD9G,5_C,False,1.0,2.0,0,0,0,2.4,False,False,10,40,anything after that 0 until the normal 0s start giving,1677262398196,bNSP6hWcwcFADoWmP,0.9626041666666668,"anything after that, 0 until the normal 0s start giving",10,54,1,10,0.9989207882688468,1.2066783491365964,0,0,1.0,0.0,0,0.0
ufttuN8GvJi76BD9G,5_C,False,1.0,2.0,0,0,0,2.4,False,False,10,40,39 isnt enough,1677262399016,DXnnTAjxLe6pEwPsA,0.9626041666666668,3/9 isn't enough,3,14,1,3,-0.46941340107071805,-0.4241851986312404,0,0,1.0,0.0,0,0.0
ufttuN8GvJi76BD9G,5_C,False,1.0,2.0,0,0,0,2.4,False,False,10,40,hey much better,1677262413756,DXnnTAjxLe6pEwPsA,0.9626041666666668,hey much better,3,15,1,3,-0.46941340107071805,-0.4241851986312404,0,0,1.0,0.0,0,0.0
ufttuN8GvJi76BD9G,5_C,False,1.0,2.0,0,0,0,2.4,False,False,10,40,make sure the coins go down into the bowl,1677262415324,xnMSaWX3DHBEwTFEx,0.9626041666666668,"make sure the coins go down, into the bowl.",9,41,1,9,0.7891587612203375,0.9736978423126198,0,0,0.8888888888888888,0.0,0,0.0
ufttuN8GvJi76BD9G,5_C,False,1.0,2.0,0,0,0,2.4,False,False,10,40,agreement to all lower until the 5 start giving,1677262438592,bNSP6hWcwcFADoWmP,0.9626041666666668,agreement to all lower until the 5 start giving?,9,47,1,9,0.7891587612203375,0.9736978423126198,1,0,1.0,0.0,1,0.0
ufttuN8GvJi76BD9G,5_C,False,1.0,2.0,0,0,0,2.4,False,False,10,40,lower to 10,1677262441611,wjwKAzezsvKEKzoZC,0.9626041666666668,lower to 10?,3,11,1,3,-0.46941340107071805,-0.4241851986312404,1,0,1.0,0.0,1,0.25
ufttuN8GvJi76BD9G,5_C,False,1.0,2.0,0,0,0,2.4,False,False,10,40,yup lower to 10,1677262458756,bNSP6hWcwcFADoWmP,0.9626041666666668,yup lower to 10,4,15,1,4,-0.2596513740222088,-0.19120469180726365,0,0,1.0,0.0,1,0.34090909090909094
ufttuN8GvJi76BD9G,5_C,False,1.0,2.0,0,0,0,2.4,False,False,10,40,okay 10,1677262463995,YWAy95YfuHXsKtQzf,0.9626041666666668,okay 10,2,7,1,2,-0.6791754281192274,-0.657165705455217,0,0,1.0,0.0,0,0.09090909090909091
ufttuN8GvJi76BD9G,5_C,False,1.0,2.0,0,0,0,2.4,False,False,10,40,you 5 are literally screwing all of us and yourself,1677262469435,bNSP6hWcwcFADoWmP,0.9626041666666668,you 5 are literally screwing all of us and yourself,10,51,1,10,0.9989207882688468,1.2066783491365964,0,0,1.0,0.0,0,0.0
ufttuN8GvJi76BD9G,5_C,False,1.0,2.0,0,0,0,2.4,False,False,10,40,yeah i cant put any in again like no where to do that right now,1677262470957,zs4ePmS88BJhQ2MKH,0.9626041666666668,yeah i can't put any in again. like no where to do that right now,15,63,1,14,1.837968896462884,2.1386003764325032,0,0,1.0,0.06666666666666667,0,0.0
ufttuN8GvJi76BD9G,5_C,False,1.0,2.0,0,0,0,2.4,False,False,10,40,its not time for that,1677262477156,DXnnTAjxLe6pEwPsA,0.9626041666666668,it's not time for that,5,21,1,5,-0.049889346973699546,0.04177581501671304,0,0,1.0,0.0,1,0.0
ufttuN8GvJi76BD9G,5_C,False,1.0,2.0,0,0,0,2.4,False,False,10,40,this is a convo round,1677262484165,bNSP6hWcwcFADoWmP,0.9626041666666668,this is a convo round,5,21,1,5,-0.049889346973699546,0.04177581501671304,0,0,1.0,0.0,0,0.0
ufttuN8GvJi76BD9G,5_C,False,1.0,2.0,0,0,0,2.4,False,False,10,40,next round is money,1677262486321,bNSP6hWcwcFADoWmP,0.9626041666666668,next round is money,4,19,1,4,-0.2596513740222088,-0.19120469180726365,0,0,1.0,0.0,1,0.06666666666666667
ufttuN8GvJi76BD9G,5_C,False,1.0,2.0,0,0,0,2.4,False,False,10,40,all 10s now for everyone,1677262495086,bNSP6hWcwcFADoWmP,0.9626041666666668,all 10s now for everyone,5,24,1,5,-0.049889346973699546,0.04177581501671304,0,0,1.0,0.0,0,0.0
ufttuN8GvJi76BD9G,5_C,False,1.0,2.0,0,0,0,2.4,False,False,10,40, got it,1677262496479,zs4ePmS88BJhQ2MKH,0.9626041666666668,<---- got it,2,7,1,2,-0.6791754281192274,-0.657165705455217,0,0,1.0,0.0,0,0.0
ufttuN8GvJi76BD9G,5_C,False,1.0,2.0,0,0,0,2.4,False,False,10,40,10,1677262503748,bNSP6hWcwcFADoWmP,0.9626041666666668,10,1,2,1,1,-0.8889374551677366,-0.8901462122791938,0,0,1.0,0.0,0,0.0
ufttuN8GvJi76BD9G,5_C,False,1.0,2.0,0,0,0,2.4,False,False,10,40,10,1677262511722,YWAy95YfuHXsKtQzf,0.9626041666666668,10,1,2,1,1,-0.8889374551677366,-0.8901462122791938,0,0,1.0,0.0,0,0.09090909090909091
ufttuN8GvJi76BD9G,5_C,False,1.0,2.0,0,0,0,2.4,False,False,10,40,10,1677262506084,wjwKAzezsvKEKzoZC,0.9626041666666668,10,1,2,1,1,-0.8889374551677366,-0.8901462122791938,0,0,1.0,0.0,0,0.09090909090909091
ufttuN8GvJi76BD9G,5_C,False,1.0,2.0,0,0,0,2.4,False,False,10,40,much better ,1677262531082,YWAy95YfuHXsKtQzf,0.9626041666666668,much better !,2,12,1,2,-0.6791754281192274,-0.657165705455217,0,0,1.0,0.0,0,0.0
ufttuN8GvJi76BD9G,5_C,False,1.0,2.0,0,0,0,2.4,False,False,10,40,lol,1677262524687,wjwKAzezsvKEKzoZC,0.9626041666666668,lol,1,3,1,1,-0.8889374551677366,-0.8901462122791938,0,0,1.0,0.0,0,0.0
ufttuN8GvJi76BD9G,5_C,False,1.0,2.0,0,0,0,2.4,False,False,10,40,press the down button to give,1677262533100,xnMSaWX3DHBEwTFEx,0.9626041666666668,press the down button to give,6,29,1,6,0.1598726800748097,0.27475632184068977,0,0,1.0,0.0,0,0.0
ufttuN8GvJi76BD9G,5_C,False,1.0,2.0,0,0,0,2.4,False,False,10,40,duck didnt put any in,1677262535803,wjwKAzezsvKEKzoZC,0.9626041666666668,duck didn't put any in,5,21,1,5,-0.049889346973699546,0.04177581501671304,0,0,1.0,0.0,0,0.0
ufttuN8GvJi76BD9G,5_C,False,1.0,2.0,0,0,0,2.4,False,False,10,40,roast the duck,1677262545678,wjwKAzezsvKEKzoZC,0.9626041666666668,roast the duck!,3,14,1,3,-0.46941340107071805,-0.4241851986312404,0,0,1.0,0.0,0,0.2
ufttuN8GvJi76BD9G,5_C,False,1.0,2.0,0,0,0,2.4,False,False,10,40,we never going to get everyone,1677262554554,YWAy95YfuHXsKtQzf,0.9626041666666668,we never going to get everyone,6,30,1,6,0.1598726800748097,0.27475632184068977,0,0,1.0,0.16666666666666666,0,0.0
ufttuN8GvJi76BD9G,5_C,False,1.0,2.0,0,0,0,2.4,False,False,10,40,down goes into the pot,1677262548029,xnMSaWX3DHBEwTFEx,0.9626041666666668,down goes into the pot,5,22,1,5,-0.049889346973699546,0.04177581501671304,0,0,1.0,0.0,0,0.0
ufttuN8GvJi76BD9G,5_C,False,1.0,2.0,0,0,0,2.4,False,False,10,40,i didnt have anywhere to give,1677262556488,zs4ePmS88BJhQ2MKH,0.9626041666666668,i didn't have anywhere to give,6,29,1,5,-0.049889346973699546,0.04177581501671304,0,0,1.0,0.16666666666666666,0,0.0
ufttuN8GvJi76BD9G,5_C,False,1.0,2.0,0,0,0,2.4,False,False,10,40,press the down button,1677262557964,xnMSaWX3DHBEwTFEx,0.9626041666666668,press the down button,4,21,1,4,-0.2596513740222088,-0.19120469180726365,0,0,1.0,0.0,0,0.0
ufttuN8GvJi76BD9G,5_C,False,1.0,2.0,0,0,0,2.4,False,False,10,40,duck be like idk how to play lol,1677262566361,wjwKAzezsvKEKzoZC,0.9626041666666668,"duck be like ""idk how to play"" lol",8,32,1,8,0.5793967341718282,0.7407173354886432,0,0,1.0,0.0,0,0.0
ufttuN8GvJi76BD9G,5_C,False,1.0,2.0,0,0,0,2.4,False,False,10,40,alright so next round since that was better what do you think about uping it,1677262577539,bNSP6hWcwcFADoWmP,0.9626041666666668,"alright so next round since that was better, what do you think about uping it?",15,76,1,15,2.047730923511393,2.37158088325648,1,0,1.0,0.0,0,0.0
ufttuN8GvJi76BD9G,5_C,False,1.0,2.0,0,0,0,2.4,False,False,10,40,i dont always have a button to press,1677262580443,zs4ePmS88BJhQ2MKH,0.9626041666666668,i don't always have a button to press.,8,36,1,7,0.369634707123319,0.5077368286646664,0,0,1.0,0.125,0,0.0
ufttuN8GvJi76BD9G,5_C,False,1.0,2.0,0,0,0,2.4,False,False,10,40,15,1677262575262,wjwKAzezsvKEKzoZC,0.9626041666666668,15?,1,2,1,1,-0.8889374551677366,-0.8901462122791938,1,0,1.0,0.0,0,0.0
ufttuN8GvJi76BD9G,5_C,False,1.0,2.0,0,0,0,2.4,False,False,10,40,lets go to 15,1677262583399,DXnnTAjxLe6pEwPsA,0.9626041666666668,let's go to 15,4,13,1,4,-0.2596513740222088,-0.19120469180726365,0,0,1.0,0.25,0,0.1111111111111111
ufttuN8GvJi76BD9G,5_C,False,1.0,2.0,0,0,0,2.4,False,False,10,40,yeah 15 is what i was thinking as well,1677262589731,bNSP6hWcwcFADoWmP,0.9626041666666668,yeah 15 is what i was thinking as well,9,38,1,8,0.5793967341718282,0.7407173354886432,0,0,1.0,0.1111111111111111,0,0.1111111111111111
ufttuN8GvJi76BD9G,5_C,False,1.0,2.0,0,0,0,2.4,False,False,10,40,everyone go 20,1677262582836,xnMSaWX3DHBEwTFEx,0.9626041666666668,"everyone go 20,",3,14,1,3,-0.46941340107071805,-0.4241851986312404,0,0,1.0,0.0,0,0.0
ufttuN8GvJi76BD9G,5_C,False,1.0,2.0,0,0,0,2.4,False,False,10,40,20 or 15,1677262593135,ur2LEhyK8LP5xq7C4,0.9626041666666668,20 or 15,3,8,1,3,-0.46941340107071805,-0.4241851986312404,0,0,1.0,0.0,0,0.0196078431372549
ufttuN8GvJi76BD9G,5_C,False,1.0,2.0,0,0,0,2.4,False,False,10,40,15,1677262598529,bNSP6hWcwcFADoWmP,0.9626041666666668,15,1,2,1,1,-0.8889374551677366,-0.8901462122791938,0,0,1.0,0.0,0,0.1111111111111111
ufttuN8GvJi76BD9G,5_C,False,1.0,2.0,0,0,0,2.4,False,False,10,40,down,1677262599740,xnMSaWX3DHBEwTFEx,0.9626041666666668,down,1,4,1,1,-0.8889374551677366,-0.8901462122791938,0,0,1.0,0.0,0,0.0
ufttuN8GvJi76BD9G,5_C,False,1.0,2.0,0,0,0,2.4,False,False,10,40,15,1677262600164,wjwKAzezsvKEKzoZC,0.9626041666666668,15,1,2,1,1,-0.8889374551677366,-0.8901462122791938,0,0,1.0,0.0,0,0.0
ufttuN8GvJi76BD9G,5_C,False,1.0,2.0,0,0,0,2.4,False,False,10,40,15 for now i guess,1677262612653,YWAy95YfuHXsKtQzf,0.9626041666666668,15 for now i guess,5,18,1,4,-0.2596513740222088,-0.19120469180726365,0,0,1.0,0.2,0,0.1111111111111111
ufttuN8GvJi76BD9G,5_C,False,1.0,2.0,0,0,0,2.4,False,False,10,40,lets see if chicken can figure it out or if theyre just trolling,1677262613183,DXnnTAjxLe6pEwPsA,0.9626041666666668,let's see if chicken can figure it out or if they're just trolling,13,64,1,13,1.6282068694143745,1.9056198696085267,0,0,0.9230769230769231,0.07692307692307693,0,0.0
ufttuN8GvJi76BD9G,5_C,False,1.0,2.0,0,0,0,2.4,False,False,10,40,down arrow to give,1677262606246,xnMSaWX3DHBEwTFEx,0.9626041666666668,down arrow to give,4,18,1,4,-0.2596513740222088,-0.19120469180726365,0,0,1.0,0.0,0,0.0
ufttuN8GvJi76BD9G,5_C,False,1.0,2.0,0,0,0,2.4,False,False,10,40,evil duck acting all innocent lol,1677262613799,wjwKAzezsvKEKzoZC,0.9626041666666668,evil duck acting all innocent lol,6,33,1,6,0.1598726800748097,0.27475632184068977,0,0,1.0,0.0,0,0.0
ufttuN8GvJi76BD9G,5_C,False,1.0,2.0,0,0,0,2.4,False,False,10,40,into the bowl,1677262614886,xnMSaWX3DHBEwTFEx,0.9626041666666668,into the bowl,3,13,1,3,-0.46941340107071805,-0.4241851986312404,0,0,1.0,0.0,0,0.0
ufttuN8GvJi76BD9G,5_C,False,1.0,2.0,0,0,0,2.4,False,False,10,40,oh thats a duck,1677262625005,DXnnTAjxLe6pEwPsA,0.9626041666666668,oh that's a duck,4,15,1,4,-0.2596513740222088,-0.19120469180726365,0,0,1.0,0.0,0,0.0
ufttuN8GvJi76BD9G,5_C,False,1.0,2.0,0,0,0,2.4,False,False,10,40,not trolling it was working earlier when i did it,1677262637094,zs4ePmS88BJhQ2MKH,0.9626041666666668,not trolling- it was working earlier when i did it,10,49,1,9,0.7891587612203375,0.9736978423126198,0,0,0.9,0.1,0,0.0
ufttuN8GvJi76BD9G,5_C,False,1.0,2.0,0,0,0,2.4,False,False,10,40,well its not working now,1677262645318,DXnnTAjxLe6pEwPsA,0.9626041666666668,well it's not working now,5,24,1,5,-0.049889346973699546,0.04177581501671304,0,0,1.0,0.0,1,0.3333333333333333
ufttuN8GvJi76BD9G,5_C,False,1.0,2.0,0,0,0,2.4,False,False,10,40,seems like most people are on board with the game plan now  lets go back to 20,1677262661019,DXnnTAjxLe6pEwPsA,0.9626041666666668,seems like most people are on board with the game plan now - let's go back to 20?,17,78,1,17,2.4672549776084116,2.8375418969044333,1,0,1.0,0.058823529411764705,0,0.0625
ufttuN8GvJi76BD9G,5_C,False,1.0,2.0,0,0,0,2.4,False,False,10,40,im okay with that,1677262670885,YWAy95YfuHXsKtQzf,0.9626041666666668,im okay with that,4,17,1,4,-0.2596513740222088,-0.19120469180726365,0,0,1.0,0.0,1,0.0
ufttuN8GvJi76BD9G,5_C,False,1.0,2.0,0,0,0,2.4,False,False,10,40,def trolling,1677262665880,wjwKAzezsvKEKzoZC,0.9626041666666668,def trolling,2,12,1,2,-0.6791754281192274,-0.657165705455217,0,0,1.0,0.0,0,0.0
ufttuN8GvJi76BD9G,5_C,False,1.0,2.0,0,0,0,2.4,False,False,10,40,yup 20 looks good unless we get multiple 0s,1677262675516,bNSP6hWcwcFADoWmP,0.9626041666666668,"yup 20 looks good, unless we get multiple 0s",9,43,1,9,0.7891587612203375,0.9736978423126198,0,0,1.0,0.1111111111111111,0,0.0
ufttuN8GvJi76BD9G,5_C,False,1.0,2.0,0,0,0,2.4,False,False,10,40,either trolling bot or researcher,1677262686461,bNSP6hWcwcFADoWmP,0.9626041666666668,"either trolling, bot, or researcher",5,33,1,5,-0.049889346973699546,0.04177581501671304,0,0,1.0,0.0,0,0.0
ufttuN8GvJi76BD9G,5_C,False,1.0,2.0,0,0,0,2.4,False,False,10,40,you gave 0 multiple rounds now,1677262678429,wjwKAzezsvKEKzoZC,0.9626041666666668,you gave 0 multiple rounds now,6,30,1,6,0.1598726800748097,0.27475632184068977,0,0,1.0,0.0,0,0.0
ufttuN8GvJi76BD9G,5_C,False,1.0,2.0,0,0,0,2.4,False,False,10,40,yeah and default is 10,1677262694353,bNSP6hWcwcFADoWmP,0.9626041666666668,yeah and default is 10,5,22,1,5,-0.049889346973699546,0.04177581501671304,0,0,1.0,0.0,0,0.0
ufttuN8GvJi76BD9G,5_C,False,1.0,2.0,0,0,0,2.4,False,False,10,40,go twenty,1677262690870,xnMSaWX3DHBEwTFEx,0.9626041666666668,go twenty,2,9,1,2,-0.6791754281192274,-0.657165705455217,0,0,1.0,0.0,0,0.0
ufttuN8GvJi76BD9G,5_C,False,1.0,2.0,0,0,0,2.4,False,False,10,40,exactly,1677262691819,wjwKAzezsvKEKzoZC,0.9626041666666668,exactly,1,7,1,1,-0.8889374551677366,-0.8901462122791938,0,0,1.0,0.0,0,0.0
ufttuN8GvJi76BD9G,5_C,False,1.0,2.0,0,0,0,2.4,False,False,10,40,20,1677262714295,bNSP6hWcwcFADoWmP,0.9626041666666668,20,1,2,1,1,-0.8889374551677366,-0.8901462122791938,0,0,1.0,0.0,0,0.0
ufttuN8GvJi76BD9G,5_C,False,1.0,2.0,0,0,0,2.4,False,False,10,40,20,1677262706365,wjwKAzezsvKEKzoZC,0.9626041666666668,20,1,2,1,1,-0.8889374551677366,-0.8901462122791938,0,0,1.0,0.0,0,0.0196078431372549
ufttuN8GvJi76BD9G,5_C,False,1.0,2.0,0,0,0,2.4,False,False,10,40,20,1677262714933,DXnnTAjxLe6pEwPsA,0.9626041666666668,20,1,2,1,1,-0.8889374551677366,-0.8901462122791938,0,0,1.0,0.0,0,0.0196078431372549
ufttuN8GvJi76BD9G,5_C,False,1.0,2.0,0,0,0,2.4,False,False,10,40,20,1677262715482,YWAy95YfuHXsKtQzf,0.9626041666666668,20,1,2,1,1,-0.8889374551677366,-0.8901462122791938,0,0,1.0,0.0,0,0.0196078431372549
ufttuN8GvJi76BD9G,5_C,False,1.0,2.0,0,0,0,2.4,False,False,10,40,sweeet,1677262719861,wjwKAzezsvKEKzoZC,0.9626041666666668,sweeet,1,6,1,1,-0.8889374551677366,-0.8901462122791938,0,0,1.0,0.0,0,0.0
ufttuN8GvJi76BD9G,5_C,False,1.0,2.0,0,0,0,2.4,False,False,10,40,not bad,1677262730274,YWAy95YfuHXsKtQzf,0.9626041666666668,not bad,2,7,1,2,-0.6791754281192274,-0.657165705455217,0,0,1.0,0.0,0,0.0
ufttuN8GvJi76BD9G,5_C,False,1.0,2.0,0,0,0,2.4,False,False,10,40,great except for moose,1677262732365,bNSP6hWcwcFADoWmP,0.9626041666666668,"great, except for moose",4,22,1,4,-0.2596513740222088,-0.19120469180726365,0,0,1.0,0.0,0,0.0
ufttuN8GvJi76BD9G,5_C,False,1.0,2.0,0,0,0,2.4,False,False,10,40,except for the moose,1677262723928,wjwKAzezsvKEKzoZC,0.9626041666666668,except for the moose,4,20,1,4,-0.2596513740222088,-0.19120469180726365,0,0,1.0,0.0,1,0.375
ufttuN8GvJi76BD9G,5_C,False,1.0,2.0,0,0,0,2.4,False,False,10,40,im going with 20 again,1677262773979,YWAy95YfuHXsKtQzf,0.9626041666666668,im going with 20 again,5,22,1,5,-0.049889346973699546,0.04177581501671304,0,0,1.0,0.0,0,0.0
ufttuN8GvJi76BD9G,5_C,False,1.0,2.0,0,0,0,2.4,False,False,10,40,20 again until more stop,1677262767126,wjwKAzezsvKEKzoZC,0.9626041666666668,20 again until more stop,5,24,1,5,-0.049889346973699546,0.04177581501671304,0,0,1.0,0.0,0,0.2196078431372549
ufttuN8GvJi76BD9G,5_C,False,1.0,2.0,0,0,0,2.4,False,False,10,40,same as well,1677262780035,bNSP6hWcwcFADoWmP,0.9626041666666668,same as well,3,12,1,3,-0.46941340107071805,-0.4241851986312404,0,0,1.0,0.0,0,0.0
ufttuN8GvJi76BD9G,5_C,False,1.0,2.0,0,0,0,2.4,False,False,10,40,yup,1677262781155,YWAy95YfuHXsKtQzf,0.9626041666666668,yup,1,3,1,1,-0.8889374551677366,-0.8901462122791938,0,0,1.0,0.0,0,0.0
ufttuN8GvJi76BD9G,5_C,False,1.0,2.0,0,0,0,2.4,False,False,10,40,if a lot of people start lowering we lower,1677262784095,bNSP6hWcwcFADoWmP,0.9626041666666668,"if a lot of people start lowering, we lower",9,42,1,9,0.7891587612203375,0.9736978423126198,0,0,1.0,0.1111111111111111,0,0.0
ufttuN8GvJi76BD9G,5_C,False,1.0,2.0,0,0,0,2.4,False,False,10,40,great there we go,1677262804544,bNSP6hWcwcFADoWmP,0.9626041666666668,"great, there we go",4,17,1,4,-0.2596513740222088,-0.19120469180726365,0,0,1.0,0.25,1,0.0
ufttuN8GvJi76BD9G,5_C,False,1.0,2.0,0,0,0,2.4,False,False,10,40,huzzah,1677262804072,DXnnTAjxLe6pEwPsA,0.9626041666666668,huzzah,1,6,1,1,-0.8889374551677366,-0.8901462122791938,0,0,1.0,0.0,0,0.0
ufttuN8GvJi76BD9G,5_C,False,1.0,2.0,0,0,0,2.4,False,False,10,40,perfection,1677262798810,wjwKAzezsvKEKzoZC,0.9626041666666668,perfection,1,10,1,1,-0.8889374551677366,-0.8901462122791938,0,0,1.0,0.0,0,0.0
ufttuN8GvJi76BD9G,5_C,False,1.0,2.0,0,0,0,2.4,False,False,10,40,now lets keep this up we all get more,1677262811168,bNSP6hWcwcFADoWmP,0.9626041666666668,"now lets keep this up, we all get more",9,37,1,9,0.7891587612203375,0.9736978423126198,0,0,1.0,0.2222222222222222,0,0.0
ufttuN8GvJi76BD9G,5_C,False,1.0,2.0,0,0,0,2.4,False,False,10,40,sounds good,1677262835667,YWAy95YfuHXsKtQzf,0.9626041666666668,sounds good,2,11,1,2,-0.6791754281192274,-0.657165705455217,0,0,1.0,0.0,0,0.0
ufttuN8GvJi76BD9G,5_C,False,1.0,2.0,0,0,0,2.4,False,False,10,40,great job again,1677262878826,bNSP6hWcwcFADoWmP,0.9626041666666668,great job again,3,15,1,3,-0.46941340107071805,-0.4241851986312404,0,0,1.0,0.0,0,0.0
ufttuN8GvJi76BD9G,5_C,False,1.0,2.0,0,0,0,2.4,False,False,10,40,hi5s all around lol,1677262915586,bNSP6hWcwcFADoWmP,0.9626041666666668,hi5s all around lol,4,19,1,4,-0.2596513740222088,-0.19120469180726365,0,0,1.0,0.0,0,0.0
ufttuN8GvJi76BD9G,5_C,False,1.0,2.0,0,0,0,2.4,False,False,10,40,one more round keep it up gang,1677262965477,DXnnTAjxLe6pEwPsA,0.9626041666666668,"one more round, keep it up gang",7,30,1,7,0.369634707123319,0.5077368286646664,0,0,1.0,0.0,0,0.0
ufttuN8GvJi76BD9G,5_C,False,1.0,2.0,0,0,0,2.4,False,False,10,40,my fault,1677262971126,wjwKAzezsvKEKzoZC,0.9626041666666668,my fault,2,8,1,1,-0.8889374551677366,-0.8901462122791938,0,0,1.0,0.5,0,0.0
ufttuN8GvJi76BD9G,5_C,False,1.0,2.0,0,0,0,2.4,False,False,10,40,i messed up,1677262978669,wjwKAzezsvKEKzoZC,0.9626041666666668,i messed up,3,11,1,2,-0.6791754281192274,-0.657165705455217,0,0,1.0,0.3333333333333333,0,0.0
ufttuN8GvJi76BD9G,5_C,False,1.0,2.0,0,0,0,2.4,False,False,10,40,its alright,1677262989899,YWAy95YfuHXsKtQzf,0.9626041666666668,its alright,2,11,1,2,-0.6791754281192274,-0.657165705455217,0,0,1.0,0.0,0,0.0
ufttuN8GvJi76BD9G,5_C,False,1.0,2.0,0,0,0,2.4,False,False,10,40,i will do 20 next roun,1677262982690,wjwKAzezsvKEKzoZC,0.9626041666666668,i will do 20 next roun,6,22,1,5,-0.049889346973699546,0.04177581501671304,0,0,1.0,0.16666666666666666,0,0.0
ufttuN8GvJi76BD9G,5_C,False,1.0,2.0,0,0,0,2.4,False,False,10,40,all good you admitted it,1677262994105,bNSP6hWcwcFADoWmP,0.9626041666666668,"all good, you admitted it",5,24,1,5,-0.049889346973699546,0.04177581501671304,0,0,1.0,0.0,0,0.0
ufttuN8GvJi76BD9G,5_C,False,1.0,2.0,0,0,0,2.4,False,False,10,40,honestly,1677262985339,wjwKAzezsvKEKzoZC,0.9626041666666668,honestly,1,8,1,1,-0.8889374551677366,-0.8901462122791938,0,0,1.0,0.0,0,0.0
ufttuN8GvJi76BD9G,5_C,False,1.0,2.0,0,0,0,2.4,False,False,10,40,still going 20,1677263012795,YWAy95YfuHXsKtQzf,0.9626041666666668,still going 20,3,14,1,3,-0.46941340107071805,-0.4241851986312404,0,0,1.0,0.0,0,0.0
ufttuN8GvJi76BD9G,5_C,False,1.0,2.0,0,0,0,2.4,False,False,10,40,same,1677263016082,bNSP6hWcwcFADoWmP,0.9626041666666668,same,1,4,1,1,-0.8889374551677366,-0.8901462122791938,0,0,1.0,0.0,0,0.0
ufttuN8GvJi76BD9G,5_C,False,1.0,2.0,0,0,0,2.4,False,False,10,40,20,1677263009239,wjwKAzezsvKEKzoZC,0.9626041666666668,20,1,2,1,1,-0.8889374551677366,-0.8901462122791938,0,0,1.0,0.0,0,0.0
ufttuN8GvJi76BD9G,5_C,False,1.0,2.0,0,0,0,2.4,False,False,10,40,ez,1677263021737,DXnnTAjxLe6pEwPsA,0.9626041666666668,ez,1,2,1,1,-0.8889374551677366,-0.8901462122791938,0,0,1.0,0.0,0,0.0
ufttuN8GvJi76BD9G,5_C,False,1.0,2.0,0,0,0,2.4,False,False,10,40,keep it up ,1677263130461,bNSP6hWcwcFADoWmP,0.9626041666666668,keep it up =),3,11,1,3,-0.46941340107071805,-0.4241851986312404,0,0,1.0,0.0,0,0.0
ufttuN8GvJi76BD9G,5_C,False,1.0,2.0,0,0,0,2.4,False,False,10,40,moose,1677263143841,bNSP6hWcwcFADoWmP,0.9626041666666668,moose!,1,5,1,1,-0.8889374551677366,-0.8901462122791938,0,0,1.0,0.0,0,0.0
ufttuN8GvJi76BD9G,5_C,False,1.0,2.0,0,0,0,2.4,False,False,10,40,i think moose is afk lol,1677263527415,DXnnTAjxLe6pEwPsA,0.9626041666666668,i think moose is afk lol,6,24,1,5,-0.049889346973699546,0.04177581501671304,0,0,1.0,0.16666666666666666,0,0.041666666666666664
ufttuN8GvJi76BD9G,5_C,False,1.0,2.0,0,0,0,2.4,False,False,10,40,back now lol,1677263536723,bNSP6hWcwcFADoWmP,0.9626041666666668,back now lol,3,12,1,3,-0.46941340107071805,-0.4241851986312404,0,0,1.0,0.0,0,0.06666666666666667
ufttuN8GvJi76BD9G,5_C,False,1.0,2.0,0,0,0,2.4,False,False,10,40,and a 10,1677263543197,bNSP6hWcwcFADoWmP,0.9626041666666668,and a 10!,3,8,1,3,-0.46941340107071805,-0.4241851986312404,0,0,1.0,0.0,0,0.0
ufttuN8GvJi76BD9G,5_C,False,1.0,2.0,0,0,0,2.4,False,False,10,40,booooo,1677263545675,bNSP6hWcwcFADoWmP,0.9626041666666668,booooo,1,6,1,1,-0.8889374551677366,-0.8901462122791938,0,0,1.0,0.0,0,0.0
ufttuN8GvJi76BD9G,5_C,False,1.0,2.0,0,0,0,2.4,False,False,10,40,things still going great tho,1677263553558,YWAy95YfuHXsKtQzf,0.9626041666666668,things still going great tho,5,28,1,5,-0.049889346973699546,0.04177581501671304,0,0,1.0,0.0,0,0.0
ufttuN8GvJi76BD9G,5_C,False,1.0,2.0,0,0,0,2.4,False,False,10,40,yup,1677263557912,bNSP6hWcwcFADoWmP,0.9626041666666668,yup,1,3,1,1,-0.8889374551677366,-0.8901462122791938,0,0,1.0,0.0,0,0.0
ufttuN8GvJi76BD9G,5_C,False,1.0,2.0,0,0,0,2.4,False,False,10,40,look dude the internet is out all over and im on a hotspot chill,1677263586065,ur2LEhyK8LP5xq7C4,0.9626041666666668,"look dude, the internet is out all over and i'm on a hotspot. chill.",14,64,1,14,1.837968896462884,2.1386003764325032,0,0,1.0,0.0,0,0.0
ufttuN8GvJi76BD9G,5_C,False,1.0,2.0,0,0,0,2.4,False,False,10,40,either lagging or family  pet interruption,1677263620077,bNSP6hWcwcFADoWmP,0.9626041666666668,"either lagging, or family / pet interruption",6,42,1,6,0.1598726800748097,0.27475632184068977,0,0,1.0,0.0,0,0.0
ufttuN8GvJi76BD9G,5_C,False,1.0,2.0,0,0,0,2.4,False,False,10,40,no big deal man ,1677263627171,YWAy95YfuHXsKtQzf,0.9626041666666668,no big deal man :),4,16,1,4,-0.2596513740222088,-0.19120469180726365,0,0,1.0,0.0,0,0.0
ufttuN8GvJi76BD9G,5_C,False,1.0,2.0,0,0,0,2.4,False,False,10,40,you good just keep up them 20s p,1677263631532,bNSP6hWcwcFADoWmP,0.9626041666666668,"you good, just keep up them 20s =p",8,32,1,8,0.5793967341718282,0.7407173354886432,0,0,1.0,0.0,0,0.0
ufttuN8GvJi76BD9G,5_C,False,1.0,2.0,0,0,0,2.4,False,False,10,40,or woman,1677263632107,YWAy95YfuHXsKtQzf,0.9626041666666668,or woman,2,8,1,2,-0.6791754281192274,-0.657165705455217,0,0,1.0,0.0,0,0.0
ufttuN8GvJi76BD9G,5_C,False,1.0,2.0,0,0,0,2.4,False,False,10,40,or whatever you are,1677263634307,YWAy95YfuHXsKtQzf,0.9626041666666668,or whatever you are,4,19,1,4,-0.2596513740222088,-0.19120469180726365,0,0,1.0,0.0,1,0.0
ufttuN8GvJi76BD9G,5_C,False,1.0,2.0,0,0,0,2.4,False,False,10,40,moose person,1677263637491,YWAy95YfuHXsKtQzf,0.9626041666666668,moose person,2,12,1,2,-0.6791754281192274,-0.657165705455217,0,0,1.0,0.0,0,0.0
ufttuN8GvJi76BD9G,5_C,False,1.0,2.0,0,0,0,2.4,False,False,10,40,im a moose,1677263637366,ur2LEhyK8LP5xq7C4,0.9626041666666668,i'm a moose,3,10,1,3,-0.46941340107071805,-0.4241851986312404,0,0,1.0,0.0,0,0.041666666666666664
ufttuN8GvJi76BD9G,5_C,False,1.0,2.0,0,0,0,2.4,False,False,10,40,hes a moose,1677263632419,wjwKAzezsvKEKzoZC,0.9626041666666668,he's a moose,3,11,1,3,-0.46941340107071805,-0.4241851986312404,0,0,1.0,0.0,1,0.041666666666666664
ufttuN8GvJi76BD9G,5_C,False,1.0,2.0,0,0,0,2.4,False,False,10,40,sorry that was an accident,1677263770659,ur2LEhyK8LP5xq7C4,0.9626041666666668,sorry that was an accident,5,26,1,5,-0.049889346973699546,0.04177581501671304,0,1,1.0,0.0,0,0.0
ufttuN8GvJi76BD9G,5_C,False,1.0,2.0,0,0,0,2.4,False,False,10,40,anyone remember how many rounds,1677263804045,wjwKAzezsvKEKzoZC,0.9626041666666668,anyone remember how many rounds?,5,31,1,5,-0.049889346973699546,0.04177581501671304,1,0,1.0,0.0,0,0.0
mat8Xt4y3EBsyxyoX,6_C,False,2.0,3.0,0,0,0,6.0,False,False,8,25,it is in everyones best interest if we all contribute the full amount it will give us all the best payout potential im going full in hope you consider it,1677262285387,uJNWJLM2K2oFjX5b5,0.9566666666666668,it is in everyone's best interest if we all contribute the full amount. it will give us all the best payout potential. i'm going full in. hope you consider it,30,153,1,30,5.194161329239032,2.5457665430840657,0,0,0.7666666666666667,0.03333333333333333,0,0.0
mat8Xt4y3EBsyxyoX,6_C,False,2.0,3.0,0,0,0,6.0,False,False,8,25,agreed,1677262322103,DYb8L4EfQ6N93JJ3c,0.9566666666666668,agreed,1,6,1,1,-0.8889374551677366,-0.7288283248345511,0,0,1.0,0.0,0,0.0
mat8Xt4y3EBsyxyoX,6_C,False,2.0,3.0,0,0,0,6.0,False,False,8,25,agreed,1677262324585,LGSj7syGizLk3xRcE,0.9566666666666668,agreed,1,6,1,1,-0.8889374551677366,-0.7288283248345511,0,0,1.0,0.0,0,0.25
mat8Xt4y3EBsyxyoX,6_C,False,2.0,3.0,0,0,0,6.0,False,False,8,25,yes,1677262325752,H6scTijP2YsJNiTvA,0.9566666666666668,yes,1,3,1,1,-0.8889374551677366,-0.7288283248345511,0,0,1.0,0.0,0,0.0
mat8Xt4y3EBsyxyoX,6_C,False,2.0,3.0,0,0,0,6.0,False,False,8,25,agreed,1677262326380,LyoNEYzheT4P5AbfT,0.9566666666666668,agreed,1,6,1,1,-0.8889374551677366,-0.7288283248345511,0,0,1.0,0.0,0,0.0
mat8Xt4y3EBsyxyoX,6_C,False,2.0,3.0,0,0,0,6.0,False,False,8,25,welp you all screwed it up no more contribution from me,1677262387757,uJNWJLM2K2oFjX5b5,0.9566666666666668,welp. you all screwed it up. no more contribution from me.,11,55,1,10,0.9989207882688468,0.28742525486433007,0,0,1.0,0.09090909090909091,0,0.0
mat8Xt4y3EBsyxyoX,6_C,False,2.0,3.0,0,0,0,6.0,False,False,8,25,there may not be 8 people,1677262405054,LGSj7syGizLk3xRcE,0.9566666666666668,there may not be 8 people...,6,25,1,6,0.1598726800748097,-0.1642430027796171,0,0,1.0,0.0,0,0.0
mat8Xt4y3EBsyxyoX,6_C,False,2.0,3.0,0,0,0,6.0,False,False,8,25,no one benefits if the people that are putting all theirs in the pool have to deal with noncontributors,1677262408203,uJNWJLM2K2oFjX5b5,0.9566666666666668,no one benefits if the people that are putting all theirs in the pool have to deal with non-contributors.,19,103,1,19,2.88677903170543,1.3036788345632113,0,0,0.9473684210526315,0.0,0,0.25
mat8Xt4y3EBsyxyoX,6_C,False,2.0,3.0,0,0,0,6.0,False,False,8,25,iwill still put in full amount,1677262435820,LyoNEYzheT4P5AbfT,0.9566666666666668,iwill still put in full amount,6,30,1,6,0.1598726800748097,-0.1642430027796171,0,0,1.0,0.0,1,0.0
mat8Xt4y3EBsyxyoX,6_C,False,2.0,3.0,0,0,0,6.0,False,False,8,25,me too,1677262444408,LGSj7syGizLk3xRcE,0.9566666666666668,me too,2,6,1,1,-0.8889374551677366,-0.7288283248345511,0,0,1.0,0.5,0,0.0
mat8Xt4y3EBsyxyoX,6_C,False,2.0,3.0,0,0,0,6.0,False,False,8,25,ill put in the full amount,1677262452760,QxLMaJSiycZDQ9hqa,0.9566666666666668,i'll put in the full amount.,6,26,1,6,0.1598726800748097,-0.1642430027796171,0,0,1.0,0.0,0,0.0
eGSEXKgSEqMPjRAcu,9_C,True,3.0,4.0,492,0,656,6.2,False,True,7,45,yo red bird,1677263802020,TcBc43CZXPotRCh5B,0.9061443932411676,yo red bird,3,11,1,3,-0.46941340107071805,-0.8343319721890883,0,0,1.0,0.0,0,0.0
eGSEXKgSEqMPjRAcu,9_C,True,3.0,4.0,492,0,656,6.2,False,True,7,45,my bad guys i didnt see the im done button on this page til last round,1677263848284,j42F92MgYSv5qDvEm,0.9061443932411676,my bad guys i didnt see the im done button on this page til last round,16,70,1,14,1.837968896462884,1.1659254483155208,0,0,1.0,0.125,0,0.0
eGSEXKgSEqMPjRAcu,9_C,True,3.0,4.0,492,0,656,6.2,False,True,7,45,youre good just trying to get red bird to max to 20,1677263963057,TcBc43CZXPotRCh5B,0.9061443932411676,"you're good, just trying to get red bird to max to 20",12,51,1,12,1.4184448423658653,0.8022422809510464,0,0,0.8333333333333334,0.0,0,0.0
eGSEXKgSEqMPjRAcu,9_C,True,3.0,4.0,492,0,656,6.2,False,True,7,45,i wouldnt be surprised if we had a bot in just to get us talking,1677264004877,j42F92MgYSv5qDvEm,0.9061443932411676,i wouldnt be surprised if we had a bot in just to get us talking,15,64,1,14,1.837968896462884,1.1659254483155208,0,0,1.0,0.13333333333333333,3,0.0
eGSEXKgSEqMPjRAcu,9_C,True,3.0,4.0,492,0,656,6.2,False,True,7,45,ye was about to ask if red bird is sentient,1677264016119,TcBc43CZXPotRCh5B,0.9061443932411676,ye was about to ask if red bird is sentient,10,43,1,10,0.9989207882688468,0.4385591135865721,0,0,1.0,0.0,2,0.0
eGSEXKgSEqMPjRAcu,9_C,True,3.0,4.0,492,0,656,6.2,False,True,7,45,do you remember how many rounds,1677264085603,j42F92MgYSv5qDvEm,0.9061443932411676,do you remember how many rounds?,6,31,1,6,0.1598726800748097,-0.28880722114237667,1,0,1.0,0.0,0,0.0
eGSEXKgSEqMPjRAcu,9_C,True,3.0,4.0,492,0,656,6.2,False,True,7,45,nope,1677264099414,TcBc43CZXPotRCh5B,0.9061443932411676,nope,1,4,1,1,-0.8889374551677366,-1.1980151395535625,0,0,1.0,0.0,0,0.0
eGSEXKgSEqMPjRAcu,9_C,True,3.0,4.0,492,0,656,6.2,False,True,7,45,i dont think it said,1677264139130,jumZmZg79skZ32tGy,0.9061443932411676,i don't think it said,5,20,1,4,-0.2596513740222088,-0.652490388506851,0,0,1.0,0.2,0,0.0
eGSEXKgSEqMPjRAcu,9_C,True,3.0,4.0,492,0,656,6.2,False,True,7,45,hoping 20,1677264146277,j42F92MgYSv5qDvEm,0.9061443932411676,hoping 20,2,9,1,2,-0.6791754281192274,-1.0161735558713254,0,0,1.0,0.0,0,0.0
eGSEXKgSEqMPjRAcu,9_C,True,3.0,4.0,492,0,656,6.2,False,True,7,45,now hoping 25,1677264211028,j42F92MgYSv5qDvEm,0.9061443932411676,now hoping 25,3,13,1,3,-0.46941340107071805,-0.8343319721890883,0,0,1.0,0.0,0,0.5
eGSEXKgSEqMPjRAcu,9_C,True,3.0,4.0,492,0,656,6.2,False,True,7,45,i think it said 15  30 minutes,1677264246890,jdXkwhNbdobuSDJfo,0.9061443932411676,i think it said 15 - 30 minutes,7,30,1,6,0.1598726800748097,-0.28880722114237667,0,0,1.0,0.14285714285714285,0,0.0
eGSEXKgSEqMPjRAcu,9_C,True,3.0,4.0,492,0,656,6.2,False,True,7,45,might be time based so if we go fast we get more rounds,1677264269593,jumZmZg79skZ32tGy,0.9061443932411676,might be time based so if we go fast we get more rounds?,13,55,1,13,1.6282068694143745,0.9840838646332837,1,0,0.9230769230769231,0.15384615384615385,0,0.0
eGSEXKgSEqMPjRAcu,9_C,True,3.0,4.0,492,0,656,6.2,False,True,7,45,ive had a mystery pain in my right arm since last night im trying to power through this but its not fun,1677264312512,j42F92MgYSv5qDvEm,0.9061443932411676,ive had a mystery pain in my right arm since last night im trying to power through this but its not fun,22,103,1,21,3.306303085802449,2.438816534091181,0,0,1.0,0.045454545454545456,0,0.0
eGSEXKgSEqMPjRAcu,9_C,True,3.0,4.0,492,0,656,6.2,False,True,7,45,ouch sorry about that,1677264333699,jumZmZg79skZ32tGy,0.9061443932411676,ouch sorry about that,4,21,1,4,-0.2596513740222088,-0.652490388506851,0,0,1.0,0.0,0,0.0
eGSEXKgSEqMPjRAcu,9_C,True,3.0,4.0,492,0,656,6.2,False,True,7,45,curses of getting old,1677264354636,j42F92MgYSv5qDvEm,0.9061443932411676,curses of getting old,4,21,1,4,-0.2596513740222088,-0.652490388506851,0,0,1.0,0.0,0,0.0
eGSEXKgSEqMPjRAcu,9_C,True,3.0,4.0,492,0,656,6.2,False,True,7,45,i hear ya,1677264368262,DGZD6LikKz7AYEuqA,0.9061443932411676,i hear ya,3,9,1,2,-0.6791754281192274,-1.0161735558713254,0,0,1.0,0.3333333333333333,0,0.0
eGSEXKgSEqMPjRAcu,9_C,True,3.0,4.0,492,0,656,6.2,False,True,7,45,im going to now assume it will end at 2,1677264812260,j42F92MgYSv5qDvEm,0.9061443932411676,im going to now assume it will end at 2,10,39,1,10,0.9989207882688468,0.4385591135865721,0,0,1.0,0.0,0,0.0
hbask3aBPDiJJxpj9,6_T,False,2.0,3.0,170,255,0,6.0,True,False,8,25,hey everyone,1677262389226,JJRLeSKuJnn5Jzumv,0.9016666666666666,hey everyone,2,12,1,2,-0.6791754281192274,-0.7276554785686098,0,0,1.0,0.0,0,0.0
hbask3aBPDiJJxpj9,6_T,False,2.0,3.0,170,255,0,6.0,True,False,8,25,hi,1677262394059,aWSRgNmvKanEZ8GT9,0.9016666666666666,hi,1,2,1,1,-0.8889374551677366,-0.992875699729131,0,0,1.0,0.0,0,0.0
hbask3aBPDiJJxpj9,6_T,False,2.0,3.0,170,255,0,6.0,True,False,8,25,hi,1677262405598,NqS7JeMTuwo4qwP93,0.9016666666666666,hi,1,2,1,1,-0.8889374551677366,-0.992875699729131,0,0,1.0,0.0,1,0.0
hbask3aBPDiJJxpj9,6_T,False,2.0,3.0,170,255,0,6.0,True,False,8,25,chicken is very generous,1677262534279,NqS7JeMTuwo4qwP93,0.9016666666666666,chicken is very generous,4,24,1,4,-0.2596513740222088,-0.19721503624756714,0,0,1.0,0.0,0,0.0
hbask3aBPDiJJxpj9,6_T,False,2.0,3.0,170,255,0,6.0,True,False,8,25,are you guys punishing the ones who skimp on contributions,1677262537992,JJRLeSKuJnn5Jzumv,0.9016666666666666,are you guys punishing the ones who skimp on contributions?,10,58,1,10,0.9989207882688468,1.3941062907155608,1,0,1.0,0.0,0,0.0
hbask3aBPDiJJxpj9,6_T,False,2.0,3.0,170,255,0,6.0,True,False,8,25,i did,1677262541280,yh99CvRS9gPf3QQEc,0.9016666666666666,i did,2,5,1,1,-0.8889374551677366,-0.992875699729131,0,0,1.0,0.5,0,0.0
hbask3aBPDiJJxpj9,6_T,False,2.0,3.0,170,255,0,6.0,True,False,8,25,i havent,1677262544950,RL4TXEbKNvD5x4tJq,0.9016666666666666,i haven't,2,8,1,1,-0.8889374551677366,-0.992875699729131,0,0,1.0,0.5,1,0.0
hbask3aBPDiJJxpj9,6_T,False,2.0,3.0,170,255,0,6.0,True,False,8,25,no,1677262545945,aWSRgNmvKanEZ8GT9,0.9016666666666666,no,1,2,1,1,-0.8889374551677366,-0.992875699729131,0,0,1.0,0.0,0,0.0
hbask3aBPDiJJxpj9,6_T,False,2.0,3.0,170,255,0,6.0,True,False,8,25,id give all 20 each time if everyone else did,1677262573037,RL4TXEbKNvD5x4tJq,0.9016666666666666,i'd give all 20 each time if everyone else did,10,45,1,10,0.9989207882688468,1.3941062907155608,0,0,1.0,0.0,0,0.0
hbask3aBPDiJJxpj9,6_T,False,2.0,3.0,170,255,0,6.0,True,False,8,25,the gorilla,1677262574596,NqS7JeMTuwo4qwP93,0.9016666666666666,the gorilla...,2,11,1,2,-0.6791754281192274,-0.7276554785686098,0,0,1.0,0.0,0,0.0
hbask3aBPDiJJxpj9,6_T,False,2.0,3.0,170,255,0,6.0,True,False,8,25,same,1677262585812,yh99CvRS9gPf3QQEc,0.9016666666666666,same,1,4,1,1,-0.8889374551677366,-0.992875699729131,0,0,1.0,0.0,0,0.0
hbask3aBPDiJJxpj9,6_T,False,2.0,3.0,170,255,0,6.0,True,False,8,25,im not punishing him though,1677262605573,NqS7JeMTuwo4qwP93,0.9016666666666666,im not punishing him though,5,27,1,5,-0.049889346973699546,0.06800518491295418,0,0,1.0,0.0,0,0.0
hbask3aBPDiJJxpj9,6_T,False,2.0,3.0,170,255,0,6.0,True,False,8,25,im putting in 20 and taking from the ones who didnt cause i think its better if we just pool our resources,1677262625056,JJRLeSKuJnn5Jzumv,0.9016666666666666,i'm putting in 20 and taking from the ones who didn't cause i think it's better if we just pool our resources.,22,106,1,21,3.306303085802449,4.3115287234812945,0,0,1.0,0.13636363636363635,1,0.0
hbask3aBPDiJJxpj9,6_T,False,2.0,3.0,170,255,0,6.0,True,False,8,25,im putting in 20 all the time,1677262643890,NqS7JeMTuwo4qwP93,0.9016666666666666,im putting in 20 all the time,7,29,1,7,0.369634707123319,0.5984456272339967,0,0,1.0,0.0,3,0.2196078431372549
hbask3aBPDiJJxpj9,6_T,False,2.0,3.0,170,255,0,6.0,True,False,8,25,i put 20,1677262649625,RL4TXEbKNvD5x4tJq,0.9016666666666666,i put 20,3,8,1,2,-0.6791754281192274,-0.7276554785686098,0,0,1.0,0.3333333333333333,0,0.0196078431372549
hbask3aBPDiJJxpj9,6_T,False,2.0,3.0,170,255,0,6.0,True,False,8,25,20 then for me now too,1677262666089,aWSRgNmvKanEZ8GT9,0.9016666666666666,20 then for me now too,6,22,1,5,-0.049889346973699546,0.06800518491295418,0,0,1.0,0.16666666666666666,0,0.0196078431372549
hbask3aBPDiJJxpj9,6_T,False,2.0,3.0,170,255,0,6.0,True,False,8,25,me too,1677262717702,NB6ndeuvy77jh9GY9,0.9016666666666666,me too,2,6,1,1,-0.8889374551677366,-0.992875699729131,0,0,1.0,0.5,2,0.0
hbask3aBPDiJJxpj9,6_T,False,2.0,3.0,170,255,0,6.0,True,False,8,25,yeah ill take the hit on the punishing just for the sake of fairness,1677262720487,JJRLeSKuJnn5Jzumv,0.9016666666666666,"yeah, i'll take the hit on the punishing just for the sake of fairness",14,68,1,14,1.837968896462884,2.4549871753576458,0,0,0.8571428571428571,0.0,0,0.0
hbask3aBPDiJJxpj9,6_T,False,2.0,3.0,170,255,0,6.0,True,False,8,25,the moose is slow,1677262722383,NqS7JeMTuwo4qwP93,0.9016666666666666,the moose is slow,4,17,1,4,-0.2596513740222088,-0.19721503624756714,0,0,1.0,0.0,1,0.0
hbask3aBPDiJJxpj9,6_T,False,2.0,3.0,170,255,0,6.0,True,False,8,25,the red bird lied,1677262759317,NqS7JeMTuwo4qwP93,0.9016666666666666,the red bird lied,4,17,1,4,-0.2596513740222088,-0.19721503624756714,0,0,1.0,0.0,1,0.0
hbask3aBPDiJJxpj9,6_T,False,2.0,3.0,170,255,0,6.0,True,False,8,25,lol ya all imposters,1677262765275,yh99CvRS9gPf3QQEc,0.9016666666666666,lol ya all imposters,4,20,1,4,-0.2596513740222088,-0.19721503624756714,0,0,1.0,0.0,0,0.0
hbask3aBPDiJJxpj9,6_T,False,2.0,3.0,170,255,0,6.0,True,False,8,25,red bird bad,1677262787857,NB6ndeuvy77jh9GY9,0.9016666666666666,red bird bad,3,12,1,3,-0.46941340107071805,-0.46243525740808844,0,0,1.0,0.0,0,0.0
hbask3aBPDiJJxpj9,6_T,False,2.0,3.0,170,255,0,6.0,True,False,8,25,gorilla bad too,1677262797207,NqS7JeMTuwo4qwP93,0.9016666666666666,gorilla bad too,3,15,1,3,-0.46941340107071805,-0.46243525740808844,0,0,1.0,0.0,0,0.14285714285714285
hbask3aBPDiJJxpj9,6_T,False,2.0,3.0,170,255,0,6.0,True,False,8,25,coins need to go in the bowl,1677262803142,NqS7JeMTuwo4qwP93,0.9016666666666666,coins need to go in the bowl,7,28,1,7,0.369634707123319,0.5984456272339967,0,0,1.0,0.0,0,0.0
hbask3aBPDiJJxpj9,6_T,False,2.0,3.0,170,255,0,6.0,True,False,8,25,well whatever happens  i still get a dime  ,1677262813256,JJRLeSKuJnn5Jzumv,0.9016666666666666,"well, whatever happens.  i still get a dime.  :)",8,43,1,7,0.369634707123319,0.5984456272339967,0,0,1.0,0.125,0,0.0
hbask3aBPDiJJxpj9,6_T,False,2.0,3.0,170,255,0,6.0,True,False,8,25,i did it backwards the first round,1677262813579,NqS7JeMTuwo4qwP93,0.9016666666666666,i did it backwards the first round,7,34,1,6,0.1598726800748097,0.3332254060734755,0,0,1.0,0.14285714285714285,1,0.0
hbask3aBPDiJJxpj9,6_T,False,2.0,3.0,170,255,0,6.0,True,False,8,25,i did 20,1677262828142,NB6ndeuvy77jh9GY9,0.9016666666666666,i did 20,3,8,1,2,-0.6791754281192274,-0.7276554785686098,0,0,1.0,0.3333333333333333,2,0.0
hbask3aBPDiJJxpj9,6_T,False,2.0,3.0,170,255,0,6.0,True,False,8,25,im bad,1677262827498,aWSRgNmvKanEZ8GT9,0.9016666666666666,i'm bad?,2,6,1,2,-0.6791754281192274,-0.7276554785686098,1,0,1.0,0.0,0,0.0
hbask3aBPDiJJxpj9,6_T,False,2.0,3.0,170,255,0,6.0,True,False,8,25,yes,1677262832662,NqS7JeMTuwo4qwP93,0.9016666666666666,yes,1,3,1,1,-0.8889374551677366,-0.992875699729131,0,0,1.0,0.0,0,0.0
hbask3aBPDiJJxpj9,6_T,False,2.0,3.0,170,255,0,6.0,True,False,8,25,your putting 0,1677262834314,yh99CvRS9gPf3QQEc,0.9016666666666666,your putting 0,3,14,1,3,-0.46941340107071805,-0.46243525740808844,0,0,1.0,0.0,0,0.0
hbask3aBPDiJJxpj9,6_T,False,2.0,3.0,170,255,0,6.0,True,False,8,25,duh,1677262835643,yh99CvRS9gPf3QQEc,0.9016666666666666,duh,1,3,1,1,-0.8889374551677366,-0.992875699729131,0,0,1.0,0.0,0,0.0
hbask3aBPDiJJxpj9,6_T,False,2.0,3.0,170,255,0,6.0,True,False,8,25,y,1677262837113,aWSRgNmvKanEZ8GT9,0.9016666666666666,y?,1,1,1,1,-0.8889374551677366,-0.992875699729131,1,0,1.0,0.0,0,0.0
hbask3aBPDiJJxpj9,6_T,False,2.0,3.0,170,255,0,6.0,True,False,8,25,you guys are not giving 20,1677262837300,NqS7JeMTuwo4qwP93,0.9016666666666666,you guys are not giving 20,6,26,1,6,0.1598726800748097,0.3332254060734755,0,0,1.0,0.0,0,0.0
hbask3aBPDiJJxpj9,6_T,False,2.0,3.0,170,255,0,6.0,True,False,8,25,your bad,1677262840765,yh99CvRS9gPf3QQEc,0.9016666666666666,your bad,2,8,1,2,-0.6791754281192274,-0.7276554785686098,0,0,1.0,0.0,0,0.0
hbask3aBPDiJJxpj9,6_T,False,2.0,3.0,170,255,0,6.0,True,False,8,25,i put in 20,1677262842273,aWSRgNmvKanEZ8GT9,0.9016666666666666,i put in 20,4,11,1,3,-0.46941340107071805,-0.46243525740808844,0,0,1.0,0.25,0,0.0
hbask3aBPDiJJxpj9,6_T,False,2.0,3.0,170,255,0,6.0,True,False,8,25,the number has to be in the bowl,1677262845371,NqS7JeMTuwo4qwP93,0.9016666666666666,the number has to be in the bowl,8,32,1,8,0.5793967341718282,0.8636658483945181,0,0,0.875,0.0,1,0.0
hbask3aBPDiJJxpj9,6_T,False,2.0,3.0,170,255,0,6.0,True,False,8,25,i just took 12 from ta,1677262855665,yh99CvRS9gPf3QQEc,0.9016666666666666,i just took -12 from ta,6,22,1,5,-0.049889346973699546,0.06800518491295418,0,0,1.0,0.16666666666666666,0,0.0
hbask3aBPDiJJxpj9,6_T,False,2.0,3.0,170,255,0,6.0,True,False,8,25,i put in 20 too  weird,1677262874495,NB6ndeuvy77jh9GY9,0.9016666666666666,i put in 20 too - weird,6,22,1,5,-0.049889346973699546,0.06800518491295418,0,0,1.0,0.16666666666666666,1,0.0
hbask3aBPDiJJxpj9,6_T,False,2.0,3.0,170,255,0,6.0,True,False,8,25,down arrow not up,1677262887441,RL4TXEbKNvD5x4tJq,0.9016666666666666,down arrow not up,4,17,1,4,-0.2596513740222088,-0.19721503624756714,0,0,1.0,0.0,0,0.0
hbask3aBPDiJJxpj9,6_T,False,2.0,3.0,170,255,0,6.0,True,False,8,25,the game is lying,1677262917705,aWSRgNmvKanEZ8GT9,0.9016666666666666,the game is lying,4,17,1,4,-0.2596513740222088,-0.19721503624756714,0,0,1.0,0.0,0,0.0
hbask3aBPDiJJxpj9,6_T,False,2.0,3.0,170,255,0,6.0,True,False,8,25,is it 300 coins  1,1677262922638,NqS7JeMTuwo4qwP93,0.9016666666666666,is it 300 coins - $1?,5,18,1,5,-0.049889346973699546,0.06800518491295418,1,0,1.0,0.0,1,0.0
hbask3aBPDiJJxpj9,6_T,False,2.0,3.0,170,255,0,6.0,True,False,8,25,i think so,1677262936700,RL4TXEbKNvD5x4tJq,0.9016666666666666,i think so,3,10,1,2,-0.6791754281192274,-0.7276554785686098,0,0,1.0,0.3333333333333333,0,0.0
hbask3aBPDiJJxpj9,6_T,False,2.0,3.0,170,255,0,6.0,True,False,8,25,lmao,1677262938561,yh99CvRS9gPf3QQEc,0.9016666666666666,lmao,1,4,1,1,-0.8889374551677366,-0.992875699729131,0,0,1.0,0.0,0,0.0
hbask3aBPDiJJxpj9,6_T,False,2.0,3.0,170,255,0,6.0,True,False,8,25,game is not lying,1677262942819,NqS7JeMTuwo4qwP93,0.9016666666666666,game is not lying,4,17,1,4,-0.2596513740222088,-0.19721503624756714,0,0,1.0,0.0,0,0.0
hbask3aBPDiJJxpj9,6_T,False,2.0,3.0,170,255,0,6.0,True,False,8,25,your lyinh,1677262942721,yh99CvRS9gPf3QQEc,0.9016666666666666,your lyinh,2,10,1,2,-0.6791754281192274,-0.7276554785686098,0,0,1.0,0.0,0,0.0
hbask3aBPDiJJxpj9,6_T,False,2.0,3.0,170,255,0,6.0,True,False,8,25,down arrow works,1677262944661,NB6ndeuvy77jh9GY9,0.9016666666666666,down arrow works,3,16,1,3,-0.46941340107071805,-0.46243525740808844,0,0,1.0,0.0,0,0.0
hbask3aBPDiJJxpj9,6_T,False,2.0,3.0,170,255,0,6.0,True,False,8,25,wish i could show a screen shot,1677262978786,aWSRgNmvKanEZ8GT9,0.9016666666666666,wish i could show a screen shot,7,31,1,6,0.1598726800748097,0.3332254060734755,0,0,1.0,0.14285714285714285,0,0.0
hbask3aBPDiJJxpj9,6_T,False,2.0,3.0,170,255,0,6.0,True,False,8,25,are you saying that youre trying to put in 20 but the game is doing things on its own,1677262981336,JJRLeSKuJnn5Jzumv,0.9016666666666666,are you saying that you're trying to put in 20 but the game is doing things on it's own?,19,85,1,19,2.88677903170543,3.7810882811602524,1,0,1.0,0.0,0,0.0
hbask3aBPDiJJxpj9,6_T,False,2.0,3.0,170,255,0,6.0,True,False,8,25,ok so were all doing 20 now,1677262999265,RL4TXEbKNvD5x4tJq,0.9016666666666666,ok so we're all doing 20 now?,7,27,1,7,0.369634707123319,0.5984456272339967,1,0,1.0,0.0,0,0.2196078431372549
hbask3aBPDiJJxpj9,6_T,False,2.0,3.0,170,255,0,6.0,True,False,8,25,our bonus is gonna suck,1677263000286,NqS7JeMTuwo4qwP93,0.9016666666666666,our bonus is gonna suck,5,23,1,5,-0.049889346973699546,0.06800518491295418,0,0,1.0,0.2,0,0.0
hbask3aBPDiJJxpj9,6_T,False,2.0,3.0,170,255,0,6.0,True,False,8,25,everyone in,1677263002307,RL4TXEbKNvD5x4tJq,0.9016666666666666,everyone in,2,11,1,2,-0.6791754281192274,-0.7276554785686098,0,0,1.0,0.0,0,0.0
hbask3aBPDiJJxpj9,6_T,False,2.0,3.0,170,255,0,6.0,True,False,8,25,im trying to add 20 beleive me,1677263034018,aWSRgNmvKanEZ8GT9,0.9016666666666666,i'm trying to add 20 beleive me,7,30,1,6,0.1598726800748097,0.3332254060734755,0,0,1.0,0.14285714285714285,0,0.0
hbask3aBPDiJJxpj9,6_T,False,2.0,3.0,170,255,0,6.0,True,False,8,25,a bird never lies,1677263042182,NqS7JeMTuwo4qwP93,0.9016666666666666,a bird never lies,4,17,1,4,-0.2596513740222088,-0.19721503624756714,0,0,1.0,0.0,0,0.0
hbask3aBPDiJJxpj9,6_T,False,2.0,3.0,170,255,0,6.0,True,False,8,25,lol,1677263048592,JJRLeSKuJnn5Jzumv,0.9016666666666666,lol,1,3,1,1,-0.8889374551677366,-0.992875699729131,0,0,1.0,0.0,0,0.0
hbask3aBPDiJJxpj9,6_T,False,2.0,3.0,170,255,0,6.0,True,False,8,25,lol this guy,1677263075316,yh99CvRS9gPf3QQEc,0.9016666666666666,lol this guy,3,12,1,3,-0.46941340107071805,-0.46243525740808844,0,0,1.0,0.0,0,0.06666666666666667
hbask3aBPDiJJxpj9,6_T,False,2.0,3.0,170,255,0,6.0,True,False,8,25,the check is in the mail,1677263078411,NB6ndeuvy77jh9GY9,0.9016666666666666,the check is in the mail,6,24,1,6,0.1598726800748097,0.3332254060734755,0,0,0.8333333333333334,0.0,0,0.0
hbask3aBPDiJJxpj9,6_T,False,2.0,3.0,170,255,0,6.0,True,False,8,25,red bird is back to lying,1677263080844,NqS7JeMTuwo4qwP93,0.9016666666666666,red bird is back to lying,6,25,1,6,0.1598726800748097,0.3332254060734755,0,0,1.0,0.0,1,0.0
hbask3aBPDiJJxpj9,6_T,False,2.0,3.0,170,255,0,6.0,True,False,8,25,im not,1677263093673,aWSRgNmvKanEZ8GT9,0.9016666666666666,i'm not,2,6,1,2,-0.6791754281192274,-0.7276554785686098,0,0,1.0,0.0,0,0.0
hbask3aBPDiJJxpj9,6_T,False,2.0,3.0,170,255,0,6.0,True,False,8,25,angry bird is cheating bird lol,1677263094901,RL4TXEbKNvD5x4tJq,0.9016666666666666,angry bird is cheating bird lol,6,31,1,6,0.1598726800748097,0.3332254060734755,0,0,0.8333333333333334,0.0,0,0.0
hbask3aBPDiJJxpj9,6_T,False,2.0,3.0,170,255,0,6.0,True,False,8,25,i dont care at this point i will waste all my points on deducting from you,1677263103306,yh99CvRS9gPf3QQEc,0.9016666666666666,i dont care at this point i will waste all my points on deducting from you,16,74,1,13,1.6282068694143745,2.1897669541971245,0,0,0.9375,0.1875,0,0.0
hbask3aBPDiJJxpj9,6_T,False,2.0,3.0,170,255,0,6.0,True,False,8,25,yep  everyones doing the 20 except red bird,1677263107079,JJRLeSKuJnn5Jzumv,0.9016666666666666,yep  everyone's doing the 20 except red bird,8,43,1,8,0.5793967341718282,0.8636658483945181,0,0,1.0,0.0,0,0.0
hbask3aBPDiJJxpj9,6_T,False,2.0,3.0,170,255,0,6.0,True,False,8,25,red bird is ted bundy,1677263116645,NqS7JeMTuwo4qwP93,0.9016666666666666,red bird is ted bundy,5,21,1,5,-0.049889346973699546,0.06800518491295418,0,0,1.0,0.0,0,0.20833333333333331
hbask3aBPDiJJxpj9,6_T,False,2.0,3.0,170,255,0,6.0,True,False,8,25,21 every time,1677263124602,yh99CvRS9gPf3QQEc,0.9016666666666666,-21 every time,3,13,1,3,-0.46941340107071805,-0.46243525740808844,0,0,1.0,0.0,0,0.0
hbask3aBPDiJJxpj9,6_T,False,2.0,3.0,170,255,0,6.0,True,False,8,25,no jeffrey dahmer,1677263135017,aWSRgNmvKanEZ8GT9,0.9016666666666666,no jeffrey dahmer,3,17,1,3,-0.46941340107071805,-0.46243525740808844,0,0,1.0,0.0,0,0.0
hbask3aBPDiJJxpj9,6_T,False,2.0,3.0,170,255,0,6.0,True,False,8,25,thats why you got the least amount of points idiot,1677263148865,yh99CvRS9gPf3QQEc,0.9016666666666666,thats why you got the least amount of points idiot,10,50,1,10,0.9989207882688468,1.3941062907155608,0,0,1.0,0.0,0,0.0
hbask3aBPDiJJxpj9,6_T,False,2.0,3.0,170,255,0,6.0,True,False,8,25,awesomeeveryo9ne was in that time,1677263182519,JJRLeSKuJnn5Jzumv,0.9016666666666666,awesome...everyo9ne was in that time.,5,33,1,5,-0.049889346973699546,0.06800518491295418,0,0,1.0,0.0,0,0.0
hbask3aBPDiJJxpj9,6_T,False,2.0,3.0,170,255,0,6.0,True,False,8,25,for once,1677263189607,yh99CvRS9gPf3QQEc,0.9016666666666666,for once,2,8,1,2,-0.6791754281192274,-0.7276554785686098,0,0,1.0,0.0,0,0.0
hbask3aBPDiJJxpj9,6_T,False,2.0,3.0,170,255,0,6.0,True,False,8,25,sorry got mixed up,1677263258609,aWSRgNmvKanEZ8GT9,0.9016666666666666,sorry got mixed up,4,18,1,4,-0.2596513740222088,-0.19721503624756714,0,1,1.0,0.0,0,0.0
hbask3aBPDiJJxpj9,6_T,False,2.0,3.0,170,255,0,6.0,True,False,8,25,it makes the game go faster when everyone goes 20,1677263270767,JJRLeSKuJnn5Jzumv,0.9016666666666666,it makes the game go faster when everyone goes 20,10,49,1,10,0.9989207882688468,1.3941062907155608,0,0,1.0,0.0,0,0.0
hbask3aBPDiJJxpj9,6_T,False,2.0,3.0,170,255,0,6.0,True,False,8,25,15 huh cant help yourself,1677263359442,yh99CvRS9gPf3QQEc,0.9016666666666666,15 huh? cant help yourself,5,25,1,5,-0.049889346973699546,0.06800518491295418,1,0,1.0,0.0,0,0.0
hbask3aBPDiJJxpj9,6_T,False,2.0,3.0,170,255,0,6.0,True,False,8,25,angry bird for lunch ha ha,1677263391041,NB6ndeuvy77jh9GY9,0.9016666666666666,angry bird for lunch ha ha,6,26,1,6,0.1598726800748097,0.3332254060734755,0,0,0.8333333333333334,0.0,0,0.0
hbask3aBPDiJJxpj9,6_T,False,2.0,3.0,170,255,0,6.0,True,False,8,25,bad bunny,1677263450175,JJRLeSKuJnn5Jzumv,0.9016666666666666,bad bunny,2,9,1,2,-0.6791754281192274,-0.7276554785686098,0,0,1.0,0.0,0,0.0
hbask3aBPDiJJxpj9,6_T,False,2.0,3.0,170,255,0,6.0,True,False,8,25,bonus might be nice after all,1677263449653,yh99CvRS9gPf3QQEc,0.9016666666666666,bonus might be nice after all,6,29,1,6,0.1598726800748097,0.3332254060734755,0,0,1.0,0.0,0,0.0
hbask3aBPDiJJxpj9,6_T,False,2.0,3.0,170,255,0,6.0,True,False,8,25,nice working with you all,1677263568644,RL4TXEbKNvD5x4tJq,0.9016666666666666,nice working with you all!,5,25,1,5,-0.049889346973699546,0.06800518491295418,0,0,1.0,0.0,1,0.3333333333333333
hbask3aBPDiJJxpj9,6_T,False,2.0,3.0,170,255,0,6.0,True,False,8,25,lol  ok whos gonna cheat on the last round,1677263576154,JJRLeSKuJnn5Jzumv,0.9016666666666666,lol  ok who's gonna cheat on the last round.,9,42,1,9,0.7891587612203375,1.1288860695550393,0,0,1.0,0.0,0,0.0
hbask3aBPDiJJxpj9,6_T,False,2.0,3.0,170,255,0,6.0,True,False,8,25,lol,1677263583710,RL4TXEbKNvD5x4tJq,0.9016666666666666,lol,1,3,1,1,-0.8889374551677366,-0.992875699729131,0,0,1.0,0.0,0,0.06666666666666667
hbask3aBPDiJJxpj9,6_T,False,2.0,3.0,170,255,0,6.0,True,False,8,25,cheating self not good,1677263596900,NB6ndeuvy77jh9GY9,0.9016666666666666,cheating self not good,4,22,1,4,-0.2596513740222088,-0.19721503624756714,0,0,1.0,0.0,0,0.0
hbask3aBPDiJJxpj9,6_T,False,2.0,3.0,170,255,0,6.0,True,False,8,25,no one   awesome  thanks guys,1677263617182,JJRLeSKuJnn5Jzumv,0.9016666666666666,no one   awesome!!  thanks guys,5,29,1,5,-0.049889346973699546,0.06800518491295418,0,0,1.0,0.0,0,0.0
Pt5hxQxKrdYjd3mGX,8_T,False,2.0,7.0,20,70,0,1.0,True,False,3,10,nan,0,NULL_SPEAKER,0.85,nan,1,3,1,1,-0.8889374551677366,,0,0,1.0,0.0,0,0.0
gSAoF32a73zAD6qbP,1_T,True,2.0,4.0,386,372,400,4.6,True,True,6,35,nan,0,NULL_SPEAKER,0.8382505175983437,nan,1,3,1,1,-0.8889374551677366,,0,0,1.0,0.0,0,0.09090909090909091
tgt4ZJQ9KZkJeeDCc,0_C,False,3.0,9.0,0,0,0,1.3,False,False,2,20,if we contribute the max we will both get a high bonus,1677263505376,TBnoG8FndBwuuGDg7,0.8201923076923077,if we contribute the max we will both get a high bonus,12,54,1,12,1.4184448423658653,,0,0,0.9166666666666666,0.16666666666666666,0,0.0
yKHxFMtaEJrrKCmX6,3_C,False,4.0,13.0,0,0,0,4.0,False,False,4,45,nan,0,NULL_SPEAKER,0.798125,nan,1,3,1,1,-0.8889374551677366,,0,0,1.0,0.0,0,0.0
xi8b3rnqAESQAEGS8,7_T,True,3.0,12.0,60,240,0,1.8,True,True,4,30,nan,0,NULL_SPEAKER,0.7583333333333333,nan,1,3,1,1,-0.8889374551677366,,0,0,1.0,0.0,0,0.09090909090909091
SkeKqNLkys7dNdujC,4_C,True,3.0,9.0,123,0,369,5.6,False,True,6,15,nan,0,NULL_SPEAKER,0.6739087301587302,nan,1,3,1,1,-0.8889374551677366,,0,0,1.0,0.0,0,0.09090909090909091
EZEPLDywvah6husHW,2_C,True,1.0,1.0,25,0,25,3.2,False,True,8,5,nan,0,NULL_SPEAKER,0.6546875,nan,1,3,1,1,-0.8889374551677366,,0,0,1.0,0.0,0,0.09090909090909091
EqiikgYjTFRyueZsm,5_T,False,1.0,2.0,1866,3732,0,2.4,True,False,10,40,hi everyone,1677262940272,5dQrXBdm4SgzEqKeE,0.5543229166666667,hi everyone,2,11,1,2,-0.6791754281192274,-0.8080033173452293,0,0,1.0,0.0,0,0.0
EqiikgYjTFRyueZsm,5_T,False,1.0,2.0,1866,3732,0,2.4,True,False,10,40,hiya ,1677262944109,EmY6Asi7ngDtC9mPS,0.5543229166666667,hiya :),1,5,1,1,-0.8889374551677366,-1.0039441218014475,0,0,1.0,0.0,0,0.0
EqiikgYjTFRyueZsm,5_T,False,1.0,2.0,1866,3732,0,2.4,True,False,10,40,hi,1677262948901,q5xd5NiPvP23fr97d,0.5543229166666667,hi,1,2,1,1,-0.8889374551677366,-1.0039441218014475,0,0,1.0,0.0,0,0.0
EqiikgYjTFRyueZsm,5_T,False,1.0,2.0,1866,3732,0,2.4,True,False,10,40,hi,1677262952890,6NKdNbv67yx72QPDW,0.5543229166666667,hi,1,2,1,1,-0.8889374551677366,-1.0039441218014475,0,0,1.0,0.0,1,0.0
EqiikgYjTFRyueZsm,5_T,False,1.0,2.0,1866,3732,0,2.4,True,False,10,40,hayy,1677262963063,TyJHmybFHmkohGsmg,0.5543229166666667,hayy,1,4,1,1,-0.8889374551677366,-1.0039441218014475,0,0,1.0,0.0,0,0.0
EqiikgYjTFRyueZsm,5_T,False,1.0,2.0,1866,3732,0,2.4,True,False,10,40,howdy,1677262967896,2MSF5GmiTNsx9PJrj,0.5543229166666667,howdy,1,5,1,1,-0.8889374551677366,-1.0039441218014475,0,0,1.0,0.0,0,0.0
EqiikgYjTFRyueZsm,5_T,False,1.0,2.0,1866,3732,0,2.4,True,False,10,40,oops i shared 0 by accident i wont do it again the arrow is confusing,1677263026807,5dQrXBdm4SgzEqKeE,0.5543229166666667,oops. i shared 0 by accident. i won't do it again. the arrow is confusing,15,69,1,13,1.6282068694143745,1.3473455316731702,0,0,0.9333333333333333,0.13333333333333333,0,0.0
EqiikgYjTFRyueZsm,5_T,False,1.0,2.0,1866,3732,0,2.4,True,False,10,40,it happens ,1677263047113,EmY6Asi7ngDtC9mPS,0.5543229166666667,it happens :),2,11,1,2,-0.6791754281192274,-0.8080033173452293,0,0,1.0,0.0,1,0.0
EqiikgYjTFRyueZsm,5_T,False,1.0,2.0,1866,3732,0,2.4,True,False,10,40,guys if everyone contributes the max we all make more ,1677263141932,R4AkYB9Por6TXMqNn,0.5543229166666667,"guys, if everyone contributes the max we all make more $",10,54,1,10,0.9989207882688468,0.7595231183045158,0,0,1.0,0.1,0,0.0
EqiikgYjTFRyueZsm,5_T,False,1.0,2.0,1866,3732,0,2.4,True,False,10,40,just share 20 guys thats how we all make the most money,1677263147826,5dQrXBdm4SgzEqKeE,0.5543229166666667,just share 20 guys. that's how we all make the most money,12,55,1,12,1.4184448423658653,1.151404727216952,0,0,1.0,0.08333333333333333,3,0.2777777777777778
EqiikgYjTFRyueZsm,5_T,False,1.0,2.0,1866,3732,0,2.4,True,False,10,40,i wonder is the chick is a plant,1677263165774,EmY6Asi7ngDtC9mPS,0.5543229166666667,i wonder is the chick is a plant,8,32,1,7,0.369634707123319,0.17170070493586134,0,0,0.875,0.125,1,0.0
EqiikgYjTFRyueZsm,5_T,False,1.0,2.0,1866,3732,0,2.4,True,False,10,40,we should start deducting,1677263184911,5dQrXBdm4SgzEqKeE,0.5543229166666667,we should start deducting,4,25,1,4,-0.2596513740222088,-0.41612170843279306,0,0,1.0,0.25,0,0.0
EqiikgYjTFRyueZsm,5_T,False,1.0,2.0,1866,3732,0,2.4,True,False,10,40,im 100 real and legit,1677263187028,R4AkYB9Por6TXMqNn,0.5543229166666667,i'm 100% real and legit,5,21,1,5,-0.049889346973699546,-0.22018090397657494,0,0,1.0,0.0,0,0.0
EqiikgYjTFRyueZsm,5_T,False,1.0,2.0,1866,3732,0,2.4,True,False,10,40,yes,1677263187845,EmY6Asi7ngDtC9mPS,0.5543229166666667,yes,1,3,1,1,-0.8889374551677366,-1.0039441218014475,0,0,1.0,0.0,0,0.0
EqiikgYjTFRyueZsm,5_T,False,1.0,2.0,1866,3732,0,2.4,True,False,10,40,the yellow chick,1677263205845,EmY6Asi7ngDtC9mPS,0.5543229166666667,the yellow chick,3,16,1,3,-0.46941340107071805,-0.6120625128890113,0,0,1.0,0.0,0,0.0
EqiikgYjTFRyueZsm,5_T,False,1.0,2.0,1866,3732,0,2.4,True,False,10,40,ive been clicking the wrong button,1677263215358,q5xd5NiPvP23fr97d,0.5543229166666667,i've been clicking the wrong button.,6,34,1,6,0.1598726800748097,-0.024240099520356797,0,0,1.0,0.0,1,0.0
EqiikgYjTFRyueZsm,5_T,False,1.0,2.0,1866,3732,0,2.4,True,False,10,40,ok,1677263224693,EmY6Asi7ngDtC9mPS,0.5543229166666667,ok,1,2,1,1,-0.8889374551677366,-1.0039441218014475,0,0,1.0,0.0,0,0.0
EqiikgYjTFRyueZsm,5_T,False,1.0,2.0,1866,3732,0,2.4,True,False,10,40,moose is slacking come on buddy,1677263249355,R4AkYB9Por6TXMqNn,0.5543229166666667,"moose is slacking, come on buddy!",6,31,1,6,0.1598726800748097,-0.024240099520356797,0,0,1.0,0.0,0,0.0
EqiikgYjTFRyueZsm,5_T,False,1.0,2.0,1866,3732,0,2.4,True,False,10,40,do we know how many rounds there are in total,1677263266954,6NKdNbv67yx72QPDW,0.5543229166666667,do we know how many rounds there are in total?,10,45,1,10,0.9989207882688468,0.7595231183045158,1,0,1.0,0.1,0,0.0
EqiikgYjTFRyueZsm,5_T,False,1.0,2.0,1866,3732,0,2.4,True,False,10,40,i dont remember,1677263317266,EmY6Asi7ngDtC9mPS,0.5543229166666667,i dont remember,3,15,1,2,-0.6791754281192274,-0.8080033173452293,0,0,1.0,0.3333333333333333,0,0.0
EqiikgYjTFRyueZsm,5_T,False,1.0,2.0,1866,3732,0,2.4,True,False,10,40,it didnt say,1677263326550,5dQrXBdm4SgzEqKeE,0.5543229166666667,it didn't say,3,12,1,3,-0.46941340107071805,-0.6120625128890113,0,0,1.0,0.0,0,0.0
EqiikgYjTFRyueZsm,5_T,False,1.0,2.0,1866,3732,0,2.4,True,False,10,40,we should all deduct from the zeros,1677263325956,EmY6Asi7ngDtC9mPS,0.5543229166666667,we should all deduct from the zeros,7,35,1,7,0.369634707123319,0.17170070493586134,0,0,1.0,0.14285714285714285,0,0.0
EqiikgYjTFRyueZsm,5_T,False,1.0,2.0,1866,3732,0,2.4,True,False,10,40,yes,1677263334376,5dQrXBdm4SgzEqKeE,0.5543229166666667,yes,1,3,1,1,-0.8889374551677366,-1.0039441218014475,0,0,1.0,0.0,0,0.0
EqiikgYjTFRyueZsm,5_T,False,1.0,2.0,1866,3732,0,2.4,True,False,10,40,ok,1677263333721,K2ueQPs64B5uZtkb2,0.5543229166666667,ok,1,2,1,1,-0.8889374551677366,-1.0039441218014475,0,0,1.0,0.0,0,0.0
EqiikgYjTFRyueZsm,5_T,False,1.0,2.0,1866,3732,0,2.4,True,False,10,40,i agree with rooster about deductions from the zero contributers,1677263383988,R4AkYB9Por6TXMqNn,0.5543229166666667,i agree with rooster about deductions from the zero contributers,10,64,1,9,0.7891587612203375,0.5635823138482976,0,0,1.0,0.1,0,0.0
EqiikgYjTFRyueZsm,5_T,False,1.0,2.0,1866,3732,0,2.4,True,False,10,40,should deduct anyone not sharing 20,1677263402512,5dQrXBdm4SgzEqKeE,0.5543229166666667,should deduct anyone not sharing 20,6,35,1,6,0.1598726800748097,-0.024240099520356797,0,0,1.0,0.0,0,0.0
EqiikgYjTFRyueZsm,5_T,False,1.0,2.0,1866,3732,0,2.4,True,False,10,40,a friend just finished with 2300 bonus,1677263407321,EmY6Asi7ngDtC9mPS,0.5543229166666667,a friend just finished with 23.00 bonus,7,38,1,7,0.369634707123319,0.17170070493586134,0,0,1.0,0.0,0,0.0
EqiikgYjTFRyueZsm,5_T,False,1.0,2.0,1866,3732,0,2.4,True,False,10,40,im trying to increase my contribution but some rounds it starts at ten and in other rounds it resets down to zero  i cant tell what its going to be,1677263408626,6NKdNbv67yx72QPDW,0.5543229166666667,"i'm trying to increase my contribution, but some rounds it starts at ten, and in other rounds, it resets down to zero.  i can't tell what it's going to be",30,147,1,28,4.774637275142013,4.286457598516442,0,0,0.8666666666666667,0.06666666666666667,0,0.0
EqiikgYjTFRyueZsm,5_T,False,1.0,2.0,1866,3732,0,2.4,True,False,10,40,i also am getting a max of 10,1677263458393,EmY6Asi7ngDtC9mPS,0.5543229166666667,i also am getting a max of 10,8,29,1,7,0.369634707123319,0.17170070493586134,0,0,1.0,0.125,1,0.0
EqiikgYjTFRyueZsm,5_T,False,1.0,2.0,1866,3732,0,2.4,True,False,10,40,u can click the buttons to change how much u share,1677263463543,5dQrXBdm4SgzEqKeE,0.5543229166666667,u can click the buttons to change how much u share,11,50,1,11,1.208682815317356,0.9554639227607339,0,0,0.9090909090909091,0.0,0,0.0
EqiikgYjTFRyueZsm,5_T,False,1.0,2.0,1866,3732,0,2.4,True,False,10,40,click the right most button u guys confused,1677263493258,5dQrXBdm4SgzEqKeE,0.5543229166666667,click the right most button. u guys confused,8,43,1,8,0.5793967341718282,0.36764150939207946,0,0,1.0,0.0,1,0.5
EqiikgYjTFRyueZsm,5_T,False,1.0,2.0,1866,3732,0,2.4,True,False,10,40,moose sucks,1677263535584,EmY6Asi7ngDtC9mPS,0.5543229166666667,moose sucks,2,11,1,2,-0.6791754281192274,-0.8080033173452293,0,0,1.0,0.0,0,0.0
EqiikgYjTFRyueZsm,5_T,False,1.0,2.0,1866,3732,0,2.4,True,False,10,40,i think some kind of barnyard animal designed this interface,1677263582695,6NKdNbv67yx72QPDW,0.5543229166666667,i think some kind of barnyard animal designed this interface,10,60,1,9,0.7891587612203375,0.5635823138482976,0,0,1.0,0.1,0,0.0
EqiikgYjTFRyueZsm,5_T,False,1.0,2.0,1866,3732,0,2.4,True,False,10,40,deduct moose multiple times not just once,1677263618991,5dQrXBdm4SgzEqKeE,0.5543229166666667,deduct moose multiple times. not just once,7,41,1,7,0.369634707123319,0.17170070493586134,0,0,1.0,0.0,0,0.0
EqiikgYjTFRyueZsm,5_T,False,1.0,2.0,1866,3732,0,2.4,True,False,10,40,i have been,1677263628096,EmY6Asi7ngDtC9mPS,0.5543229166666667,i have been,3,11,1,2,-0.6791754281192274,-0.8080033173452293,0,0,1.0,0.3333333333333333,0,0.0
EqiikgYjTFRyueZsm,5_T,False,1.0,2.0,1866,3732,0,2.4,True,False,10,40,he will make almost nothing if we all deduct him 34 times each round,1677263647755,5dQrXBdm4SgzEqKeE,0.5543229166666667,he will make almost nothing if we all deduct him 3~4 times each round,14,68,1,14,1.837968896462884,1.5432863361293883,0,0,1.0,0.07142857142857142,0,0.0
EqiikgYjTFRyueZsm,5_T,False,1.0,2.0,1866,3732,0,2.4,True,False,10,40,ive given my full amount each time so why me,1677263671502,TyJHmybFHmkohGsmg,0.5543229166666667,i've given my full amount each time. so why me?,10,44,1,8,0.5793967341718282,0.36764150939207946,1,0,1.0,0.2,1,0.0
EqiikgYjTFRyueZsm,5_T,False,1.0,2.0,1866,3732,0,2.4,True,False,10,40,lol uve been sharing 0,1677263687385,5dQrXBdm4SgzEqKeE,0.5543229166666667,lol? u've been sharing 0,5,22,1,5,-0.049889346973699546,-0.22018090397657494,1,0,1.0,0.0,0,0.0
EqiikgYjTFRyueZsm,5_T,False,1.0,2.0,1866,3732,0,2.4,True,False,10,40,are you blind,1677263693680,5dQrXBdm4SgzEqKeE,0.5543229166666667,are you blind,3,13,1,3,-0.46941340107071805,-0.6120625128890113,0,0,1.0,0.0,0,0.0
EqiikgYjTFRyueZsm,5_T,False,1.0,2.0,1866,3732,0,2.4,True,False,10,40,you are giving zero,1677263690878,EmY6Asi7ngDtC9mPS,0.5543229166666667,you are giving zero,4,19,1,4,-0.2596513740222088,-0.41612170843279306,0,0,1.0,0.0,2,0.0
EqiikgYjTFRyueZsm,5_T,False,1.0,2.0,1866,3732,0,2.4,True,False,10,40,click the down arrow,1677263690796,q5xd5NiPvP23fr97d,0.5543229166666667,click the down arrow,4,20,1,4,-0.2596513740222088,-0.41612170843279306,0,0,1.0,0.0,0,0.0
EqiikgYjTFRyueZsm,5_T,False,1.0,2.0,1866,3732,0,2.4,True,False,10,40,moose your full amount is 20 not 0,1677263692731,R4AkYB9Por6TXMqNn,0.5543229166666667,"moose, your full amount is 20, not 0!",8,34,1,8,0.5793967341718282,0.36764150939207946,0,0,1.0,0.0,0,0.0
EqiikgYjTFRyueZsm,5_T,False,1.0,2.0,1866,3732,0,2.4,True,False,10,40,umm no 20,1677263695283,TyJHmybFHmkohGsmg,0.5543229166666667,"umm, no. 20",3,9,1,3,-0.46941340107071805,-0.6120625128890113,0,0,1.0,0.0,0,0.0196078431372549
EqiikgYjTFRyueZsm,5_T,False,1.0,2.0,1866,3732,0,2.4,True,False,10,40,the down arrow actually increases your contribution,1677263717929,6NKdNbv67yx72QPDW,0.5543229166666667,"the ""down"" arrow actually increases your contribution",7,51,1,7,0.369634707123319,0.17170070493586134,0,0,1.0,0.0,0,0.0
EqiikgYjTFRyueZsm,5_T,False,1.0,2.0,1866,3732,0,2.4,True,False,10,40,moose is trolling,1677263763209,5dQrXBdm4SgzEqKeE,0.5543229166666667,moose is trolling,3,17,1,3,-0.46941340107071805,-0.6120625128890113,0,0,1.0,0.0,0,0.0
EqiikgYjTFRyueZsm,5_T,False,1.0,2.0,1866,3732,0,2.4,True,False,10,40,just deduct him,1677263765759,5dQrXBdm4SgzEqKeE,0.5543229166666667,just deduct him,3,15,1,3,-0.46941340107071805,-0.6120625128890113,0,0,1.0,0.0,0,0.0
EqiikgYjTFRyueZsm,5_T,False,1.0,2.0,1866,3732,0,2.4,True,False,10,40,moose is a bot,1677263783619,R4AkYB9Por6TXMqNn,0.5543229166666667,moose is a bot?,4,14,1,4,-0.2596513740222088,-0.41612170843279306,1,0,1.0,0.0,0,0.0
EqiikgYjTFRyueZsm,5_T,False,1.0,2.0,1866,3732,0,2.4,True,False,10,40,hes a pos,1677263794154,5dQrXBdm4SgzEqKeE,0.5543229166666667,he's a pos,3,9,1,3,-0.46941340107071805,-0.6120625128890113,0,0,1.0,0.0,1,0.0
EqiikgYjTFRyueZsm,5_T,False,1.0,2.0,1866,3732,0,2.4,True,False,10,40,i think this study is about animal bullying,1677263803864,TyJHmybFHmkohGsmg,0.5543229166666667,i think this study is about animal bullying,8,43,1,7,0.369634707123319,0.17170070493586134,0,0,1.0,0.125,0,0.0
EqiikgYjTFRyueZsm,5_T,False,1.0,2.0,1866,3732,0,2.4,True,False,10,40,moose why dont you want to cooperate and earn more money,1677263827722,R4AkYB9Por6TXMqNn,0.5543229166666667,"moose, why don't you want to cooperate and earn more money?",11,56,1,11,1.208682815317356,0.9554639227607339,1,0,1.0,0.0,0,0.0
EqiikgYjTFRyueZsm,5_T,False,1.0,2.0,1866,3732,0,2.4,True,False,10,40,a plant to annoy us,1677263869684,EmY6Asi7ngDtC9mPS,0.5543229166666667,a plant to annoy us,5,19,1,5,-0.049889346973699546,-0.22018090397657494,0,0,1.0,0.0,1,0.0
EqiikgYjTFRyueZsm,5_T,False,1.0,2.0,1866,3732,0,2.4,True,False,10,40,i am going to share 0 and spend all my earning on deducting him,1677263904318,5dQrXBdm4SgzEqKeE,0.5543229166666667,i am going to share 0 and spend all my earning on deducting him,14,63,1,12,1.4184448423658653,1.151404727216952,0,0,1.0,0.14285714285714285,1,0.0
EqiikgYjTFRyueZsm,5_T,False,1.0,2.0,1866,3732,0,2.4,True,False,10,40,rofl,1677263909002,EmY6Asi7ngDtC9mPS,0.5543229166666667,rofl,1,4,1,1,-0.8889374551677366,-1.0039441218014475,0,0,1.0,0.0,0,0.0
EqiikgYjTFRyueZsm,5_T,False,1.0,2.0,1866,3732,0,2.4,True,False,10,40,he makes 0 and i make 0 too,1677263966959,5dQrXBdm4SgzEqKeE,0.5543229166666667,he makes 0 and i make 0 too,8,27,1,7,0.369634707123319,0.17170070493586134,0,0,0.875,0.125,0,0.0
EqiikgYjTFRyueZsm,5_T,False,1.0,2.0,1866,3732,0,2.4,True,False,10,40,its fine,1677263968051,5dQrXBdm4SgzEqKeE,0.5543229166666667,it's fine,2,8,1,2,-0.6791754281192274,-0.8080033173452293,0,0,1.0,0.0,0,0.0
EqiikgYjTFRyueZsm,5_T,False,1.0,2.0,1866,3732,0,2.4,True,False,10,40,i have been deducting 6,1677264017297,EmY6Asi7ngDtC9mPS,0.5543229166666667,i have been deducting 6,5,23,1,4,-0.2596513740222088,-0.41612170843279306,0,0,1.0,0.2,0,0.0
EqiikgYjTFRyueZsm,5_T,False,1.0,2.0,1866,3732,0,2.4,True,False,10,40,i deducted 34 every round so he lost 68 every round,1677264044763,5dQrXBdm4SgzEqKeE,0.5543229166666667,i deducted 34 every round. so he lost 68 every round,11,51,1,10,0.9989207882688468,0.7595231183045158,0,0,0.8181818181818182,0.09090909090909091,1,0.0
EqiikgYjTFRyueZsm,5_T,False,1.0,2.0,1866,3732,0,2.4,True,False,10,40,awesome,1677264051304,EmY6Asi7ngDtC9mPS,0.5543229166666667,awesome,1,7,1,1,-0.8889374551677366,-1.0039441218014475,0,0,1.0,0.0,0,0.0
EqiikgYjTFRyueZsm,5_T,False,1.0,2.0,1866,3732,0,2.4,True,False,10,40,monkey why are you not sharing you can still deduct from moose if you share in fact youll have more to deduct if you contribute more,1677264185553,R4AkYB9Por6TXMqNn,0.5543229166666667,"monkey, why are you not sharing, you can still deduct from moose if you share, in fact you'll have more to deduct if you contribute more",26,132,1,26,4.355113221044995,3.894575989604006,0,0,0.7692307692307693,0.0,0,0.0
EqiikgYjTFRyueZsm,5_T,False,1.0,2.0,1866,3732,0,2.4,True,False,10,40,because i am not earning anything while letting you guys earn,1677264203737,5dQrXBdm4SgzEqKeE,0.5543229166666667,"because i am not earning anything, while letting you guys earn",11,61,1,10,0.9989207882688468,0.7595231183045158,0,0,1.0,0.09090909090909091,2,0.0
EqiikgYjTFRyueZsm,5_T,False,1.0,2.0,1866,3732,0,2.4,True,False,10,40,monkey is your nickname bear,1677264217803,EmY6Asi7ngDtC9mPS,0.5543229166666667,"monkey, is your nickname bear?",5,28,1,5,-0.049889346973699546,-0.22018090397657494,1,0,1.0,0.0,0,0.0
EqiikgYjTFRyueZsm,5_T,False,1.0,2.0,1866,3732,0,2.4,True,False,10,40,but monkey you are harming the group by not sharing,1677264226505,R4AkYB9Por6TXMqNn,0.5543229166666667,but monkey you are harming the group by not sharing,10,51,1,10,0.9989207882688468,0.7595231183045158,0,0,1.0,0.0,0,0.08333333333333333
EqiikgYjTFRyueZsm,5_T,False,1.0,2.0,1866,3732,0,2.4,True,False,10,40,so is the moose,1677264236236,5dQrXBdm4SgzEqKeE,0.5543229166666667,so is the moose,4,15,1,4,-0.2596513740222088,-0.41612170843279306,0,0,1.0,0.0,1,0.0
EqiikgYjTFRyueZsm,5_T,False,1.0,2.0,1866,3732,0,2.4,True,False,10,40,i was sharing 20 until it became clear he wasnt gonna share at all,1677264265410,5dQrXBdm4SgzEqKeE,0.5543229166666667,i was sharing 20 until it became clear he wasn't gonna share at all,14,66,1,13,1.6282068694143745,1.3473455316731702,0,0,1.0,0.07142857142857142,0,0.0
EqiikgYjTFRyueZsm,5_T,False,1.0,2.0,1866,3732,0,2.4,True,False,10,40,so two wrongs make a right monkey,1677264268266,R4AkYB9Por6TXMqNn,0.5543229166666667,"so two wrongs make a right, monkey?",7,33,1,7,0.369634707123319,0.17170070493586134,1,0,1.0,0.0,0,0.0
EqiikgYjTFRyueZsm,5_T,False,1.0,2.0,1866,3732,0,2.4,True,False,10,40,so now i am spending all my earning to deduct him so he earns nothing,1677264275262,5dQrXBdm4SgzEqKeE,0.5543229166666667,so now i am spending all my earning to deduct him so he earns nothing,15,69,1,13,1.6282068694143745,1.3473455316731702,0,0,0.9333333333333333,0.13333333333333333,2,0.0
EqiikgYjTFRyueZsm,5_T,False,1.0,2.0,1866,3732,0,2.4,True,False,10,40,yes it does in this case,1677264284373,5dQrXBdm4SgzEqKeE,0.5543229166666667,yes it does in this case,6,24,1,6,0.1598726800748097,-0.024240099520356797,0,0,1.0,0.0,0,0.0
EqiikgYjTFRyueZsm,5_T,False,1.0,2.0,1866,3732,0,2.4,True,False,10,40,its better to share the max 20,1677264286401,R4AkYB9Por6TXMqNn,0.5543229166666667,it's better to share the max 20,7,30,1,7,0.369634707123319,0.17170070493586134,0,0,1.0,0.0,0,0.0
EqiikgYjTFRyueZsm,5_T,False,1.0,2.0,1866,3732,0,2.4,True,False,10,40,moose isnt,1677264295517,5dQrXBdm4SgzEqKeE,0.5543229166666667,moose isn't,2,10,1,2,-0.6791754281192274,-0.8080033173452293,0,0,1.0,0.0,0,0.0
EqiikgYjTFRyueZsm,5_T,False,1.0,2.0,1866,3732,0,2.4,True,False,10,40,monkey we cant trust that,1677264292616,K2ueQPs64B5uZtkb2,0.5543229166666667,monkey we can't trust that,5,25,1,5,-0.049889346973699546,-0.22018090397657494,0,0,1.0,0.2,0,0.0
EqiikgYjTFRyueZsm,5_T,False,1.0,2.0,1866,3732,0,2.4,True,False,10,40,monkey stop being entitled and selfish,1677264320889,R4AkYB9Por6TXMqNn,0.5543229166666667,"monkey, stop being entitled and selfish",6,38,1,6,0.1598726800748097,-0.024240099520356797,0,0,1.0,0.0,0,0.08333333333333333
EqiikgYjTFRyueZsm,5_T,False,1.0,2.0,1866,3732,0,2.4,True,False,10,40,what,1677264331301,5dQrXBdm4SgzEqKeE,0.5543229166666667,what?,1,4,1,1,-0.8889374551677366,-1.0039441218014475,1,1,1.0,0.0,0,0.0
EqiikgYjTFRyueZsm,5_T,False,1.0,2.0,1866,3732,0,2.4,True,False,10,40,tell that to moose,1677264333274,5dQrXBdm4SgzEqKeE,0.5543229166666667,tell that to moose,4,18,1,4,-0.2596513740222088,-0.41612170843279306,0,0,1.0,0.0,0,0.0
EqiikgYjTFRyueZsm,5_T,False,1.0,2.0,1866,3732,0,2.4,True,False,10,40,are u kidding me,1677264334966,5dQrXBdm4SgzEqKeE,0.5543229166666667,are u kidding me,4,16,1,3,-0.46941340107071805,-0.6120625128890113,0,0,1.0,0.25,0,0.0
EqiikgYjTFRyueZsm,5_T,False,1.0,2.0,1866,3732,0,2.4,True,False,10,40,u probably have more points than me,1677264347812,5dQrXBdm4SgzEqKeE,0.5543229166666667,u probably have more points than me,7,35,1,6,0.1598726800748097,-0.024240099520356797,0,0,1.0,0.14285714285714285,1,0.16666666666666666
EqiikgYjTFRyueZsm,5_T,False,1.0,2.0,1866,3732,0,2.4,True,False,10,40,monkey is now the troll kingqueen,1677264364209,R4AkYB9Por6TXMqNn,0.5543229166666667,monkey is now the troll king/queen,6,33,1,6,0.1598726800748097,-0.024240099520356797,0,0,1.0,0.0,0,0.0
EqiikgYjTFRyueZsm,5_T,False,1.0,2.0,1866,3732,0,2.4,True,False,10,40,i think he is being rightious,1677264365138,EmY6Asi7ngDtC9mPS,0.5543229166666667,i think he is being rightious,6,29,1,5,-0.049889346973699546,-0.22018090397657494,0,0,1.0,0.16666666666666666,1,0.0
EqiikgYjTFRyueZsm,5_T,False,1.0,2.0,1866,3732,0,2.4,True,False,10,40,how when moose has shared almost nothing,1677264382973,5dQrXBdm4SgzEqKeE,0.5543229166666667,how when moose has shared almost nothing?,7,40,1,7,0.369634707123319,0.17170070493586134,1,0,1.0,0.0,0,0.0
EqiikgYjTFRyueZsm,5_T,False,1.0,2.0,1866,3732,0,2.4,True,False,10,40,i was sharing 20 for at least 10 rounds,1677264393464,5dQrXBdm4SgzEqKeE,0.5543229166666667,i was sharing 20 for at least 10 rounds,9,39,1,8,0.5793967341718282,0.36764150939207946,0,0,1.0,0.1111111111111111,0,0.0
EqiikgYjTFRyueZsm,5_T,False,1.0,2.0,1866,3732,0,2.4,True,False,10,40,so why stop sharing monkey,1677264410817,R4AkYB9Por6TXMqNn,0.5543229166666667,so why stop sharing monkey?,5,26,1,5,-0.049889346973699546,-0.22018090397657494,1,0,1.0,0.0,0,0.14285714285714285
EqiikgYjTFRyueZsm,5_T,False,1.0,2.0,1866,3732,0,2.4,True,False,10,40,monkey is making moose lose money,1677264412136,EmY6Asi7ngDtC9mPS,0.5543229166666667,monkey is making moose lose money,6,33,1,6,0.1598726800748097,-0.024240099520356797,0,0,1.0,0.0,0,0.08333333333333333
EqiikgYjTFRyueZsm,5_T,False,1.0,2.0,1866,3732,0,2.4,True,False,10,40,,1677264427779,5dQrXBdm4SgzEqKeE,0.5543229166666667,^,0,0,1,0,-1.098699482216246,-1.1998849262576656,0,0,0.0,0.0,0,0.0
EqiikgYjTFRyueZsm,5_T,False,1.0,2.0,1866,3732,0,2.4,True,False,10,40,monkey is mooching theres no proof monkey is doing anything positive,1677264459985,R4AkYB9Por6TXMqNn,0.5543229166666667,"monkey is mooching, there's no proof monkey is doing anything positive",11,68,1,11,1.208682815317356,0.9554639227607339,0,0,0.8181818181818182,0.0,0,0.0
EqiikgYjTFRyueZsm,5_T,False,1.0,2.0,1866,3732,0,2.4,True,False,10,40,u dont have to believe me fine,1677264477331,5dQrXBdm4SgzEqKeE,0.5543229166666667,u don't have to believe me. fine,7,30,1,6,0.1598726800748097,-0.024240099520356797,0,0,1.0,0.14285714285714285,0,0.0
EqiikgYjTFRyueZsm,5_T,False,1.0,2.0,1866,3732,0,2.4,True,False,10,40,monkey your strategy makes no sense you lie about your motives,1677264532776,R4AkYB9Por6TXMqNn,0.5543229166666667,"monkey, your strategy makes no sense, you lie about your motives",11,62,1,11,1.208682815317356,0.9554639227607339,0,0,0.9090909090909091,0.0,0,0.0
EqiikgYjTFRyueZsm,5_T,False,1.0,2.0,1866,3732,0,2.4,True,False,10,40,yo go  cry to moose,1677264553176,5dQrXBdm4SgzEqKeE,0.5543229166666667,"yo, go  cry to moose",5,19,1,5,-0.049889346973699546,-0.22018090397657494,0,0,1.0,0.0,0,0.0
EqiikgYjTFRyueZsm,5_T,False,1.0,2.0,1866,3732,0,2.4,True,False,10,40,not me,1677264554020,5dQrXBdm4SgzEqKeE,0.5543229166666667,not me,2,6,1,1,-0.8889374551677366,-1.0039441218014475,0,0,1.0,0.5,0,0.0
EqiikgYjTFRyueZsm,5_T,False,1.0,2.0,1866,3732,0,2.4,True,False,10,40,yea not showing deductions now,1677264552149,2MSF5GmiTNsx9PJrj,0.5543229166666667,yea not showing deductions now,5,30,1,5,-0.049889346973699546,-0.22018090397657494,0,0,1.0,0.0,1,0.0
EqiikgYjTFRyueZsm,5_T,False,1.0,2.0,1866,3732,0,2.4,True,False,10,40,how long is this game,1677264784309,osqCMML5j65dCpoQF,0.5543229166666667,how long is this game,5,21,1,5,-0.049889346973699546,-0.22018090397657494,0,0,1.0,0.0,0,0.0
EqiikgYjTFRyueZsm,5_T,False,1.0,2.0,1866,3732,0,2.4,True,False,10,40,40 rounds i think,1677264801921,EmY6Asi7ngDtC9mPS,0.5543229166666667,40 rounds i think,4,17,1,3,-0.46941340107071805,-0.6120625128890113,0,0,1.0,0.25,0,0.0
EqiikgYjTFRyueZsm,5_T,False,1.0,2.0,1866,3732,0,2.4,True,False,10,40,35,1677264812765,2MSF5GmiTNsx9PJrj,0.5543229166666667,35,1,2,1,1,-0.8889374551677366,-1.0039441218014475,0,0,1.0,0.0,0,0.0
EqiikgYjTFRyueZsm,5_T,False,1.0,2.0,1866,3732,0,2.4,True,False,10,40,this could have been really great ,1677265045648,EmY6Asi7ngDtC9mPS,0.5543229166666667,this could have been really great :(,6,34,1,6,0.1598726800748097,-0.024240099520356797,0,0,1.0,0.0,0,0.0
EqiikgYjTFRyueZsm,5_T,False,1.0,2.0,1866,3732,0,2.4,True,False,10,40,i just dropped a 200 deduct on moose,1677265066683,5dQrXBdm4SgzEqKeE,0.5543229166666667,i just dropped a 200 deduct on moose,8,36,1,7,0.369634707123319,0.17170070493586134,0,0,1.0,0.125,0,0.0
EqiikgYjTFRyueZsm,5_T,False,1.0,2.0,1866,3732,0,2.4,True,False,10,40,and i am finishing this with less than 600 points,1677265073213,5dQrXBdm4SgzEqKeE,0.5543229166666667,and i am finishing this with less than 600 points,10,49,1,9,0.7891587612203375,0.5635823138482976,0,0,1.0,0.1,1,0.0
EqiikgYjTFRyueZsm,5_T,False,1.0,2.0,1866,3732,0,2.4,True,False,10,40,can anyone else see the payoff received by all players from the pool because i am not seeing this info at all its been broken every round ive played,1677265251399,R4AkYB9Por6TXMqNn,0.5543229166666667,"can anyone else see the ""payoff received by all players from the pool"" because i am not seeing this info at all, it's been broken every round i've played",29,148,1,28,4.774637275142013,4.286457598516442,0,0,0.9310344827586207,0.034482758620689655,3,0.0
EqiikgYjTFRyueZsm,5_T,False,1.0,2.0,1866,3732,0,2.4,True,False,10,40,i see it,1677265301838,2MSF5GmiTNsx9PJrj,0.5543229166666667,i see it,3,8,1,2,-0.6791754281192274,-0.8080033173452293,0,0,1.0,0.3333333333333333,1,0.16666666666666666
EqiikgYjTFRyueZsm,5_T,False,1.0,2.0,1866,3732,0,2.4,True,False,10,40,i can see it,1677265308603,q5xd5NiPvP23fr97d,0.5543229166666667,i can see it,4,12,1,3,-0.46941340107071805,-0.6120625128890113,0,0,1.0,0.25,2,0.16666666666666666
AsksqjZ3o5evkoYXu,2_T,True,1.0,1.0,256,245,11,3.2,True,True,8,5,nan,0,NULL_SPEAKER,0.4828125,nan,1,3,1,1,-0.8889374551677366,,0,0,1.0,0.0,0,0.0
